league,season,team_id,player_id,player_name,position,age,value_m,prev_value_m,growth,club
Eredivisie,22/23,610,480453,Jay Gorter,Goalkeeper,23,1.0,1.5,-0.5,Ajax
Eredivisie,22/23,610,25520,Remko Pasveer,Goalkeeper,39,0.25,0.25,0.0,Ajax
Eredivisie,22/23,610,4311,Maarten Stekelenburg,Goalkeeper,40,0.075,0.2,-0.125,Ajax
Eredivisie,22/23,610,418543,Perr Schuurs,Centre-Back,23,25.0,7.0,18.0,Ajax
Eredivisie,22/23,610,12282,Daley Blind,Centre-Back,33,3.0,9.0,-6.0,Ajax
Eredivisie,22/23,610,66736,Lisandro Magallán,Centre-Back,29,1.8,2.5,-0.7,Ajax
Eredivisie,22/23,610,559327,Youri Baas,Centre-Back,20,0.9,0.45,0.45,Ajax
Eredivisie,22/23,610,339328,Owen Wijndal,Left-Back,23,8.0,12.0,-4.0,Ajax
Eredivisie,22/23,610,420243,Jurriën Timber,Right-Back,22,42.0,35.0,7.0,Ajax
Eredivisie,22/23,610,557407,Devyne Rensch,Right-Back,20,8.0,8.0,0.0,Ajax
Eredivisie,22/23,610,268113,Sean Klaiber,Right-Back,28,2.5,2.8,-0.2999999999999998,Ajax
Eredivisie,22/23,610,401356,Edson Álvarez,Defensive Midfield,25,35.0,22.0,13.0,Ajax
Eredivisie,22/23,610,559324,Youri Regeer,Defensive Midfield,19,1.3,2.4,-1.0999999999999999,Ajax
Eredivisie,22/23,610,508636,Donny Warmerdam,Defensive Midfield,21,0.25,0.25,0.0,Ajax
Eredivisie,22/23,610,470394,Kenneth Taylor,Central Midfield,21,12.0,4.5,7.5,Ajax
Eredivisie,22/23,610,182932,Davy Klaassen,Central Midfield,30,10.0,14.0,-4.0,Ajax
Eredivisie,22/23,610,559333,Kian Fitz-Jim,Central Midfield,19,1.3,0.8,0.5,Ajax
Eredivisie,22/23,610,36139,Dusan Tadic,Attacking Midfield,34,6.0,12.0,-6.0,Ajax
Eredivisie,22/23,610,400548,Victor Jensen,Attacking Midfield,23,1.0,0.8,0.19999999999999996,Ajax
Eredivisie,22/23,610,694186,Kristian Hlynsson,Attacking Midfield,19,0.75,0.45,0.3,Ajax
Eredivisie,22/23,610,574385,Mohamed Daramy,Left Winger,21,6.0,6.0,0.0,Ajax
Eredivisie,22/23,610,508639,Naci Ünüvar,Left Winger,20,2.5,3.5,-1.0,Ajax
Eredivisie,22/23,610,602105,Antony,Right Winger,23,60.0,35.0,25.0,Ajax
Eredivisie,22/23,610,543499,Mohammed Kudus,Right Winger,22,40.0,10.0,30.0,Ajax
Eredivisie,22/23,610,129554,Steven Berghuis,Right Winger,31,12.0,14.0,-2.0,Ajax
Eredivisie,22/23,610,610429,Christian Rasmussen,Right Winger,20,0.8,0.65,0.15000000000000002,Ajax
Eredivisie,22/23,610,473169,Brian Brobbey,Centre-Forward,21,12.0,9.0,3.0,Ajax
Eredivisie,22/23,383,333640,Joël Drommel,Goalkeeper,26,2.5,3.5,-1.0,PSV
Eredivisie,22/23,383,654919,Kjell Peersman,Goalkeeper,19,0.4,0.2,0.2,PSV
Eredivisie,22/23,383,318508,Olivier Boscagli,Centre-Back,25,7.0,8.0,-1.0,PSV
Eredivisie,22/23,383,339337,Armando Obispo,Centre-Back,24,4.5,3.0,1.5,PSV
Eredivisie,22/23,383,175792,André Ramalho,Centre-Back,31,3.0,3.5,-0.5,PSV
Eredivisie,22/23,383,617755,Jenson Seelt,Centre-Back,20,0.6,0.4,0.19999999999999996,PSV
Eredivisie,22/23,383,660746,Fedde Leysen,Centre-Back,19,0.475,0.25,0.22499999999999998,PSV
Eredivisie,22/23,383,738481,Emmanuel van de Blaak,Centre-Back,18,0.4,0.4,0.0,PSV
Eredivisie,22/23,383,323910,Mauro Júnior,Left-Back,24,5.0,6.0,-1.0,PSV
Eredivisie,22/23,383,111275,Philipp Max,Left-Back,29,3.0,8.0,-5.0,PSV
Eredivisie,22/23,383,127573,Phillipp Mwene,Left-Back,29,3.0,3.0,0.0,PSV
Eredivisie,22/23,383,539665,Fredrik Oppegård,Left-Back,20,0.65,0.4,0.25,PSV
Eredivisie,22/23,383,364245,Jordan Teze,Right-Back,23,6.0,8.0,-2.0,PSV
Eredivisie,22/23,383,575367,Richard Ledezma,Right-Back,22,0.85,0.85,0.0,PSV
Eredivisie,22/23,383,626764,Livano Comenencia,Right-Back,19,0.5,0.35,0.15000000000000002,PSV
Eredivisie,22/23,383,375885,Ibrahim Sangaré,Defensive Midfield,25,35.0,24.0,11.0,PSV
Eredivisie,22/23,383,408574,Joey Veerman,Central Midfield,24,16.0,14.0,2.0,PSV
Eredivisie,22/23,383,298796,Érick Gutiérrez,Central Midfield,28,6.0,7.0,-1.0,PSV
Eredivisie,22/23,383,147034,Marco van Ginkel,Central Midfield,30,1.3,1.75,-0.44999999999999996,PSV
Eredivisie,22/23,383,608889,Mathijs Tielemans,Central Midfield,21,0.5,0.25,0.25,PSV
Eredivisie,22/23,383,372267,Guus Til,Attacking Midfield,25,6.0,7.5,-1.5,PSV
Eredivisie,22/23,383,702869,Ismael Saibari,Attacking Midfield,22,2.3,0.45,1.8499999999999999,PSV
Eredivisie,22/23,383,640565,Mohamed Nassoh,Attacking Midfield,20,0.6,0.15,0.44999999999999996,PSV
Eredivisie,22/23,383,434675,Cody Gakpo,Left Winger,24,55.0,30.0,25.0,PSV
Eredivisie,22/23,383,503987,Noni Madueke,Right Winger,21,30.0,18.0,12.0,PSV
Eredivisie,22/23,383,565424,Johan Bakayoko,Right Winger,20,10.0,3.0,7.0,PSV
Eredivisie,22/23,383,525287,Carlos Vinícius,Centre-Forward,28,6.0,8.0,-2.0,PSV
Eredivisie,22/23,383,409517,Yorbe Vertessen,Centre-Forward,22,3.8,4.5,-0.7000000000000002,PSV
Eredivisie,22/23,383,594039,Fodé Fofana,Centre-Forward,20,0.35,0.35,0.0,PSV
Eredivisie,22/23,234,315121,Justin Bijlow,Goalkeeper,25,15.0,13.0,2.0,Feyenoord
Eredivisie,22/23,234,196829,Timon Wellenreuther,Goalkeeper,27,2.0,0.8,1.2,Feyenoord
Eredivisie,22/23,234,514287,Thijs Jansen,Goalkeeper,21,0.45,0.05,0.4,Feyenoord
Eredivisie,22/23,234,112008,Ofir Marciano,Goalkeeper,33,0.4,0.5,-0.09999999999999998,Feyenoord
Eredivisie,22/23,234,554530,Tein Troost,Goalkeeper,21,0.1,0.1,0.0,Feyenoord
Eredivisie,22/23,234,600677,Jaimy Kroesen,Goalkeeper,20,0.05,0.05,0.0,Feyenoord
Eredivisie,22/23,234,420210,Lutsharel Geertruida,Centre-Back,22,25.0,12.0,13.0,Feyenoord
Eredivisie,22/23,234,59145,Gernot Trauner,Centre-Back,31,5.0,5.0,0.0,Feyenoord
Eredivisie,22/23,234,283233,Jacob Rasmussen,Centre-Back,26,3.0,3.0,0.0,Feyenoord
Eredivisie,22/23,234,503640,Neraysho Kasanwirjo,Centre-Back,21,2.5,2.5,0.0,Feyenoord
Eredivisie,22/23,234,415381,Mats Wieffer,Right-Back,23,15.0,0.4,14.6,Feyenoord
Eredivisie,22/23,234,583404,Marcus Pedersen,Right-Back,22,7.0,4.5,2.5,Feyenoord
Eredivisie,22/23,234,591880,Mimeirhel Benita,Right-Back,19,0.7,0.1,0.6,Feyenoord
Eredivisie,22/23,234,454567,Orkun Kökçü,Central Midfield,22,35.0,22.0,13.0,Feyenoord
Eredivisie,22/23,234,223367,Fredrik Aursnes,Central Midfield,27,20.0,12.0,8.0,Feyenoord
Eredivisie,22/23,234,420213,Quinten Timber,Central Midfield,22,8.0,4.0,4.0,Feyenoord
Eredivisie,22/23,234,205004,Jorrit Hendrix,Central Midfield,28,1.2,1.8,-0.6000000000000001,Feyenoord
Eredivisie,22/23,234,605144,Cole Bassett,Attacking Midfield,21,2.0,4.0,-2.0,Feyenoord
Eredivisie,22/23,234,683620,Antoni Milambo,Attacking Midfield,18,1.0,1.0,0.0,Feyenoord
Eredivisie,22/23,234,134999,Jens Toornstra,Attacking Midfield,34,0.75,1.2,-0.44999999999999996,Feyenoord
Eredivisie,22/23,234,485591,Mohamed Taabouni,Left Winger,21,0.7,0.85,-0.15000000000000002,Feyenoord
Eredivisie,22/23,234,213268,Alireza Jahanbakhsh,Right Winger,29,4.0,3.5,0.5,Feyenoord
Eredivisie,22/23,234,721470,Patrik Wålemark,Right Winger,21,4.0,3.5,0.5,Feyenoord
Eredivisie,22/23,234,519731,Danilo,Centre-Forward,24,6.5,4.0,2.5,Feyenoord
Eredivisie,22/23,1090,395421,Peter Vindahl,Goalkeeper,25,0.65,0.9,-0.25,AZ
Eredivisie,22/23,1090,116471,Hobie Verhulst,Goalkeeper,30,0.6,0.425,0.175,AZ
Eredivisie,22/23,1090,595935,Sem Westerveld,Goalkeeper,20,0.5,0.25,0.25,AZ
Eredivisie,22/23,1090,635371,Daniël Deen,Goalkeeper,20,0.075,0.025,0.049999999999999996,AZ
Eredivisie,22/23,1090,433984,Sam Beukema,Centre-Back,24,4.5,1.0,3.5,AZ
Eredivisie,22/23,1090,144244,Pantelis Hatzidiakos,Centre-Back,26,4.0,2.5,1.5,AZ
Eredivisie,22/23,1090,216443,Riechedly Bazoer,Centre-Back,26,2.8,5.0,-2.2,AZ
Eredivisie,22/23,1090,112052,Bruno Martins Indi,Centre-Back,31,2.0,2.2,-0.20000000000000018,AZ
Eredivisie,22/23,1090,646707,Wouter Goes,Centre-Back,19,2.0,0.1,1.9,AZ
Eredivisie,22/23,1090,646704,Maxim Dekker,Centre-Back,19,1.5,0.4,1.1,AZ
Eredivisie,22/23,1090,801031,Lewis Schouten,Centre-Back,19,0.3,0.15,0.15,AZ
Eredivisie,22/23,1090,730861,Milos Kerkez,Left-Back,19,15.0,0.7,14.3,AZ
Eredivisie,22/23,1090,315254,Mees de Wit,Left-Back,25,1.5,1.5,0.0,AZ
Eredivisie,22/23,1090,405385,Yukinari Sugawara,Right-Back,23,6.5,3.0,3.5,AZ
Eredivisie,22/23,1090,313944,Aslak Witry,Right-Back,27,1.4,1.2,0.19999999999999996,AZ
Eredivisie,22/23,1090,361078,Robin Lathouwers,Right-Back,23,0.15,0.15,0.0,AZ
Eredivisie,22/23,1090,104223,Jordy Clasie,Defensive Midfield,32,3.0,2.5,0.5,AZ
Eredivisie,22/23,1090,361074,Peer Koopmeiners,Defensive Midfield,23,0.7,0.6,0.09999999999999998,AZ
Eredivisie,22/23,1090,460939,Tijjani Reijnders,Central Midfield,24,14.0,1.5,12.5,AZ
Eredivisie,22/23,1090,136180,Fredrik Midtsjø,Central Midfield,29,5.0,6.0,-1.0,AZ
Eredivisie,22/23,1090,340459,Dani de Wit,Central Midfield,25,4.0,3.5,0.5,AZ
Eredivisie,22/23,1090,394688,Håkon Evjen,Central Midfield,23,1.8,1.8,0.0,AZ
Eredivisie,22/23,1090,595940,Zico Buurmeester,Central Midfield,21,0.55,0.55,0.0,AZ
Eredivisie,22/23,1090,345590,Jens Odgaard,Attacking Midfield,24,6.0,2.0,4.0,AZ
Eredivisie,22/23,1090,578804,Sven Mijnans,Attacking Midfield,23,4.0,0.85,3.15,AZ
Eredivisie,22/23,1090,559335,Fedde de Jong,Attacking Midfield,20,0.65,0.65,0.0,AZ
Eredivisie,22/23,1090,367992,Jesper Karlsson,Left Winger,24,18.0,14.0,4.0,AZ
Eredivisie,22/23,1090,650712,Myron van Brederode,Left Winger,19,3.0,0.2,2.8,AZ
Eredivisie,22/23,1090,515396,Iman Griffith,Right Winger,21,0.5,0.5,0.0,AZ
Eredivisie,22/23,1090,324503,Vangelis Pavlidis,Centre-Forward,24,14.0,6.0,8.0,AZ
Eredivisie,22/23,1090,678546,Mexx Meerdink,Centre-Forward,19,1.5,0.15,1.35,AZ
Eredivisie,22/23,1090,566271,Yusuf Barası,Centre-Forward,20,0.6,0.5,0.09999999999999998,AZ
Eredivisie,22/23,1090,339327,Jelle Duin,Centre-Forward,24,0.35,0.2,0.14999999999999997,AZ
Eredivisie,22/23,317,53696,Lars Unnerstall,Goalkeeper,32,3.2,2.0,1.2000000000000002,Twente
Eredivisie,22/23,317,33210,Przemyslaw Tyton,Goalkeeper,36,0.15,0.3,-0.15,Twente
Eredivisie,22/23,317,430475,Issam El Maach,Goalkeeper,23,0.075,0.075,0.0,Twente
Eredivisie,22/23,317,562702,Mees Hilgers,Centre-Back,22,4.5,2.5,2.0,Twente
Eredivisie,22/23,317,202788,Robin Pröpper,Centre-Back,29,2.5,1.3,1.2,Twente
Eredivisie,22/23,317,251885,Julio Pleguezuelo,Centre-Back,26,1.5,1.3,0.19999999999999996,Twente
Eredivisie,22/23,317,618086,Max Bruns,Centre-Back,20,0.3,0.075,0.22499999999999998,Twente
Eredivisie,22/23,317,374212,Gijs Smal,Left-Back,25,6.0,1.4,4.6,Twente
Eredivisie,22/23,317,485584,Anass Salah-Eddine,Left-Back,21,0.8,0.3,0.5,Twente
Eredivisie,22/23,317,207006,Joshua Brenet,Right-Back,29,4.0,1.3,2.7,Twente
Eredivisie,22/23,317,588744,Luca Everink,Right-Back,22,0.15,0.15,0.0,Twente
Eredivisie,22/23,317,416660,Ramiz Zerrouki,Defensive Midfield,25,8.0,3.5,4.5,Twente
Eredivisie,22/23,317,528652,Mathias Kjølø,Defensive Midfield,22,1.2,0.65,0.5499999999999999,Twente
Eredivisie,22/23,317,596158,Casper Staring,Defensive Midfield,22,0.275,0.1,0.17500000000000002,Twente
Eredivisie,22/23,317,30003,Wout Brama,Defensive Midfield,36,0.1,0.2,-0.1,Twente
Eredivisie,22/23,317,321204,Michal Sadílek,Central Midfield,24,4.0,4.0,0.0,Twente
Eredivisie,22/23,317,342702,Michel Vlap,Attacking Midfield,26,2.0,2.0,0.0,Twente
Eredivisie,22/23,317,593519,Sem Steijn,Attacking Midfield,21,1.0,0.925,0.07499999999999996,Twente
Eredivisie,22/23,317,524033,Thijs van Leeuwen,Attacking Midfield,21,0.2,0.3,-0.09999999999999998,Twente
Eredivisie,22/23,317,214346,Virgil Misidjan,Left Winger,29,3.0,0.8,2.2,Twente
Eredivisie,22/23,317,242063,Vaclav Cerny,Right Winger,25,8.0,1.0,7.0,Twente
Eredivisie,22/23,317,591363,Daan Rots,Right Winger,21,0.7,0.8,-0.10000000000000009,Twente
Eredivisie,22/23,317,582131,Denilho Cleonise,Right Winger,21,0.35,0.4,-0.050000000000000044,Twente
Eredivisie,22/23,317,645173,Manfred Ugalde,Centre-Forward,21,3.0,1.1,1.9,Twente
Eredivisie,22/23,317,41355,Ricky van Wolfswinkel,Centre-Forward,34,0.65,0.8,-0.15000000000000002,Twente
Eredivisie,22/23,200,462285,Fabian de Keijzer,Goalkeeper,23,0.7,0.9,-0.20000000000000007,Utrecht
Eredivisie,22/23,200,315235,Thijmen Nijhuis,Goalkeeper,24,0.2,0.2,0.0,Utrecht
Eredivisie,22/23,200,485588,Calvin Raatsie,Goalkeeper,21,0.2,0.2,0.0,Utrecht
Eredivisie,22/23,200,607133,Kevin Gadellaa,Goalkeeper,20,0.025,0.025,0.0,Utrecht
Eredivisie,22/23,200,187105,Mike van der Hoorn,Centre-Back,30,1.5,1.6,-0.10000000000000009,Utrecht
Eredivisie,22/23,200,436064,Ramon Hendriks,Centre-Back,21,0.75,0.8,-0.050000000000000044,Utrecht
Eredivisie,22/23,200,458734,Tommy St. Jago,Centre-Back,23,0.7,1.0,-0.30000000000000004,Utrecht
Eredivisie,22/23,200,93081,Nick Viergever,Centre-Back,33,0.65,0.8,-0.15000000000000002,Utrecht
Eredivisie,22/23,200,578421,Ruben Kluivert,Centre-Back,22,0.5,0.2,0.3,Utrecht
Eredivisie,22/23,200,477249,Christopher Mamengi,Centre-Back,22,0.425,0.425,0.0,Utrecht
Eredivisie,22/23,200,596178,Rick Meissen,Centre-Back,21,0.35,0.3,0.04999999999999999,Utrecht
Eredivisie,22/23,200,288449,Django Warmerdam,Left-Back,27,0.9,1.2,-0.29999999999999993,Utrecht
Eredivisie,22/23,200,268113,Sean Klaiber,Right-Back,28,2.5,2.8,-0.2999999999999998,Utrecht
Eredivisie,22/23,200,258519,Hidde ter Avest,Right-Back,26,1.3,2.0,-0.7,Utrecht
Eredivisie,22/23,200,128042,Mark van der Maarel,Right-Back,33,0.4,0.4,0.0,Utrecht
Eredivisie,22/23,200,369552,Luuk Brouwers,Central Midfield,25,1.2,1.0,0.19999999999999996,Utrecht
Eredivisie,22/23,200,596148,Djevencio van der Kust,Central Midfield,22,0.85,0.65,0.19999999999999996,Utrecht
Eredivisie,22/23,200,540659,Albert Lottin,Central Midfield,21,0.3,0.4,-0.10000000000000003,Utrecht
Eredivisie,22/23,200,488296,Rocco Shein,Central Midfield,19,0.275,0.25,0.025000000000000022,Utrecht
Eredivisie,22/23,200,536477,Arthur Zagré,Left Midfield,21,0.7,1.0,-0.30000000000000004,Utrecht
Eredivisie,22/23,200,123349,Zakaria Labyad,Attacking Midfield,30,1.6,3.0,-1.4,Utrecht
Eredivisie,22/23,200,190222,Sander van de Streek,Attacking Midfield,30,1.6,1.4,0.20000000000000018,Utrecht
Eredivisie,22/23,200,400548,Victor Jensen,Attacking Midfield,23,1.0,0.8,0.19999999999999996,Utrecht
Eredivisie,22/23,200,134999,Jens Toornstra,Attacking Midfield,34,0.75,1.2,-0.44999999999999996,Utrecht
Eredivisie,22/23,200,326701,Bart Ramselaar,Left Winger,27,3.3,3.8,-0.5,Utrecht
Eredivisie,22/23,200,481117,Othmane Boussaid,Left Winger,23,2.2,1.1,1.1,Utrecht
Eredivisie,22/23,200,216815,Mimoun Mahi,Left Winger,29,0.7,1.4,-0.7,Utrecht
Eredivisie,22/23,200,246197,Naoki Maeda,Right Winger,28,0.7,0.9,-0.20000000000000007,Utrecht
Eredivisie,22/23,200,608407,Derensili Sanches Fernandes,Right Winger,22,0.275,0.15,0.12500000000000003,Utrecht
Eredivisie,22/23,200,523318,Anastasios Douvikas,Centre-Forward,23,9.0,2.0,7.0,Utrecht
Eredivisie,22/23,200,460655,Moussa Sylla,Centre-Forward,23,1.2,1.5,-0.30000000000000004,Utrecht
Eredivisie,22/23,200,361081,Daishawn Redan,Centre-Forward,22,1.0,1.0,0.0,Utrecht
Eredivisie,22/23,306,276853,Andries Noppert,Goalkeeper,29,4.5,0.45,4.05,Heerenveen
Eredivisie,22/23,306,288426,Xavier Mous,Goalkeeper,27,0.45,0.45,0.0,Heerenveen
Eredivisie,22/23,306,312473,Jan Bekkema,Goalkeeper,27,0.05,0.05,0.0,Heerenveen
Eredivisie,22/23,306,248395,Pawel Bochniewicz,Centre-Back,27,3.0,2.2,0.7999999999999998,Heerenveen
Eredivisie,22/23,306,256718,Sven van Beek,Centre-Back,28,1.0,0.8,0.19999999999999996,Heerenveen
Eredivisie,22/23,306,485586,Syb van Ottele,Centre-Back,21,0.75,0.25,0.5,Heerenveen
Eredivisie,22/23,306,261546,Joost van Aken,Centre-Back,29,0.7,0.65,0.04999999999999993,Heerenveen
Eredivisie,22/23,306,288067,Mats Köhlert,Left-Back,25,1.5,0.65,0.85,Heerenveen
Eredivisie,22/23,306,274373,Rami Kaib,Left-Back,26,0.6,0.7,-0.09999999999999998,Heerenveen
Eredivisie,22/23,306,587335,Milan van Ewijk,Right-Back,22,7.0,2.5,4.5,Heerenveen
Eredivisie,22/23,306,178219,Thom Haye,Defensive Midfield,28,2.5,1.3,1.2,Heerenveen
Eredivisie,22/23,306,646670,Timo Zaal,Defensive Midfield,19,0.25,0.1,0.15,Heerenveen
Eredivisie,22/23,306,308265,Anas Tahiri,Central Midfield,28,1.2,0.7,0.5,Heerenveen
Eredivisie,22/23,306,324957,Tibor Halilovic,Central Midfield,28,0.8,1.5,-0.7,Heerenveen
Eredivisie,22/23,306,590775,Djenahro Nunumete,Central Midfield,21,0.05,0.05,0.0,Heerenveen
Eredivisie,22/23,306,593415,Rami Al Hajj,Attacking Midfield,21,0.5,0.3,0.2,Heerenveen
Eredivisie,22/23,306,326030,Ché Nunnely,Right Winger,24,0.7,0.85,-0.15000000000000002,Heerenveen
Eredivisie,22/23,306,748382,Amin Sarr,Centre-Forward,22,8.0,2.0,6.0,Heerenveen
Eredivisie,22/23,306,439292,Sydney van Hooijdonk,Centre-Forward,23,6.0,1.3,4.7,Heerenveen
Eredivisie,22/23,202,288259,Michael Verrips,Goalkeeper,26,0.6,0.8,-0.20000000000000007,Groningen
Eredivisie,22/23,202,166326,Peter Leeuwenburgh,Goalkeeper,29,0.4,0.5,-0.09999999999999998,Groningen
Eredivisie,22/23,202,409346,Jan Hoekstra,Goalkeeper,24,0.35,0.35,0.0,Groningen
Eredivisie,22/23,202,426142,Jan de Boer,Goalkeeper,23,0.075,0.025,0.049999999999999996,Groningen
Eredivisie,22/23,202,503640,Neraysho Kasanwirjo,Centre-Back,21,2.5,2.5,0.0,Groningen
Eredivisie,22/23,202,458405,Radinio Balker,Centre-Back,24,1.0,0.45,0.55,Groningen
Eredivisie,22/23,202,250450,Wessel Dammers,Centre-Back,28,0.6,0.6,0.0,Groningen
Eredivisie,22/23,202,412933,Liam van Gelderen,Centre-Back,22,0.6,0.65,-0.050000000000000044,Groningen
Eredivisie,22/23,202,155806,Mike te Wierik,Centre-Back,31,0.4,0.65,-0.25,Groningen
Eredivisie,22/23,202,282169,Marin Šverko,Centre-Back,25,0.4,0.55,-0.15000000000000002,Groningen
Eredivisie,22/23,202,420215,Nordin Musampa,Centre-Back,21,0.4,0.5,-0.09999999999999998,Groningen
Eredivisie,22/23,202,593410,Yahya Kalley,Left-Back,22,0.3,0.25,0.04999999999999999,Groningen
Eredivisie,22/23,202,295624,Damil Dankerlui,Right-Back,26,0.4,0.7,-0.29999999999999993,Groningen
Eredivisie,22/23,202,258513,Laros Duarte,Defensive Midfield,26,0.8,1.5,-0.7,Groningen
Eredivisie,22/23,202,486052,Emmanuel Matuta,Defensive Midfield,21,0.25,0.35,-0.09999999999999998,Groningen
Eredivisie,22/23,202,540333,Tomas Suslov,Attacking Midfield,21,2.0,3.0,-1.0,Groningen
Eredivisie,22/23,202,238084,Ramon Pascal Lundqvist,Attacking Midfield,26,0.7,0.7,0.0,Groningen
Eredivisie,22/23,202,369653,Daleho Irandust,Attacking Midfield,25,0.7,1.2,-0.5,Groningen
Eredivisie,22/23,202,601495,Luciano Valente,Attacking Midfield,19,0.5,0.075,0.425,Groningen
Eredivisie,22/23,202,410854,Ragnar Oratmangoen,Left Winger,25,0.45,0.55,-0.10000000000000003,Groningen
Eredivisie,22/23,202,317593,Patrick Joosten,Left Winger,27,0.4,0.8,-0.4,Groningen
Eredivisie,22/23,202,513332,Kian Slor,Left Winger,21,0.1,0.1,0.0,Groningen
Eredivisie,22/23,202,358032,Cyril Ngonge,Right Winger,23,2.0,1.0,1.0,Groningen
Eredivisie,22/23,202,429983,Jørgen Strand Larsen,Centre-Forward,23,11.0,6.0,5.0,Groningen
Eredivisie,22/23,202,579289,Paulos Abraham,Centre-Forward,20,0.7,1.2,-0.5,Groningen
Eredivisie,22/23,202,513330,Romano Postema,Centre-Forward,21,0.45,0.45,0.0,Groningen
Eredivisie,22/23,499,296741,Markus Schubert,Goalkeeper,25,0.4,0.6,-0.19999999999999996,Vitesse
Eredivisie,22/23,499,412946,Daan Reiziger,Goalkeeper,22,0.35,0.15,0.19999999999999998,Vitesse
Eredivisie,22/23,499,257980,Jeroen Houwen,Goalkeeper,27,0.25,0.5,-0.25,Vitesse
Eredivisie,22/23,499,353559,Dominik Oroz,Centre-Back,22,0.6,0.6,0.0,Vitesse
Eredivisie,22/23,499,181469,Tomas Hajek,Centre-Back,31,0.3,0.4,-0.10000000000000003,Vitesse
Eredivisie,22/23,499,196793,Maximilian Wittek,Left-Back,27,2.0,2.5,-0.5,Vitesse
Eredivisie,22/23,499,536521,Romaric Yapi,Right-Back,22,0.3,0.2,0.09999999999999998,Vitesse
Eredivisie,22/23,499,607164,Enzo Cornelisse,Defensive Midfield,21,0.55,0.4,0.15000000000000002,Vitesse
Eredivisie,22/23,499,204047,Matus Bero,Central Midfield,27,2.3,2.5,-0.20000000000000018,Vitesse
Eredivisie,22/23,499,426280,Melle Meulensteen,Central Midfield,23,2.0,0.8,1.2,Vitesse
Eredivisie,22/23,499,210348,Sondre Tronstad,Central Midfield,27,1.6,2.0,-0.3999999999999999,Vitesse
Eredivisie,22/23,499,147034,Marco van Ginkel,Central Midfield,30,1.3,1.75,-0.44999999999999996,Vitesse
Eredivisie,22/23,499,344649,Toni Domgjoni,Central Midfield,24,0.8,1.5,-0.7,Vitesse
Eredivisie,22/23,499,564448,Daan Huisman,Central Midfield,20,0.5,0.5,0.0,Vitesse
Eredivisie,22/23,499,747243,Gyan de Regt,Left Winger,19,0.1,0.1,0.0,Vitesse
Eredivisie,22/23,499,564449,Million Manhoef,Right Winger,21,3.5,0.45,3.05,Vitesse
Eredivisie,22/23,499,400550,Nikolai Baden Frederiksen,Centre-Forward,23,1.5,3.5,-2.0,Vitesse
Eredivisie,22/23,499,357826,Thomas Buitink,Centre-Forward,23,0.65,1.3,-0.65,Vitesse
Eredivisie,22/23,468,215094,Nick Olij,Goalkeeper,27,3.0,0.8,2.2,Sparta Rotterdam
Eredivisie,22/23,468,119061,Tim Coremans,Goalkeeper,32,0.2,0.2,0.0,Sparta Rotterdam
Eredivisie,22/23,468,159143,Delano van Crooij,Goalkeeper,32,0.2,0.225,-0.024999999999999994,Sparta Rotterdam
Eredivisie,22/23,468,531712,Youri Schoonderwaldt,Goalkeeper,23,0.15,0.05,0.09999999999999999,Sparta Rotterdam
Eredivisie,22/23,468,530253,Ishan Kort,Goalkeeper,23,0.05,0.05,0.0,Sparta Rotterdam
Eredivisie,22/23,468,482141,Mike Eerdhuijzen,Centre-Back,22,0.9,0.325,0.575,Sparta Rotterdam
Eredivisie,22/23,468,333815,Dirk Abels,Centre-Back,26,0.65,0.4,0.25,Sparta Rotterdam
Eredivisie,22/23,468,129991,Bart Vriends,Centre-Back,32,0.45,0.35,0.10000000000000003,Sparta Rotterdam
Eredivisie,22/23,468,596178,Rick Meissen,Centre-Back,21,0.35,0.3,0.04999999999999999,Sparta Rotterdam
Eredivisie,22/23,468,56381,Adil Auassar,Centre-Back,36,0.125,0.2,-0.07500000000000001,Sparta Rotterdam
Eredivisie,22/23,468,593193,Augustin Drakpe,Centre-Back,21,0.075,0.075,0.0,Sparta Rotterdam
Eredivisie,22/23,468,177866,Mica Pinto,Left-Back,30,0.9,0.5,0.4,Sparta Rotterdam
Eredivisie,22/23,468,56836,Aaron Meijers,Left-Back,35,0.2,0.25,-0.04999999999999999,Sparta Rotterdam
Eredivisie,22/23,468,412937,Shurandy Sambo,Right-Back,21,3.0,0.5,2.5,Sparta Rotterdam
Eredivisie,22/23,468,424330,Jeremy van Mullem,Defensive Midfield,24,0.375,0.1,0.275,Sparta Rotterdam
Eredivisie,22/23,468,578804,Sven Mijnans,Attacking Midfield,23,4.0,0.85,3.15,Sparta Rotterdam
Eredivisie,22/23,468,250591,Arno Verschueren,Attacking Midfield,26,2.3,0.6,1.6999999999999997,Sparta Rotterdam
Eredivisie,22/23,468,312493,Vito van Crooij,Attacking Midfield,27,2.2,0.7,1.5000000000000002,Sparta Rotterdam
Eredivisie,22/23,468,93637,Mario Engels,Left Winger,29,0.4,0.45,-0.04999999999999999,Sparta Rotterdam
Eredivisie,22/23,468,227039,Younes Namli,Right Winger,29,0.9,1.2,-0.29999999999999993,Sparta Rotterdam
Eredivisie,22/23,468,595028,Charles-Andreas Brym,Centre-Forward,24,0.325,0.325,0.0,Sparta Rotterdam
Eredivisie,22/23,385,258362,Yanick van Osch,Goalkeeper,26,0.5,0.7,-0.19999999999999996,Fortuna Sittard
Eredivisie,22/23,385,687560,Tom Hendriks,Goalkeeper,21,0.05,0.05,0.0,Fortuna Sittard
Eredivisie,22/23,385,492313,Rodrigo Guth,Centre-Back,22,2.0,0.75,1.25,Fortuna Sittard
Eredivisie,22/23,385,52403,Dimitrios Siovas,Centre-Back,34,0.45,0.75,-0.3,Fortuna Sittard
Eredivisie,22/23,385,168787,Roel Janssen,Centre-Back,33,0.2,0.3,-0.09999999999999998,Fortuna Sittard
Eredivisie,22/23,385,359692,George Cox,Left-Back,25,0.85,0.9,-0.050000000000000044,Fortuna Sittard
Eredivisie,22/23,385,201248,Mickaël Tirpan,Right-Back,29,0.65,0.7,-0.04999999999999993,Fortuna Sittard
Eredivisie,22/23,385,82281,Ivo Pinto,Right-Back,33,0.5,0.5,0.0,Fortuna Sittard
Eredivisie,22/23,385,540271,Mike van Beijnen,Right-Back,24,0.125,0.225,-0.1,Fortuna Sittard
Eredivisie,22/23,385,432852,Deroy Duarte,Central Midfield,23,0.6,0.75,-0.15000000000000002,Fortuna Sittard
Eredivisie,22/23,385,605144,Cole Bassett,Attacking Midfield,21,2.0,4.0,-2.0,Fortuna Sittard
Eredivisie,22/23,385,187809,Mats Seuntjens,Attacking Midfield,31,1.2,1.2,0.0,Fortuna Sittard
Eredivisie,22/23,385,247380,Arianit Ferati,Attacking Midfield,25,0.6,0.3,0.3,Fortuna Sittard
Eredivisie,22/23,385,495963,Richie Musaba,Attacking Midfield,22,0.1,0.2,-0.1,Fortuna Sittard
Eredivisie,22/23,385,251848,Iñigo Córdoba,Left Winger,26,2.3,2.5,-0.20000000000000018,Fortuna Sittard
Eredivisie,22/23,385,457736,Tijjani Noslin,Left Winger,23,0.75,0.25,0.5,Fortuna Sittard
Eredivisie,22/23,385,594240,Tunahan Taşçı,Right Winger,21,0.15,0.1,0.04999999999999999,Fortuna Sittard
Eredivisie,22/23,385,357826,Thomas Buitink,Centre-Forward,23,0.65,1.3,-0.65,Fortuna Sittard
Eredivisie,22/23,385,180843,Paul Gladon,Centre-Forward,31,0.5,0.45,0.04999999999999999,Fortuna Sittard
Eredivisie,22/23,467,205128,Mattijs Branderhorst,Goalkeeper,29,0.7,0.7,0.0,NEC
Eredivisie,22/23,467,646991,Robin Roefs,Goalkeeper,20,0.075,0.075,0.0,NEC
Eredivisie,22/23,467,340460,Philippe Sandler,Centre-Back,26,1.8,2.0,-0.19999999999999996,NEC
Eredivisie,22/23,467,296227,Iván Márquez,Centre-Back,29,0.85,0.55,0.29999999999999993,NEC
Eredivisie,22/23,467,326329,Joris Kramer,Centre-Back,26,0.65,0.65,0.0,NEC
Eredivisie,22/23,467,541134,Souffian El Karouani,Left-Back,22,1.4,0.9,0.4999999999999999,NEC
Eredivisie,22/23,467,258364,Calvin Verdonk,Left-Back,26,0.8,0.7,0.10000000000000009,NEC
Eredivisie,22/23,467,547499,Bart van Rooij,Right-Back,22,0.9,0.8,0.09999999999999998,NEC
Eredivisie,22/23,467,491292,Ilias Bronkhorst,Right-Back,26,0.225,0.3,-0.07499999999999998,NEC
Eredivisie,22/23,467,485587,Dirk Proper,Defensive Midfield,21,2.0,0.9,1.1,NEC
Eredivisie,22/23,467,34784,Lasse Schöne,Defensive Midfield,37,0.25,0.3,-0.04999999999999999,NEC
Eredivisie,22/23,467,489929,Magnus Mattsson,Central Midfield,24,0.8,0.65,0.15000000000000002,NEC
Eredivisie,22/23,467,490383,Mathias De Wolf,Central Midfield,21,0.125,0.125,0.0,NEC
Eredivisie,22/23,467,235540,Oussama Tannane,Attacking Midfield,29,1.0,0.6,0.4,NEC
Eredivisie,22/23,467,241378,Jordy Bruijn,Attacking Midfield,26,0.6,0.8,-0.20000000000000007,NEC
Eredivisie,22/23,467,511401,Anthony Musaba,Left Winger,22,0.8,1.2,-0.3999999999999999,NEC
Eredivisie,22/23,467,320265,Mikkel Duelund,Left Winger,26,0.7,0.7,0.0,NEC
Eredivisie,22/23,467,462086,Elayis Tavsan,Right Winger,22,1.4,1.4,0.0,NEC
Eredivisie,22/23,724,552223,Filip Stanković,Goalkeeper,21,2.0,0.45,1.55,Volendam
Eredivisie,22/23,724,434861,Barry Lauwers,Goalkeeper,23,0.175,0.175,0.0,Volendam
Eredivisie,22/23,724,387199,Benaissa Benamar,Centre-Back,26,0.7,0.425,0.27499999999999997,Volendam
Eredivisie,22/23,724,474838,Brian Plat,Centre-Back,23,0.6,0.325,0.27499999999999997,Volendam
Eredivisie,22/23,724,257986,Damon Mirani,Centre-Back,27,0.55,0.55,0.0,Volendam
Eredivisie,22/23,724,638666,Josh Flint,Centre-Back,22,0.3,0.1,0.19999999999999998,Volendam
Eredivisie,22/23,724,1008564,Billy van Duijl,Centre-Back,17,0.125,0.025,0.1,Volendam
Eredivisie,22/23,724,457341,Derry Murkin,Left-Back,23,0.9,0.275,0.625,Volendam
Eredivisie,22/23,724,529223,Dean James,Left-Back,23,0.25,0.25,0.0,Volendam
Eredivisie,22/23,724,293283,Oskar Buur,Right-Back,25,0.35,0.25,0.09999999999999998,Volendam
Eredivisie,22/23,724,612758,Calvin Twigt,Defensive Midfield,20,0.65,0.25,0.4,Volendam
Eredivisie,22/23,724,929347,Imran Nazih,Central Midfield,17,0.15,0.025,0.125,Volendam
Eredivisie,22/23,724,702856,Joey Antonioli,Central Midfield,19,0.075,0.075,0.0,Volendam
Eredivisie,22/23,724,613393,Gaetano Oristanio,Attacking Midfield,20,1.0,0.65,0.35,Volendam
Eredivisie,22/23,724,338627,Francesco Antonucci,Attacking Midfield,24,1.0,1.0,0.0,Volendam
Eredivisie,22/23,724,597104,Walid Ould-Chikh,Attacking Midfield,23,0.4,0.25,0.15000000000000002,Volendam
Eredivisie,22/23,724,508642,Ibrahim El Kadiri,Left Winger,21,0.35,0.275,0.07499999999999996,Volendam
Eredivisie,22/23,724,516761,Achraf Douiri,Left Winger,23,0.2,0.1,0.1,Volendam
Eredivisie,22/23,724,672100,Darius Johnson,Left Winger,23,0.075,0.075,0.0,Volendam
Eredivisie,22/23,724,177821,Daryl van Mieghem,Right Winger,33,0.5,0.5,0.0,Volendam
Eredivisie,22/23,724,241324,Bilal Ould-Chikh,Right Winger,25,0.35,0.25,0.09999999999999998,Volendam
Eredivisie,22/23,724,900070,Jordi Blom,Right Winger,21,0.025,0.025,0.0,Volendam
Eredivisie,22/23,724,271743,Henk Veerman,Centre-Forward,32,0.5,0.9,-0.4,Volendam
Eredivisie,22/23,724,186763,Robert Mühren,Centre-Forward,34,0.4,0.8,-0.4,Volendam
Eredivisie,22/23,724,728864,Lequincio Zeefuik,Centre-Forward,18,0.35,0.075,0.27499999999999997,Volendam
Eredivisie,22/23,1435,315253,Jeffrey de Lange,Goalkeeper,25,0.75,0.2,0.55,Go Ahead Eagles
Eredivisie,22/23,1435,56631,Erwin Mulder,Goalkeeper,34,0.25,0.3,-0.04999999999999999,Go Ahead Eagles
Eredivisie,22/23,1435,690624,Sven Jansen,Goalkeeper,18,0.05,0.05,0.0,Go Ahead Eagles
Eredivisie,22/23,1435,546926,Jay Idzes,Centre-Back,23,0.75,0.5,0.25,Go Ahead Eagles
Eredivisie,22/23,1435,289651,Jamal Amofa,Centre-Back,24,0.75,0.35,0.4,Go Ahead Eagles
Eredivisie,22/23,1435,85904,Gerrit Nauber,Centre-Back,31,0.5,0.55,-0.050000000000000044,Go Ahead Eagles
Eredivisie,22/23,1435,313729,Justin Bakker,Centre-Back,25,0.3,0.3,0.0,Go Ahead Eagles
Eredivisie,22/23,1435,187188,Bas Kuipers,Left-Back,28,0.7,0.65,0.04999999999999993,Go Ahead Eagles
Eredivisie,22/23,1435,539665,Fredrik Oppegård,Left-Back,20,0.65,0.4,0.25,Go Ahead Eagles
Eredivisie,22/23,1435,451673,Aventis Aventisyan,Left-Back,20,0.075,0.075,0.0,Go Ahead Eagles
Eredivisie,22/23,1435,369554,Mats Deijl,Right-Back,25,0.7,0.425,0.27499999999999997,Go Ahead Eagles
Eredivisie,22/23,1435,361112,Evert Linthorst,Defensive Midfield,23,0.5,0.4,0.09999999999999998,Go Ahead Eagles
Eredivisie,22/23,1435,412945,Enric Llansana,Defensive Midfield,22,0.5,0.4,0.09999999999999998,Go Ahead Eagles
Eredivisie,22/23,1435,340791,Philippe Rommens,Central Midfield,25,1.2,0.8,0.3999999999999999,Go Ahead Eagles
Eredivisie,22/23,1435,283185,Tesfaldet Tekie,Central Midfield,26,0.9,0.85,0.050000000000000044,Go Ahead Eagles
Eredivisie,22/23,1435,315130,Rashaan Fernandes,Left Winger,24,0.4,0.3,0.10000000000000003,Go Ahead Eagles
Eredivisie,22/23,1435,258335,Martijn Berden,Right Winger,25,0.3,0.25,0.04999999999999999,Go Ahead Eagles
Eredivisie,22/23,1435,677382,Jahnoah Markelo,Right Winger,20,0.15,0.05,0.09999999999999999,Go Ahead Eagles
Eredivisie,22/23,1435,322073,Isac Lidberg,Centre-Forward,24,0.75,0.4,0.35,Go Ahead Eagles
Eredivisie,22/23,1435,241486,Finn Stokkers,Centre-Forward,27,0.45,0.45,0.0,Go Ahead Eagles
Eredivisie,22/23,798,301696,Stijn van Gassel,Goalkeeper,26,0.9,0.5,0.4,Excelsior
Eredivisie,22/23,798,278938,Norbert Alblas,Goalkeeper,28,0.25,0.275,-0.025000000000000022,Excelsior
Eredivisie,22/23,798,796490,Pascal Kuiper,Goalkeeper,19,0.125,0.125,0.0,Excelsior
Eredivisie,22/23,798,361207,Kik Pierie,Centre-Back,22,0.9,1.5,-0.6,Excelsior
Eredivisie,22/23,798,480730,Redouan El Yaakoubi,Centre-Back,27,0.7,0.425,0.27499999999999997,Excelsior
Eredivisie,22/23,798,314915,Siebe Horemans,Centre-Back,25,0.65,0.4,0.25,Excelsior
Eredivisie,22/23,798,187291,Sven Nieuwpoort,Centre-Back,30,0.325,0.375,-0.04999999999999999,Excelsior
Eredivisie,22/23,798,618038,Serano Seymor,Centre-Back,21,0.3,0.025,0.27499999999999997,Excelsior
Eredivisie,22/23,798,606023,Nathan Tjoe-A-On,Left-Back,21,0.5,0.125,0.375,Excelsior
Eredivisie,22/23,798,451576,Nathan Markelo,Right-Back,24,0.275,0.25,0.025000000000000022,Excelsior
Eredivisie,22/23,798,361074,Peer Koopmeiners,Defensive Midfield,23,0.7,0.6,0.09999999999999998,Excelsior
Eredivisie,22/23,798,618036,Joshua Eijgenraam,Defensive Midfield,21,0.3,0.25,0.04999999999999999,Excelsior
Eredivisie,22/23,798,412943,Kenzo Goudmijn,Central Midfield,21,1.3,0.6,0.7000000000000001,Excelsior
Eredivisie,22/23,798,616340,Julian Baas,Central Midfield,21,0.8,0.35,0.45000000000000007,Excelsior
Eredivisie,22/23,798,536477,Arthur Zagré,Left Midfield,21,0.7,1.0,-0.30000000000000004,Excelsior
Eredivisie,22/23,798,593837,Couhaib Driouech,Left Winger,21,0.65,0.225,0.42500000000000004,Excelsior
Eredivisie,22/23,798,553217,Jacky Donkor,Left Winger,24,0.3,0.325,-0.025000000000000022,Excelsior
Eredivisie,22/23,798,736014,Luuk Admiraal,Left Winger,21,0.05,0.05,0.0,Excelsior
Eredivisie,22/23,798,618050,Brent Vugts,Left Winger,21,0.025,0.025,0.0,Excelsior
Eredivisie,22/23,798,412959,Marouan Azarkan,Right Winger,21,2.0,0.475,1.525,Excelsior
Eredivisie,22/23,798,412954,Vicente Besuijen,Right Winger,22,0.6,0.5,0.09999999999999998,Excelsior
Eredivisie,22/23,798,477274,Nikolas Agrafiotis,Centre-Forward,23,0.4,0.25,0.15000000000000002,Excelsior
Eredivisie,22/23,798,482826,Reda Kharchouch,Centre-Forward,27,0.35,0.325,0.024999999999999967,Excelsior
Eredivisie,22/23,798,808646,Raphaël Eyongo,Centre-Forward,20,0.1,0.025,0.07500000000000001,Excelsior
Eredivisie,22/23,133,81775,Robbin Ruiter,Goalkeeper,36,0.275,0.3,-0.024999999999999967,Cambuur
Eredivisie,22/23,133,667902,Brett Minnema,Goalkeeper,21,0.05,0.025,0.025,Cambuur
Eredivisie,22/23,133,371461,Marco Tol,Centre-Back,25,0.5,0.45,0.04999999999999999,Cambuur
Eredivisie,22/23,133,501640,Maxim Gullit,Centre-Back,22,0.35,0.35,0.0,Cambuur
Eredivisie,22/23,133,113996,Calvin Mac-Intosch,Centre-Back,33,0.2,0.3,-0.09999999999999998,Cambuur
Eredivisie,22/23,133,435821,Alex Bangura,Left-Back,23,0.9,0.9,0.0,Cambuur
Eredivisie,22/23,133,587333,Sekou Sylla,Left-Back,24,0.175,0.25,-0.07500000000000001,Cambuur
Eredivisie,22/23,133,172779,Sai van Wermeskerken,Right-Back,29,0.35,0.55,-0.20000000000000007,Cambuur
Eredivisie,22/23,133,195359,Doke Schmidt,Right-Back,31,0.275,0.3,-0.024999999999999967,Cambuur
Eredivisie,22/23,133,766810,Jhondly van der Meer,Right-Back,21,0.1,0.1,0.0,Cambuur
Eredivisie,22/23,133,315233,Mees Hoedemakers,Defensive Midfield,25,0.85,0.9,-0.050000000000000044,Cambuur
Eredivisie,22/23,133,377720,Daniël van Kaam,Defensive Midfield,23,0.7,0.7,0.0,Cambuur
Eredivisie,22/23,133,213671,Mitchel Paulissen,Central Midfield,30,0.4,0.45,-0.04999999999999999,Cambuur
Eredivisie,22/23,133,64506,Ben Rienstra,Central Midfield,33,0.25,0.3,-0.04999999999999999,Cambuur
Eredivisie,22/23,133,339331,Jasper ter Heide,Central Midfield,24,0.15,0.2,-0.05000000000000002,Cambuur
Eredivisie,22/23,133,250030,Robin Maulun,Attacking Midfield,26,0.65,0.75,-0.09999999999999998,Cambuur
Eredivisie,22/23,133,410735,Jamie Jacobs,Attacking Midfield,25,0.55,0.85,-0.29999999999999993,Cambuur
Eredivisie,22/23,133,216815,Mimoun Mahi,Left Winger,29,0.7,1.4,-0.7,Cambuur
Eredivisie,22/23,133,258511,Michael Breij,Right Winger,26,0.45,0.5,-0.04999999999999999,Cambuur
Eredivisie,22/23,133,412940,Remco Balk,Right Winger,22,0.4,0.4,0.0,Cambuur
Eredivisie,22/23,133,243744,David Sambissa,Right Winger,27,0.35,0.35,0.0,Cambuur
Eredivisie,22/23,133,342152,Roberts Uldrikis,Centre-Forward,25,0.55,1.0,-0.44999999999999996,Cambuur
Eredivisie,22/23,133,124863,Tom Boere,Centre-Forward,30,0.3,0.3,0.0,Cambuur
Eredivisie,22/23,133,225716,Sam Hendriks,Centre-Forward,28,0.25,0.3,-0.04999999999999999,Cambuur
Eredivisie,22/23,1283,152460,Eric Oelschlägel,Goalkeeper,27,0.4,0.5,-0.09999999999999998,Emmen
Eredivisie,22/23,1283,452619,Kyan van Dorp,Goalkeeper,23,0.05,0.05,0.0,Emmen
Eredivisie,22/23,1283,645966,Wouter Sibon,Goalkeeper,19,0.025,0.025,0.0,Emmen
Eredivisie,22/23,1283,618087,Max Wolfs,Goalkeeper,21,0.025,0.025,0.0,Emmen
Eredivisie,22/23,1283,211420,Miguel Araujo,Centre-Back,28,0.85,0.75,0.09999999999999998,Emmen
Eredivisie,22/23,1283,566930,Julius Dirksen,Centre-Back,20,0.45,0.05,0.4,Emmen
Eredivisie,22/23,1283,155806,Mike te Wierik,Centre-Back,31,0.4,0.65,-0.25,Emmen
Eredivisie,22/23,1283,61867,Jeroen Veldmate,Centre-Back,34,0.35,0.35,0.0,Emmen
Eredivisie,22/23,1283,412939,Dennis Vos,Centre-Back,21,0.35,0.35,0.0,Emmen
Eredivisie,22/23,1283,255748,Michaël Heylen,Centre-Back,29,0.25,0.35,-0.09999999999999998,Emmen
Eredivisie,22/23,1283,324111,Teun Bijleveld,Left-Back,25,0.325,0.325,0.0,Emmen
Eredivisie,22/23,1283,124866,Lorenzo Burnet,Left-Back,32,0.25,0.275,-0.025000000000000022,Emmen
Eredivisie,22/23,1283,395509,Arnaud Luzayadio,Right-Back,23,0.175,0.3,-0.125,Emmen
Eredivisie,22/23,1283,258363,Keziah Veendorp,Defensive Midfield,26,0.55,0.4,0.15000000000000002,Emmen
Eredivisie,22/23,1283,187507,Mark Diemers,Central Midfield,29,1.2,1.5,-0.30000000000000004,Emmen
Eredivisie,22/23,1283,536480,Lucas Bernadou,Central Midfield,22,0.75,0.375,0.375,Emmen
Eredivisie,22/23,1283,303939,Ahmed El Messaoudi,Central Midfield,27,0.6,0.675,-0.07500000000000007,Emmen
Eredivisie,22/23,1283,374213,Jari Vlak,Central Midfield,24,0.5,0.5,0.0,Emmen
Eredivisie,22/23,1283,263555,Jeff Hardeveld,Left Midfield,28,0.3,0.325,-0.025000000000000022,Emmen
Eredivisie,22/23,1283,460630,Azzeddine Toufiqui,Attacking Midfield,24,0.225,0.3,-0.07499999999999998,Emmen
Eredivisie,22/23,1283,556870,Ben Scholte,Attacking Midfield,21,0.15,0.15,0.0,Emmen
Eredivisie,22/23,1283,594273,Jeremy Antonisse,Left Winger,21,0.5,0.3,0.2,Emmen
Eredivisie,22/23,1283,419828,Jasin Assehnoun,Left Winger,24,0.35,0.35,0.0,Emmen
Eredivisie,22/23,1283,387996,Rui Mendes,Right Winger,23,0.7,0.5,0.19999999999999996,Emmen
Eredivisie,22/23,1283,361070,Ole Romeny,Centre-Forward,23,1.3,0.375,0.925,Emmen
Eredivisie,22/23,1283,321182,Oussama Darfalou,Centre-Forward,29,0.6,0.7,-0.09999999999999998,Emmen
Eredivisie,22/23,1283,395519,Metehan Güclü,Centre-Forward,24,0.3,0.3,0.0,Emmen
Eredivisie,22/23,1283,211331,Mart Lieder,Centre-Forward,33,0.2,0.275,-0.07500000000000001,Emmen
Eredivisie,22/23,235,387197,Etienne Vaessen,Goalkeeper,27,1.0,0.55,0.44999999999999996,RKC Waalwijk
Eredivisie,22/23,235,192611,Joel Pereira,Goalkeeper,27,0.25,0.3,-0.04999999999999999,RKC Waalwijk
Eredivisie,22/23,235,383705,Mark Spenkelink,Goalkeeper,26,0.1,0.1,0.0,RKC Waalwijk
Eredivisie,22/23,235,358021,Shawn Adewoye,Centre-Back,23,0.9,0.45,0.45,RKC Waalwijk
Eredivisie,22/23,235,235274,Dario Van den Buijs,Centre-Back,27,0.55,0.45,0.10000000000000003,RKC Waalwijk
Eredivisie,22/23,235,328455,Juriën Gaari,Centre-Back,29,0.45,0.4,0.04999999999999999,RKC Waalwijk
Eredivisie,22/23,235,266414,Lars Nieuwpoort,Centre-Back,28,0.175,0.175,0.0,RKC Waalwijk
Eredivisie,22/23,235,451297,Luuk Wouters,Centre-Back,24,0.175,0.25,-0.07500000000000001,RKC Waalwijk
Eredivisie,22/23,235,45562,Hans Mulder,Centre-Back,36,0.075,0.125,-0.05,RKC Waalwijk
Eredivisie,22/23,235,416802,Thierry Lutonda,Left-Back,22,0.6,0.25,0.35,RKC Waalwijk
Eredivisie,22/23,235,337673,Julian Lelieveld,Right-Back,25,0.7,0.5,0.19999999999999996,RKC Waalwijk
Eredivisie,22/23,235,524687,Saïd Bakari,Right-Back,28,0.45,0.55,-0.10000000000000003,RKC Waalwijk
Eredivisie,22/23,235,30670,Vurnon Anita,Defensive Midfield,34,0.3,0.35,-0.04999999999999999,RKC Waalwijk
Eredivisie,22/23,235,433933,Kevin Felida,Defensive Midfield,23,0.3,0.4,-0.10000000000000003,RKC Waalwijk
Eredivisie,22/23,235,674261,Sebbe Augustijns,Defensive Midfield,23,0.125,0.075,0.05,RKC Waalwijk
Eredivisie,22/23,235,566911,Yassin Oukili,Central Midfield,22,0.6,0.25,0.35,RKC Waalwijk
Eredivisie,22/23,235,433805,Patrick Vroegh,Central Midfield,23,0.375,0.4,-0.025000000000000022,RKC Waalwijk
Eredivisie,22/23,235,187809,Mats Seuntjens,Attacking Midfield,31,1.2,1.2,0.0,RKC Waalwijk
Eredivisie,22/23,235,160431,Iliass Bel Hassani,Attacking Midfield,30,0.4,0.3,0.10000000000000003,RKC Waalwijk
Eredivisie,22/23,235,297693,Pelle Clement,Left Winger,27,0.7,0.7,0.0,RKC Waalwijk
Eredivisie,22/23,235,292805,Lennerd Daneels,Left Winger,25,0.35,0.35,0.0,RKC Waalwijk
Eredivisie,22/23,235,469082,Roy Kuijpers,Right Winger,23,0.3,0.35,-0.04999999999999999,RKC Waalwijk
Eredivisie,22/23,235,56523,Michiel Kramer,Centre-Forward,34,0.4,0.375,0.025000000000000022,RKC Waalwijk
Eredivisie,23/24,383,296802,Walter Benítez,Goalkeeper,31,13.0,12.0,1.0,PSV
Eredivisie,23/24,383,333640,Joël Drommel,Goalkeeper,27,2.5,2.5,0.0,PSV
Eredivisie,23/24,383,654919,Kjell Peersman,Goalkeeper,20,0.3,0.4,-0.10000000000000003,PSV
Eredivisie,23/24,383,723005,Niek Schiks,Goalkeeper,20,0.25,0.15,0.1,PSV
Eredivisie,23/24,383,4391,Boy Waterman,Goalkeeper,40,0.05,0.075,-0.024999999999999994,PSV
Eredivisie,23/24,383,318508,Olivier Boscagli,Centre-Back,26,27.0,7.0,20.0,PSV
Eredivisie,23/24,383,339337,Armando Obispo,Centre-Back,25,3.5,4.5,-1.0,PSV
Eredivisie,23/24,383,175792,André Ramalho,Centre-Back,32,2.5,3.0,-0.5,PSV
Eredivisie,23/24,383,323910,Mauro Júnior,Left-Back,25,7.0,5.0,2.0,PSV
Eredivisie,23/24,383,52119,Patrick van Aanholt,Left-Back,33,2.0,3.0,-1.0,PSV
Eredivisie,23/24,383,127573,Phillipp Mwene,Left-Back,30,1.8,3.0,-1.2,PSV
Eredivisie,23/24,383,539665,Fredrik Oppegård,Left-Back,21,0.6,0.65,-0.050000000000000044,PSV
Eredivisie,23/24,383,364245,Jordan Teze,Right-Back,24,18.0,6.0,12.0,PSV
Eredivisie,23/24,383,412937,Shurandy Sambo,Right-Back,22,2.0,3.0,-1.0,PSV
Eredivisie,23/24,383,738478,Jason van Duiven,Right-Back,19,1.0,1.0,0.0,PSV
Eredivisie,23/24,383,575367,Richard Ledezma,Right-Back,23,0.9,0.85,0.050000000000000044,PSV
Eredivisie,23/24,383,626764,Livano Comenencia,Right-Back,20,0.8,0.5,0.30000000000000004,PSV
Eredivisie,23/24,383,375885,Ibrahim Sangaré,Defensive Midfield,26,30.0,35.0,-5.0,PSV
Eredivisie,23/24,383,408574,Joey Veerman,Central Midfield,25,40.0,16.0,24.0,PSV
Eredivisie,23/24,383,702869,Ismael Saibari,Attacking Midfield,23,16.0,2.3,13.7,PSV
Eredivisie,23/24,383,372267,Guus Til,Attacking Midfield,26,12.0,6.0,6.0,PSV
Eredivisie,23/24,383,813437,Isaac Babadi,Attacking Midfield,19,6.0,0.8,5.2,PSV
Eredivisie,23/24,383,565424,Johan Bakayoko,Right Winger,21,45.0,10.0,35.0,PSV
Eredivisie,23/24,383,183720,Anwar El Ghazi,Right Winger,29,2.5,5.0,-2.5,PSV
Eredivisie,23/24,383,627207,Ricardo Pepi,Centre-Forward,21,12.0,9.0,3.0,PSV
Eredivisie,23/24,383,409517,Yorbe Vertessen,Centre-Forward,23,5.0,3.8,1.2000000000000002,PSV
Eredivisie,23/24,383,72522,Luuk de Jong,Centre-Forward,33,3.5,4.0,-0.5,PSV
Eredivisie,23/24,234,315121,Justin Bijlow,Goalkeeper,26,13.0,15.0,-2.0,Feyenoord
Eredivisie,23/24,234,196829,Timon Wellenreuther,Goalkeeper,28,7.0,2.0,5.0,Feyenoord
Eredivisie,23/24,234,64352,Kostas Lamprou,Goalkeeper,32,0.3,0.35,-0.04999999999999999,Feyenoord
Eredivisie,23/24,234,404418,Dávid Hancko,Centre-Back,26,35.0,25.0,10.0,Feyenoord
Eredivisie,23/24,234,420210,Lutsharel Geertruida,Centre-Back,23,32.0,25.0,7.0,Feyenoord
Eredivisie,23/24,234,593862,Thomas Beelen,Centre-Back,23,12.0,0.45,11.55,Feyenoord
Eredivisie,23/24,234,59145,Gernot Trauner,Centre-Back,32,3.5,5.0,-1.5,Feyenoord
Eredivisie,23/24,234,503640,Neraysho Kasanwirjo,Centre-Back,22,1.8,2.5,-0.7,Feyenoord
Eredivisie,23/24,234,436064,Ramon Hendriks,Centre-Back,22,0.8,0.75,0.050000000000000044,Feyenoord
Eredivisie,23/24,234,514285,Quilindschy Hartman,Left-Back,22,23.0,10.0,13.0,Feyenoord
Eredivisie,23/24,234,432175,Marcos López,Left-Back,24,3.0,4.0,-1.0,Feyenoord
Eredivisie,23/24,234,415381,Mats Wieffer,Right-Back,24,30.0,15.0,15.0,Feyenoord
Eredivisie,23/24,234,583404,Marcus Pedersen,Right-Back,23,5.5,7.0,-1.5,Feyenoord
Eredivisie,23/24,234,997903,Givairo Read,Right-Back,18,0.8,0.025,0.775,Feyenoord
Eredivisie,23/24,234,416660,Ramiz Zerrouki,Defensive Midfield,26,9.0,8.0,1.0,Feyenoord
Eredivisie,23/24,234,420213,Quinten Timber,Central Midfield,23,28.0,8.0,20.0,Feyenoord
Eredivisie,23/24,234,412941,Thomas van den Belt,Central Midfield,23,1.8,2.0,-0.19999999999999996,Feyenoord
Eredivisie,23/24,234,683620,Antoni Milambo,Attacking Midfield,19,6.0,1.0,5.0,Feyenoord
Eredivisie,23/24,234,653610,Igor Paixão,Left Winger,24,14.0,10.0,4.0,Feyenoord
Eredivisie,23/24,234,315125,Javairô Dilrosun,Left Winger,26,4.0,6.0,-2.0,Feyenoord
Eredivisie,23/24,234,213268,Alireza Jahanbakhsh,Right Winger,30,3.0,4.0,-1.0,Feyenoord
Eredivisie,23/24,234,552955,Santiago Gimenez,Centre-Forward,23,40.0,25.0,15.0,Feyenoord
Eredivisie,23/24,610,229604,Gerónimo Rulli,Goalkeeper,32,5.0,10.0,-5.0,Ajax
Eredivisie,23/24,610,480453,Jay Gorter,Goalkeeper,24,1.5,1.0,0.5,Ajax
Eredivisie,23/24,610,635129,Charlie Setford,Goalkeeper,20,0.6,0.3,0.3,Ajax
Eredivisie,23/24,610,729010,Tom de Graaff,Goalkeeper,19,0.4,0.4,0.0,Ajax
Eredivisie,23/24,610,25520,Remko Pasveer,Goalkeeper,40,0.15,0.25,-0.1,Ajax
Eredivisie,23/24,610,662131,Ahmetcan Kaplan,Centre-Back,21,10.0,5.0,5.0,Ajax
Eredivisie,23/24,610,904802,Jorrel Hato,Left-Back,18,30.0,5.0,25.0,Ajax
Eredivisie,23/24,610,339328,Owen Wijndal,Left-Back,24,5.5,8.0,-2.5,Ajax
Eredivisie,23/24,610,485584,Anass Salah-Eddine,Left-Back,22,1.2,0.8,0.3999999999999999,Ajax
Eredivisie,23/24,610,557407,Devyne Rensch,Right-Back,21,10.0,8.0,2.0,Ajax
Eredivisie,23/24,610,356044,Jorge Sánchez,Right-Back,26,3.5,5.0,-1.5,Ajax
Eredivisie,23/24,610,656800,Tristan Gooijer,Right-Back,19,2.0,0.2,1.8,Ajax
Eredivisie,23/24,610,720791,Olivier Aertssen,Right-Back,19,0.6,0.8,-0.20000000000000007,Ajax
Eredivisie,23/24,610,738476,Silvano Vos,Defensive Midfield,19,2.5,1.0,1.5,Ajax
Eredivisie,23/24,610,470394,Kenneth Taylor,Central Midfield,22,15.0,12.0,3.0,Ajax
Eredivisie,23/24,610,182932,Davy Klaassen,Central Midfield,31,4.0,10.0,-6.0,Ajax
Eredivisie,23/24,610,559333,Kian Fitz-Jim,Central Midfield,20,1.0,1.3,-0.30000000000000004,Ajax
Eredivisie,23/24,610,646699,Julian Brandes,Central Midfield,20,0.4,0.15,0.25,Ajax
Eredivisie,23/24,610,694186,Kristian Hlynsson,Attacking Midfield,20,7.0,0.75,6.25,Ajax
Eredivisie,23/24,610,646698,Gabriel Misehouy,Attacking Midfield,18,1.0,0.6,0.4,Ajax
Eredivisie,23/24,610,284165,Steven Bergwijn,Left Winger,26,18.0,22.0,-4.0,Ajax
Eredivisie,23/24,610,748804,Mika Godts,Left Winger,19,4.0,0.8,3.2,Ajax
Eredivisie,23/24,610,706889,Jaydon Banel,Left Winger,19,1.2,0.25,0.95,Ajax
Eredivisie,23/24,610,704773,Amourricho van Axel Dongen,Left Winger,19,0.6,0.5,0.09999999999999998,Ajax
Eredivisie,23/24,610,543499,Mohammed Kudus,Right Winger,23,50.0,40.0,10.0,Ajax
Eredivisie,23/24,610,129554,Steven Berghuis,Right Winger,32,6.0,12.0,-6.0,Ajax
Eredivisie,23/24,610,610429,Christian Rasmussen,Right Winger,21,2.0,0.8,1.2,Ajax
Eredivisie,23/24,610,572519,Ar'jany Martha,Right Winger,20,1.2,0.35,0.85,Ajax
Eredivisie,23/24,610,473169,Brian Brobbey,Centre-Forward,22,35.0,12.0,23.0,Ajax
Eredivisie,23/24,1090,128969,Mathew Ryan,Goalkeeper,32,3.5,4.0,-0.5,AZ
Eredivisie,23/24,1090,704772,Rome-Jayden Owusu-Oduro,Goalkeeper,19,0.9,0.3,0.6000000000000001,AZ
Eredivisie,23/24,1090,116471,Hobie Verhulst,Goalkeeper,31,0.4,0.6,-0.19999999999999996,AZ
Eredivisie,23/24,1090,595935,Sem Westerveld,Goalkeeper,21,0.4,0.5,-0.09999999999999998,AZ
Eredivisie,23/24,1090,738514,Tristan Kuijsten,Goalkeeper,19,0.3,0.125,0.175,AZ
Eredivisie,23/24,1090,635371,Daniël Deen,Goalkeeper,21,0.15,0.075,0.075,AZ
Eredivisie,23/24,1090,646707,Wouter Goes,Centre-Back,20,5.0,2.0,3.0,AZ
Eredivisie,23/24,1090,216443,Riechedly Bazoer,Centre-Back,27,4.0,2.8,1.2000000000000002,AZ
Eredivisie,23/24,1090,144244,Pantelis Hatzidiakos,Centre-Back,27,2.5,4.0,-1.5,AZ
Eredivisie,23/24,1090,112052,Bruno Martins Indi,Centre-Back,32,1.0,2.0,-1.0,AZ
Eredivisie,23/24,1090,646704,Maxim Dekker,Centre-Back,20,0.8,1.5,-0.7,AZ
Eredivisie,23/24,1090,801031,Lewis Schouten,Centre-Back,20,0.6,0.3,0.3,AZ
Eredivisie,23/24,1090,665541,Finn Stam,Centre-Back,21,0.3,0.075,0.22499999999999998,AZ
Eredivisie,23/24,1090,315254,Mees de Wit,Left-Back,26,2.5,1.5,1.0,AZ
Eredivisie,23/24,1090,405385,Yukinari Sugawara,Right-Back,24,12.0,6.5,5.5,AZ
Eredivisie,23/24,1090,104223,Jordy Clasie,Defensive Midfield,33,2.5,3.0,-0.5,AZ
Eredivisie,23/24,1090,340459,Dani de Wit,Central Midfield,26,5.0,4.0,1.0,AZ
Eredivisie,23/24,1090,412943,Kenzo Goudmijn,Central Midfield,22,1.8,1.3,0.5,AZ
Eredivisie,23/24,1090,747017,Dave Kwakman,Central Midfield,19,0.7,0.1,0.6,AZ
Eredivisie,23/24,1090,578804,Sven Mijnans,Attacking Midfield,24,6.5,4.0,2.5,AZ
Eredivisie,23/24,1090,345590,Jens Odgaard,Attacking Midfield,25,4.5,6.0,-1.5,AZ
Eredivisie,23/24,1090,484756,Djordje Mihailovic,Attacking Midfield,25,3.0,5.0,-2.0,AZ
Eredivisie,23/24,1090,367992,Jesper Karlsson,Left Winger,25,8.0,18.0,-10.0,AZ
Eredivisie,23/24,1090,735701,Ruben van Bommel,Left Winger,19,5.0,0.55,4.45,AZ
Eredivisie,23/24,1090,650712,Myron van Brederode,Left Winger,20,3.5,3.0,0.5,AZ
Eredivisie,23/24,1090,795274,Mayckel Lahdo,Right Winger,21,3.0,1.0,2.0,AZ
Eredivisie,23/24,1090,718303,Ernest Poku,Right Winger,20,1.3,0.3,1.0,AZ
Eredivisie,23/24,1090,747720,Jayden Addai,Right Winger,18,1.0,0.15,0.85,AZ
Eredivisie,23/24,1090,324503,Vangelis Pavlidis,Centre-Forward,25,25.0,14.0,11.0,AZ
Eredivisie,23/24,1090,728864,Lequincio Zeefuik,Centre-Forward,19,1.0,0.35,0.65,AZ
Eredivisie,23/24,1090,678546,Mexx Meerdink,Centre-Forward,20,0.9,1.5,-0.6,AZ
Eredivisie,23/24,317,53696,Lars Unnerstall,Goalkeeper,33,3.5,3.2,0.2999999999999998,Twente
Eredivisie,23/24,317,33210,Przemyslaw Tyton,Goalkeeper,37,0.1,0.15,-0.04999999999999999,Twente
Eredivisie,23/24,317,430475,Issam El Maach,Goalkeeper,24,0.075,0.075,0.0,Twente
Eredivisie,23/24,317,703779,Sam Karssies,Goalkeeper,21,0.075,0.075,0.0,Twente
Eredivisie,23/24,317,562702,Mees Hilgers,Centre-Back,23,7.0,4.5,2.5,Twente
Eredivisie,23/24,317,202788,Robin Pröpper,Centre-Back,30,3.0,2.5,0.5,Twente
Eredivisie,23/24,317,618086,Max Bruns,Centre-Back,21,0.8,0.3,0.5,Twente
Eredivisie,23/24,317,374212,Gijs Smal,Left-Back,26,6.0,6.0,0.0,Twente
Eredivisie,23/24,317,485584,Anass Salah-Eddine,Left-Back,22,1.2,0.8,0.3999999999999999,Twente
Eredivisie,23/24,317,207006,Joshua Brenet,Right-Back,30,3.5,4.0,-0.5,Twente
Eredivisie,23/24,317,332530,Alfons Sampsted,Right-Back,26,2.3,1.5,0.7999999999999998,Twente
Eredivisie,23/24,317,528652,Mathias Kjølø,Defensive Midfield,23,5.0,1.2,3.8,Twente
Eredivisie,23/24,317,559324,Youri Regeer,Defensive Midfield,20,3.5,1.3,2.2,Twente
Eredivisie,23/24,317,321204,Michal Sadílek,Central Midfield,25,8.0,4.0,4.0,Twente
Eredivisie,23/24,317,315128,Carel Eiting,Central Midfield,26,2.3,2.5,-0.20000000000000018,Twente
Eredivisie,23/24,317,593519,Sem Steijn,Attacking Midfield,22,10.0,1.0,9.0,Twente
Eredivisie,23/24,317,342702,Michel Vlap,Attacking Midfield,27,3.0,2.0,1.0,Twente
Eredivisie,23/24,317,508639,Naci Ünüvar,Left Winger,21,2.5,2.5,0.0,Twente
Eredivisie,23/24,317,591363,Daan Rots,Right Winger,22,7.0,0.7,6.3,Twente
Eredivisie,23/24,317,866328,Younes Taha,Right Winger,21,1.5,0.5,1.0,Twente
Eredivisie,23/24,317,645173,Manfred Ugalde,Centre-Forward,22,7.5,3.0,4.5,Twente
Eredivisie,23/24,317,41355,Ricky van Wolfswinkel,Centre-Forward,35,0.55,0.65,-0.09999999999999998,Twente
Eredivisie,23/24,200,248658,Vasilios Barkas,Goalkeeper,30,3.0,3.0,0.0,Utrecht
Eredivisie,23/24,200,205128,Mattijs Branderhorst,Goalkeeper,30,0.6,0.7,-0.09999999999999998,Utrecht
Eredivisie,23/24,200,485588,Calvin Raatsie,Goalkeeper,22,0.4,0.2,0.2,Utrecht
Eredivisie,23/24,200,607133,Kevin Gadellaa,Goalkeeper,21,0.2,0.025,0.17500000000000002,Utrecht
Eredivisie,23/24,200,315235,Thijmen Nijhuis,Goalkeeper,25,0.15,0.2,-0.05000000000000002,Utrecht
Eredivisie,23/24,200,586429,Ryan Flamingo,Centre-Back,21,7.0,2.5,4.5,Utrecht
Eredivisie,23/24,200,524925,Modibo Sagnan,Centre-Back,25,3.0,3.0,0.0,Utrecht
Eredivisie,23/24,200,187105,Mike van der Hoorn,Centre-Back,31,1.2,1.5,-0.30000000000000004,Utrecht
Eredivisie,23/24,200,458734,Tommy St. Jago,Centre-Back,24,0.7,0.7,0.0,Utrecht
Eredivisie,23/24,200,93081,Nick Viergever,Centre-Back,34,0.45,0.65,-0.2,Utrecht
Eredivisie,23/24,200,691975,Joshua Mukeh,Centre-Back,21,0.35,0.15,0.19999999999999998,Utrecht
Eredivisie,23/24,200,541134,Souffian El Karouani,Left-Back,23,2.4,1.4,1.0,Utrecht
Eredivisie,23/24,200,541020,Yannick Leliendal,Left-Back,22,0.5,0.2,0.3,Utrecht
Eredivisie,23/24,200,268113,Sean Klaiber,Right-Back,29,2.5,2.5,0.0,Utrecht
Eredivisie,23/24,200,258519,Hidde ter Avest,Right-Back,27,1.5,1.3,0.19999999999999996,Utrecht
Eredivisie,23/24,200,128042,Mark van der Maarel,Right-Back,34,0.2,0.4,-0.2,Utrecht
Eredivisie,23/24,200,406609,Can Bozdogan,Central Midfield,23,4.5,4.5,0.0,Utrecht
Eredivisie,23/24,200,656796,Ivar Jenner,Central Midfield,20,0.35,0.025,0.32499999999999996,Utrecht
Eredivisie,23/24,200,400548,Victor Jensen,Attacking Midfield,24,2.0,1.0,1.0,Utrecht
Eredivisie,23/24,200,187809,Mats Seuntjens,Attacking Midfield,32,0.85,1.2,-0.35,Utrecht
Eredivisie,23/24,200,123349,Zakaria Labyad,Attacking Midfield,31,0.7,1.6,-0.9000000000000001,Utrecht
Eredivisie,23/24,200,134999,Jens Toornstra,Attacking Midfield,35,0.45,0.75,-0.3,Utrecht
Eredivisie,23/24,200,481117,Othmane Boussaid,Left Winger,24,2.3,2.2,0.09999999999999964,Utrecht
Eredivisie,23/24,200,326701,Bart Ramselaar,Left Winger,28,2.0,3.3,-1.2999999999999998,Utrecht
Eredivisie,23/24,200,775994,Lynden Edhart,Left Winger,18,0.3,0.15,0.15,Utrecht
Eredivisie,23/24,200,513963,Taylor Booth,Right Winger,23,3.0,5.0,-2.0,Utrecht
Eredivisie,23/24,200,412959,Marouan Azarkan,Right Winger,22,1.5,2.0,-0.5,Utrecht
Eredivisie,23/24,200,523318,Anastasios Douvikas,Centre-Forward,24,6.0,9.0,-3.0,Utrecht
Eredivisie,23/24,200,361070,Ole Romeny,Centre-Forward,24,0.8,1.3,-0.5,Utrecht
Eredivisie,23/24,200,322073,Isac Lidberg,Centre-Forward,25,0.7,0.75,-0.050000000000000044,Utrecht
Eredivisie,23/24,200,565434,Anthony Descotte,Centre-Forward,20,0.5,0.5,0.0,Utrecht
Eredivisie,23/24,467,146227,Jasper Cillessen,Goalkeeper,35,1.3,2.5,-1.2,NEC
Eredivisie,23/24,467,646991,Robin Roefs,Goalkeeper,21,0.6,0.075,0.525,NEC
Eredivisie,23/24,467,593163,Rijk Janse,Goalkeeper,22,0.025,0.025,0.0,NEC
Eredivisie,23/24,467,340460,Philippe Sandler,Centre-Back,27,3.0,1.8,1.2,NEC
Eredivisie,23/24,467,559327,Youri Baas,Centre-Back,21,1.0,0.9,0.09999999999999998,NEC
Eredivisie,23/24,467,258364,Calvin Verdonk,Left-Back,27,2.5,0.8,1.7,NEC
Eredivisie,23/24,467,547499,Bart van Rooij,Right-Back,23,2.0,0.9,1.1,NEC
Eredivisie,23/24,467,172779,Sai van Wermeskerken,Right-Back,30,0.4,0.35,0.050000000000000044,NEC
Eredivisie,23/24,467,625169,D'Leanu Arts,Right-Back,21,0.075,0.075,0.0,NEC
Eredivisie,23/24,467,485587,Dirk Proper,Defensive Midfield,22,6.0,2.0,4.0,NEC
Eredivisie,23/24,467,315233,Mees Hoedemakers,Defensive Midfield,26,2.0,0.85,1.15,NEC
Eredivisie,23/24,467,34784,Lasse Schöne,Defensive Midfield,38,0.175,0.25,-0.07500000000000001,NEC
Eredivisie,23/24,467,694039,Nils Rossen,Defensive Midfield,19,0.075,0.05,0.024999999999999994,NEC
Eredivisie,23/24,467,489929,Magnus Mattsson,Central Midfield,25,3.5,0.8,2.7,NEC
Eredivisie,23/24,467,576098,Kas de Wit,Attacking Midfield,20,0.025,0.025,0.0,NEC
Eredivisie,23/24,467,485582,Sontje Hansen,Right Winger,22,3.0,0.75,2.25,NEC
Eredivisie,23/24,467,462086,Elayis Tavsan,Right Winger,23,1.0,1.4,-0.3999999999999999,NEC
Eredivisie,23/24,467,404383,Pedro Marques,Centre-Forward,26,0.8,0.65,0.15000000000000002,NEC
Eredivisie,23/24,467,343184,Sylla Sow,Centre-Forward,27,0.7,0.3,0.39999999999999997,NEC
Eredivisie,23/24,467,56331,Bas Dost,Centre-Forward,35,0.6,1.3,-0.7000000000000001,NEC
Eredivisie,23/24,306,276853,Andries Noppert,Goalkeeper,30,1.5,4.5,-3.0,Heerenveen
Eredivisie,23/24,306,207048,Mickey van der Hart,Goalkeeper,30,0.5,0.6,-0.09999999999999998,Heerenveen
Eredivisie,23/24,306,312473,Jan Bekkema,Goalkeeper,28,0.05,0.05,0.0,Heerenveen
Eredivisie,23/24,306,248395,Pawel Bochniewicz,Centre-Back,28,3.0,3.0,0.0,Heerenveen
Eredivisie,23/24,306,256718,Sven van Beek,Centre-Back,29,1.5,1.0,0.5,Heerenveen
Eredivisie,23/24,306,485586,Syb van Ottele,Centre-Back,22,0.7,0.75,-0.050000000000000044,Heerenveen
Eredivisie,23/24,306,288067,Mats Köhlert,Left-Back,26,2.0,1.5,0.5,Heerenveen
Eredivisie,23/24,306,606023,Nathan Tjoe-A-On,Left-Back,22,0.35,0.5,-0.15000000000000002,Heerenveen
Eredivisie,23/24,306,585325,Hussein Ali,Right-Back,22,0.4,0.3,0.10000000000000003,Heerenveen
Eredivisie,23/24,306,412949,Denzel Hall,Right-Back,23,0.35,0.35,0.0,Heerenveen
Eredivisie,23/24,306,178219,Thom Haye,Defensive Midfield,29,3.0,2.5,0.5,Heerenveen
Eredivisie,23/24,306,321158,Simon Olsson,Central Midfield,26,3.0,1.3,1.7,Heerenveen
Eredivisie,23/24,306,369552,Luuk Brouwers,Central Midfield,26,2.0,1.2,0.8,Heerenveen
Eredivisie,23/24,306,308265,Anas Tahiri,Central Midfield,29,0.75,1.2,-0.44999999999999996,Heerenveen
Eredivisie,23/24,306,590775,Djenahro Nunumete,Central Midfield,22,0.1,0.05,0.05,Heerenveen
Eredivisie,23/24,306,580657,Osame Sahraoui,Left Winger,23,8.5,5.0,3.5,Heerenveen
Eredivisie,23/24,306,721470,Patrik Wålemark,Right Winger,22,2.5,4.0,-1.5,Heerenveen
Eredivisie,23/24,306,326030,Ché Nunnely,Right Winger,25,0.7,0.7,0.0,Heerenveen
Eredivisie,23/24,306,262613,Pelle van Amersfoort,Centre-Forward,28,1.5,1.2,0.30000000000000004,Heerenveen
Eredivisie,23/24,306,661205,Daniel Karlsbakk,Centre-Forward,21,0.9,2.0,-1.1,Heerenveen
Eredivisie,23/24,468,215094,Nick Olij,Goalkeeper,28,4.0,3.0,1.0,Sparta Rotterdam
Eredivisie,23/24,468,159143,Delano van Crooij,Goalkeeper,33,0.225,0.2,0.024999999999999994,Sparta Rotterdam
Eredivisie,23/24,468,531712,Youri Schoonderwaldt,Goalkeeper,24,0.125,0.15,-0.024999999999999994,Sparta Rotterdam
Eredivisie,23/24,468,482141,Mike Eerdhuijzen,Centre-Back,23,1.3,0.9,0.4,Sparta Rotterdam
Eredivisie,23/24,468,568377,Tijs Velthuis,Centre-Back,22,0.8,0.5,0.30000000000000004,Sparta Rotterdam
Eredivisie,23/24,468,596178,Rick Meissen,Centre-Back,22,0.65,0.35,0.30000000000000004,Sparta Rotterdam
Eredivisie,23/24,468,129991,Bart Vriends,Centre-Back,33,0.4,0.45,-0.04999999999999999,Sparta Rotterdam
Eredivisie,23/24,468,288449,Django Warmerdam,Left-Back,28,0.65,0.9,-0.25,Sparta Rotterdam
Eredivisie,23/24,468,524687,Saïd Bakari,Right-Back,29,0.8,0.45,0.35000000000000003,Sparta Rotterdam
Eredivisie,23/24,468,432694,Joshua Kitolano,Defensive Midfield,22,4.5,4.5,0.0,Sparta Rotterdam
Eredivisie,23/24,468,424330,Jeremy van Mullem,Defensive Midfield,25,0.3,0.375,-0.07500000000000001,Sparta Rotterdam
Eredivisie,23/24,468,596148,Djevencio van der Kust,Central Midfield,23,1.2,0.85,0.35,Sparta Rotterdam
Eredivisie,23/24,468,31067,Jonathan de Guzmán,Central Midfield,36,0.25,0.3,-0.04999999999999999,Sparta Rotterdam
Eredivisie,23/24,468,699771,Pedro Alemañ,Central Midfield,22,0.15,0.15,0.0,Sparta Rotterdam
Eredivisie,23/24,468,250591,Arno Verschueren,Attacking Midfield,27,2.7,2.3,0.40000000000000036,Sparta Rotterdam
Eredivisie,23/24,468,312493,Vito van Crooij,Attacking Midfield,28,1.5,2.2,-0.7000000000000002,Sparta Rotterdam
Eredivisie,23/24,468,501743,Koki Saito,Left Winger,22,4.0,3.0,1.0,Sparta Rotterdam
Eredivisie,23/24,468,297693,Pelle Clement,Left Winger,28,0.9,0.7,0.20000000000000007,Sparta Rotterdam
Eredivisie,23/24,468,587588,Camiel Neghli,Right Winger,22,0.8,0.45,0.35000000000000003,Sparta Rotterdam
Eredivisie,23/24,468,272206,Tobias Lauritsen,Centre-Forward,26,5.0,3.0,2.0,Sparta Rotterdam
Eredivisie,23/24,468,595028,Charles-Andreas Brym,Centre-Forward,25,0.55,0.325,0.22500000000000003,Sparta Rotterdam
Eredivisie,23/24,385,371013,Ivor Pandur,Goalkeeper,24,2.0,2.0,0.0,Fortuna Sittard
Eredivisie,23/24,385,288259,Michael Verrips,Goalkeeper,27,0.65,0.6,0.050000000000000044,Fortuna Sittard
Eredivisie,23/24,385,235108,Luuk Koopmans,Goalkeeper,30,0.225,0.275,-0.05000000000000002,Fortuna Sittard
Eredivisie,23/24,385,687560,Tom Hendriks,Goalkeeper,22,0.05,0.05,0.0,Fortuna Sittard
Eredivisie,23/24,385,492313,Rodrigo Guth,Centre-Back,23,2.5,2.0,0.5,Fortuna Sittard
Eredivisie,23/24,385,371002,Stipe Radic,Centre-Back,24,0.8,0.6,0.20000000000000007,Fortuna Sittard
Eredivisie,23/24,385,52403,Dimitrios Siovas,Centre-Back,35,0.35,0.45,-0.10000000000000003,Fortuna Sittard
Eredivisie,23/24,385,187245,Mitchell Dijks,Left-Back,31,0.85,1.0,-0.15000000000000002,Fortuna Sittard
Eredivisie,23/24,385,805835,Rémy Vita,Left-Back,23,0.5,0.7,-0.19999999999999996,Fortuna Sittard
Eredivisie,23/24,385,82281,Ivo Pinto,Right-Back,34,0.45,0.5,-0.04999999999999999,Fortuna Sittard
Eredivisie,23/24,385,451576,Nathan Markelo,Right-Back,25,0.25,0.275,-0.025000000000000022,Fortuna Sittard
Eredivisie,23/24,385,432852,Deroy Duarte,Central Midfield,24,1.0,0.6,0.4,Fortuna Sittard
Eredivisie,23/24,385,77966,Oğuzhan Özyakup,Central Midfield,31,0.6,0.9,-0.30000000000000004,Fortuna Sittard
Eredivisie,23/24,385,247380,Arianit Ferati,Attacking Midfield,26,0.65,0.6,0.050000000000000044,Fortuna Sittard
Eredivisie,23/24,385,457736,Tijjani Noslin,Left Winger,24,10.0,0.75,9.25,Fortuna Sittard
Eredivisie,23/24,385,251848,Iñigo Córdoba,Left Winger,27,1.5,2.3,-0.7999999999999998,Fortuna Sittard
Eredivisie,23/24,385,410854,Ragnar Oratmangoen,Left Winger,26,0.45,0.45,0.0,Fortuna Sittard
Eredivisie,23/24,385,409886,Úmaro Embaló,Right Winger,23,1.0,1.0,0.0,Fortuna Sittard
Eredivisie,23/24,385,515396,Iman Griffith,Right Winger,22,0.4,0.5,-0.09999999999999998,Fortuna Sittard
Eredivisie,23/24,385,594240,Tunahan Taşçı,Right Winger,22,0.3,0.15,0.15,Fortuna Sittard
Eredivisie,23/24,385,180843,Paul Gladon,Centre-Forward,32,0.3,0.5,-0.2,Fortuna Sittard
Eredivisie,23/24,499,296741,Markus Schubert,Goalkeeper,26,0.3,0.4,-0.10000000000000003,Vitesse
Eredivisie,23/24,499,412946,Daan Reiziger,Goalkeeper,23,0.15,0.35,-0.19999999999999998,Vitesse
Eredivisie,23/24,499,436064,Ramon Hendriks,Centre-Back,22,0.8,0.75,0.050000000000000044,Vitesse
Eredivisie,23/24,499,353559,Dominik Oroz,Centre-Back,23,0.4,0.6,-0.19999999999999996,Vitesse
Eredivisie,23/24,499,147846,Nicolas Isimat-Mirin,Centre-Back,32,0.325,0.45,-0.125,Vitesse
Eredivisie,23/24,499,196793,Maximilian Wittek,Left-Back,28,2.0,2.0,0.0,Vitesse
Eredivisie,23/24,499,177866,Mica Pinto,Left-Back,31,0.7,0.9,-0.20000000000000007,Vitesse
Eredivisie,23/24,499,371686,Carlens Arcus,Right-Back,28,0.7,1.5,-0.8,Vitesse
Eredivisie,23/24,499,536521,Romaric Yapi,Right-Back,23,0.3,0.3,0.0,Vitesse
Eredivisie,23/24,499,607164,Enzo Cornelisse,Defensive Midfield,22,0.375,0.55,-0.17500000000000004,Vitesse
Eredivisie,23/24,499,426280,Melle Meulensteen,Central Midfield,24,0.9,2.0,-1.1,Vitesse
Eredivisie,23/24,499,608889,Mathijs Tielemans,Central Midfield,22,0.8,0.5,0.30000000000000004,Vitesse
Eredivisie,23/24,499,147034,Marco van Ginkel,Central Midfield,31,0.75,1.3,-0.55,Vitesse
Eredivisie,23/24,499,344649,Toni Domgjoni,Central Midfield,25,0.45,0.8,-0.35000000000000003,Vitesse
Eredivisie,23/24,499,564448,Daan Huisman,Central Midfield,21,0.35,0.5,-0.15000000000000002,Vitesse
Eredivisie,23/24,499,79027,Davy Pröpper,Central Midfield,32,0.3,0.6,-0.3,Vitesse
Eredivisie,23/24,499,554284,Kacper Kozłowski,Attacking Midfield,20,5.0,8.0,-3.0,Vitesse
Eredivisie,23/24,499,747243,Gyan de Regt,Left Winger,20,0.4,0.1,0.30000000000000004,Vitesse
Eredivisie,23/24,499,564449,Million Manhoef,Right Winger,22,3.5,3.5,0.0,Vitesse
Eredivisie,23/24,499,723008,Miliano Jonathans,Right Winger,20,0.35,0.2,0.14999999999999997,Vitesse
Eredivisie,23/24,499,678546,Mexx Meerdink,Centre-Forward,20,0.9,1.5,-0.6,Vitesse
Eredivisie,23/24,499,357826,Thomas Buitink,Centre-Forward,24,0.6,0.65,-0.050000000000000044,Vitesse
Eredivisie,23/24,499,594039,Fodé Fofana,Centre-Forward,21,0.35,0.35,0.0,Vitesse
Eredivisie,23/24,499,602597,Simon van Duivenbooden,Centre-Forward,22,0.15,0.225,-0.07500000000000001,Vitesse
Eredivisie,23/24,798,301696,Stijn van Gassel,Goalkeeper,27,0.8,0.9,-0.09999999999999998,Excelsior
Eredivisie,23/24,798,278938,Norbert Alblas,Goalkeeper,29,0.15,0.25,-0.1,Excelsior
Eredivisie,23/24,798,796490,Pascal Kuiper,Goalkeeper,20,0.075,0.125,-0.05,Excelsior
Eredivisie,23/24,798,314915,Siebe Horemans,Centre-Back,26,1.2,0.65,0.5499999999999999,Excelsior
Eredivisie,23/24,798,480730,Redouan El Yaakoubi,Centre-Back,28,0.85,0.7,0.15000000000000002,Excelsior
Eredivisie,23/24,798,361207,Kik Pierie,Centre-Back,23,0.8,0.9,-0.09999999999999998,Excelsior
Eredivisie,23/24,798,618038,Serano Seymor,Centre-Back,22,0.35,0.3,0.04999999999999999,Excelsior
Eredivisie,23/24,798,187291,Sven Nieuwpoort,Centre-Back,31,0.275,0.325,-0.04999999999999999,Excelsior
Eredivisie,23/24,798,591880,Mimeirhel Benita,Right-Back,20,0.85,0.7,0.15000000000000002,Excelsior
Eredivisie,23/24,798,412943,Kenzo Goudmijn,Central Midfield,22,1.8,1.3,0.5,Excelsior
Eredivisie,23/24,798,616340,Julian Baas,Central Midfield,22,1.3,0.8,0.5,Excelsior
Eredivisie,23/24,798,559333,Kian Fitz-Jim,Central Midfield,20,1.0,1.3,-0.30000000000000004,Excelsior
Eredivisie,23/24,798,595238,Lennard Hartjes,Central Midfield,21,0.5,0.3,0.2,Excelsior
Eredivisie,23/24,798,379979,Adrian Fein,Central Midfield,25,0.225,0.6,-0.375,Excelsior
Eredivisie,23/24,798,182573,Yassin Ayoub,Central Midfield,30,0.2,0.4,-0.2,Excelsior
Eredivisie,23/24,798,536477,Arthur Zagré,Left Midfield,22,1.3,0.7,0.6000000000000001,Excelsior
Eredivisie,23/24,798,378316,Lance Duijvestijn,Attacking Midfield,25,0.7,0.5,0.19999999999999996,Excelsior
Eredivisie,23/24,798,578544,Noah Naujoks,Attacking Midfield,22,0.45,0.45,0.0,Excelsior
Eredivisie,23/24,798,593837,Couhaib Driouech,Left Winger,22,4.0,0.65,3.35,Excelsior
Eredivisie,23/24,798,292356,Lazaros Labrou,Left Winger,26,0.75,0.6,0.15000000000000002,Excelsior
Eredivisie,23/24,798,553217,Jacky Donkor,Left Winger,25,0.225,0.3,-0.07499999999999998,Excelsior
Eredivisie,23/24,798,608407,Derensili Sanches Fernandes,Right Winger,23,0.45,0.275,0.175,Excelsior
Eredivisie,23/24,798,477274,Nikolas Agrafiotis,Centre-Forward,24,0.6,0.4,0.19999999999999996,Excelsior
Eredivisie,23/24,798,183397,Mike van Duinen,Centre-Forward,32,0.2,0.25,-0.04999999999999999,Excelsior
Eredivisie,23/24,798,808646,Raphaël Eyongo,Centre-Forward,21,0.075,0.1,-0.02500000000000001,Excelsior
Eredivisie,23/24,1435,315253,Jeffrey de Lange,Goalkeeper,26,3.0,0.75,2.25,Go Ahead Eagles
Eredivisie,23/24,1435,56631,Erwin Mulder,Goalkeeper,35,0.15,0.25,-0.1,Go Ahead Eagles
Eredivisie,23/24,1435,690624,Sven Jansen,Goalkeeper,19,0.05,0.05,0.0,Go Ahead Eagles
Eredivisie,23/24,1435,326329,Joris Kramer,Centre-Back,27,1.2,0.65,0.5499999999999999,Go Ahead Eagles
Eredivisie,23/24,1435,289651,Jamal Amofa,Centre-Back,25,0.75,0.75,0.0,Go Ahead Eagles
Eredivisie,23/24,1435,85904,Gerrit Nauber,Centre-Back,32,0.45,0.5,-0.04999999999999999,Go Ahead Eagles
Eredivisie,23/24,1435,624698,Pim Saathof,Centre-Back,20,0.1,0.075,0.02500000000000001,Go Ahead Eagles
Eredivisie,23/24,1435,187188,Bas Kuipers,Left-Back,29,1.3,0.7,0.6000000000000001,Go Ahead Eagles
Eredivisie,23/24,1435,529223,Dean James,Left-Back,24,0.25,0.25,0.0,Go Ahead Eagles
Eredivisie,23/24,1435,451673,Aventis Aventisyan,Left-Back,21,0.05,0.075,-0.024999999999999994,Go Ahead Eagles
Eredivisie,23/24,1435,369554,Mats Deijl,Right-Back,26,1.2,0.7,0.5,Go Ahead Eagles
Eredivisie,23/24,1435,588744,Luca Everink,Right-Back,23,0.3,0.15,0.15,Go Ahead Eagles
Eredivisie,23/24,1435,361112,Evert Linthorst,Defensive Midfield,24,1.2,0.5,0.7,Go Ahead Eagles
Eredivisie,23/24,1435,412945,Enric Llansana,Defensive Midfield,23,0.7,0.5,0.19999999999999996,Go Ahead Eagles
Eredivisie,23/24,1435,496873,Xander Blomme,Defensive Midfield,22,0.55,0.35,0.20000000000000007,Go Ahead Eagles
Eredivisie,23/24,1435,340791,Philippe Rommens,Central Midfield,26,3.5,1.2,2.3,Go Ahead Eagles
Eredivisie,23/24,1435,455127,Willum Thór Willumsson,Attacking Midfield,25,3.0,1.3,1.7,Go Ahead Eagles
Eredivisie,23/24,1435,374326,Oliver Edvardsen,Left Winger,25,2.3,1.0,1.2999999999999998,Go Ahead Eagles
Eredivisie,23/24,1435,315130,Rashaan Fernandes,Left Winger,25,0.25,0.4,-0.15000000000000002,Go Ahead Eagles
Eredivisie,23/24,1435,834768,Darío Serra,Left Winger,21,0.1,0.1,0.0,Go Ahead Eagles
Eredivisie,23/24,1435,331514,Bobby Adekanye,Right Winger,25,0.9,0.8,0.09999999999999998,Go Ahead Eagles
Eredivisie,23/24,1435,343184,Sylla Sow,Centre-Forward,27,0.7,0.3,0.39999999999999997,Go Ahead Eagles
Eredivisie,23/24,1435,241486,Finn Stokkers,Centre-Forward,28,0.45,0.45,0.0,Go Ahead Eagles
Eredivisie,23/24,1269,361082,Jasper Schendelaar,Goalkeeper,23,1.3,0.6,0.7000000000000001,PEC Zwolle
Eredivisie,23/24,1269,297373,Mike Hauptmeijer,Goalkeeper,27,0.075,0.1,-0.02500000000000001,PEC Zwolle
Eredivisie,23/24,1269,933570,Duke Verduin,Goalkeeper,20,0.025,0.025,0.0,PEC Zwolle
Eredivisie,23/24,1269,631904,Anselmo García MacNulty,Centre-Back,21,1.0,0.4,0.6,PEC Zwolle
Eredivisie,23/24,1269,430797,Sam Kersten,Centre-Back,26,0.8,0.65,0.15000000000000002,PEC Zwolle
Eredivisie,23/24,1269,57328,Bart van Hintum,Left-Back,37,0.1,0.275,-0.17500000000000002,PEC Zwolle
Eredivisie,23/24,1269,538057,Eliano Reijnders,Right-Back,23,0.65,0.4,0.25,PEC Zwolle
Eredivisie,23/24,1269,611816,Daijiro Chirino,Right-Back,22,0.4,0.15,0.25,PEC Zwolle
Eredivisie,23/24,1269,443746,Luis Görlich,Right-Back,24,0.3,0.2,0.09999999999999998,PEC Zwolle
Eredivisie,23/24,1269,41583,Bram van Polen,Right-Back,38,0.1,0.15,-0.04999999999999999,PEC Zwolle
Eredivisie,23/24,1269,361066,Davy van den Berg,Defensive Midfield,24,1.5,0.45,1.05,PEC Zwolle
Eredivisie,23/24,1269,203357,Ryan Thomas,Defensive Midfield,29,0.9,1.3,-0.4,PEC Zwolle
Eredivisie,23/24,1269,595940,Zico Buurmeester,Central Midfield,22,0.7,0.55,0.1499999999999999,PEC Zwolle
Eredivisie,23/24,1269,593774,Anouar El Azzouzi,Central Midfield,23,0.65,0.35,0.30000000000000004,PEC Zwolle
Eredivisie,23/24,1269,530258,Dean Huiberts,Central Midfield,24,0.5,0.45,0.04999999999999999,PEC Zwolle
Eredivisie,23/24,1269,360520,Odysseus Velanas,Attacking Midfield,26,0.75,0.6,0.15000000000000002,PEC Zwolle
Eredivisie,23/24,1269,447216,Anthony Fontana,Attacking Midfield,24,0.35,1.0,-0.65,PEC Zwolle
Eredivisie,23/24,1269,564620,Samir Lagsir,Attacking Midfield,21,0.2,0.15,0.05000000000000002,PEC Zwolle
Eredivisie,23/24,1269,540927,Kaj de Rooij,Left Winger,23,0.35,0.45,-0.10000000000000003,PEC Zwolle
Eredivisie,23/24,1269,227039,Younes Namli,Right Winger,30,1.6,0.9,0.7000000000000001,PEC Zwolle
Eredivisie,23/24,1269,386164,Silvester van der Water,Right Winger,27,0.45,0.7,-0.24999999999999994,PEC Zwolle
Eredivisie,23/24,1269,23553,Lennart Thy,Centre-Forward,32,0.6,0.525,0.07499999999999996,PEC Zwolle
Eredivisie,23/24,1269,124495,Apostolos Vellios,Centre-Forward,32,0.275,0.2,0.07500000000000001,PEC Zwolle
Eredivisie,23/24,723,534015,Nordin Bakker,Goalkeeper,26,0.8,0.425,0.37500000000000006,Almere City
Eredivisie,23/24,723,458417,Stijn Keller,Goalkeeper,24,0.075,0.075,0.0,Almere City
Eredivisie,23/24,723,361124,Joey Jacobs,Centre-Back,24,0.65,0.3,0.35000000000000003,Almere City
Eredivisie,23/24,723,241420,Damian van Bruggen,Centre-Back,28,0.65,0.35,0.30000000000000004,Almere City
Eredivisie,23/24,723,484987,Théo Barbet,Centre-Back,23,0.55,0.4,0.15000000000000002,Almere City
Eredivisie,23/24,723,477249,Christopher Mamengi,Centre-Back,23,0.35,0.425,-0.07500000000000001,Almere City
Eredivisie,23/24,723,351216,Manel Royo,Left-Back,30,0.35,0.225,0.12499999999999997,Almere City
Eredivisie,23/24,723,480457,Thomas Poll,Left-Back,22,0.325,0.3,0.025000000000000022,Almere City
Eredivisie,23/24,723,738478,Jason van Duiven,Right-Back,19,1.0,1.0,0.0,Almere City
Eredivisie,23/24,723,590773,Hamdi Akujobi,Right-Back,24,0.55,0.35,0.20000000000000007,Almere City
Eredivisie,23/24,723,361074,Peer Koopmeiners,Defensive Midfield,24,1.8,0.7,1.1,Almere City
Eredivisie,23/24,723,793099,Stije Resink,Defensive Midfield,21,1.0,0.4,0.6,Almere City
Eredivisie,23/24,723,90343,Danny Post,Defensive Midfield,35,0.075,0.25,-0.175,Almere City
Eredivisie,23/24,723,156887,Álvaro Peña,Central Midfield,32,0.4,0.4,0.0,Almere City
Eredivisie,23/24,723,706896,Marcelencio Esajas,Central Midfield,22,0.15,0.125,0.024999999999999994,Almere City
Eredivisie,23/24,723,865281,Jochem Ritmeester van de Kamp,Attacking Midfield,20,0.9,0.3,0.6000000000000001,Almere City
Eredivisie,23/24,723,378316,Lance Duijvestijn,Attacking Midfield,25,0.7,0.5,0.19999999999999996,Almere City
Eredivisie,23/24,723,547354,Pascu,Attacking Midfield,24,0.25,0.225,0.024999999999999994,Almere City
Eredivisie,23/24,723,338632,Milan Corryn,Attacking Midfield,25,0.2,0.15,0.05000000000000002,Almere City
Eredivisie,23/24,723,140803,Anthony Limbombe,Left Winger,29,0.7,0.8,-0.10000000000000009,Almere City
Eredivisie,23/24,723,432698,Kornelius Normann,Left Winger,23,0.6,0.45,0.14999999999999997,Almere City
Eredivisie,23/24,723,730573,Faiz Mattoir,Left Winger,23,0.3,0.3,0.0,Almere City
Eredivisie,23/24,723,361071,Bradly van Hoeven,Left Winger,24,0.275,0.35,-0.07499999999999996,Almere City
Eredivisie,23/24,723,77001,Rajiv van La Parra,Left Winger,33,0.25,0.3,-0.04999999999999999,Almere City
Eredivisie,23/24,723,667263,Jeffry Puriel,Left Winger,21,0.05,0.075,-0.024999999999999994,Almere City
Eredivisie,23/24,1304,231650,Michael Brouwer,Goalkeeper,31,0.7,0.55,0.1499999999999999,Heracles
Eredivisie,23/24,1304,462285,Fabian de Keijzer,Goalkeeper,24,0.5,0.7,-0.19999999999999996,Heracles
Eredivisie,23/24,1304,463526,Robin Jalving,Goalkeeper,24,0.05,0.05,0.0,Heracles
Eredivisie,23/24,1304,703778,Timo Jansink,Goalkeeper,21,0.025,0.025,0.0,Heracles
Eredivisie,23/24,1304,411287,Justin Hoogma,Centre-Back,26,0.9,1.0,-0.09999999999999998,Heracles
Eredivisie,23/24,1304,339151,Sven Sonnenberg,Centre-Back,25,0.45,0.225,0.225,Heracles
Eredivisie,23/24,1304,464906,Sava-Arangel Cestic,Centre-Back,23,0.4,0.6,-0.19999999999999996,Heracles
Eredivisie,23/24,1304,146258,Jetro Willems,Centre-Back,30,0.4,0.7,-0.29999999999999993,Heracles
Eredivisie,23/24,1304,539665,Fredrik Oppegård,Left-Back,21,0.6,0.65,-0.050000000000000044,Heracles
Eredivisie,23/24,1304,538963,Ruben Roosken,Left-Back,24,0.45,0.5,-0.04999999999999999,Heracles
Eredivisie,23/24,1304,703775,Chiel Olde Keizer,Left-Back,21,0.05,0.025,0.025,Heracles
Eredivisie,23/24,1304,339330,Navajo Bakboord,Right-Back,25,0.45,0.3,0.15000000000000002,Heracles
Eredivisie,23/24,1304,150663,Sylian Mokono,Right-Back,25,0.15,0.2,-0.05000000000000002,Heracles
Eredivisie,23/24,1304,429916,Brian De Keersmaecker,Defensive Midfield,24,0.9,0.45,0.45,Heracles
Eredivisie,23/24,1304,618083,Sem Scheperman,Defensive Midfield,22,0.3,0.1,0.19999999999999998,Heracles
Eredivisie,23/24,1304,59594,Marko Vejinović,Defensive Midfield,34,0.275,0.45,-0.175,Heracles
Eredivisie,23/24,1304,391555,Melih İbrahimoğlu,Central Midfield,23,0.325,0.15,0.17500000000000002,Heracles
Eredivisie,23/24,1304,240889,Anas Ouahim,Attacking Midfield,26,0.5,0.45,0.04999999999999999,Heracles
Eredivisie,23/24,1304,241378,Jordy Bruijn,Attacking Midfield,27,0.45,0.6,-0.14999999999999997,Heracles
Eredivisie,23/24,1304,172202,Thomas Bruns,Attacking Midfield,32,0.35,0.4,-0.050000000000000044,Heracles
Eredivisie,23/24,1304,276002,Emil Hansson,Left Winger,26,1.5,1.3,0.19999999999999996,Heracles
Eredivisie,23/24,1304,93637,Mario Engels,Left Winger,30,0.45,0.4,0.04999999999999999,Heracles
Eredivisie,23/24,1304,455662,Abdenego Nankishi,Left Winger,21,0.45,0.25,0.2,Heracles
Eredivisie,23/24,1304,290555,Nikolai Laursen,Right Winger,26,0.9,0.9,0.0,Heracles
Eredivisie,23/24,1304,502288,Bryan Limbombe,Right Winger,23,0.6,0.7,-0.09999999999999998,Heracles
Eredivisie,23/24,1304,185817,Jizz Hornkamp,Centre-Forward,26,1.0,0.65,0.35,Heracles
Eredivisie,23/24,1304,572919,Mohamed Sankoh,Centre-Forward,20,0.7,0.7,0.0,Heracles
Eredivisie,23/24,1304,679414,Antonio Satriano,Centre-Forward,20,0.225,0.3,-0.07499999999999998,Heracles
Eredivisie,23/24,724,434861,Barry Lauwers,Goalkeeper,24,0.15,0.175,-0.024999999999999994,Volendam
Eredivisie,23/24,724,790669,Kayne van Oevelen,Goalkeeper,20,0.05,0.05,0.0,Volendam
Eredivisie,23/24,724,640432,Xavier Mbuyamba,Centre-Back,22,1.0,2.0,-1.0,Volendam
Eredivisie,23/24,724,257986,Damon Mirani,Centre-Back,28,0.55,0.55,0.0,Volendam
Eredivisie,23/24,724,387199,Benaissa Benamar,Centre-Back,27,0.55,0.7,-0.1499999999999999,Volendam
Eredivisie,23/24,724,474838,Brian Plat,Centre-Back,24,0.5,0.6,-0.09999999999999998,Volendam
Eredivisie,23/24,724,638666,Josh Flint,Centre-Back,23,0.45,0.3,0.15000000000000002,Volendam
Eredivisie,23/24,724,1008564,Billy van Duijl,Centre-Back,18,0.1,0.125,-0.024999999999999994,Volendam
Eredivisie,23/24,724,457341,Derry Murkin,Left-Back,24,1.8,0.9,0.9,Volendam
Eredivisie,23/24,724,359692,George Cox,Left-Back,26,0.65,0.85,-0.19999999999999996,Volendam
Eredivisie,23/24,724,293283,Oskar Buur,Right-Back,26,0.4,0.35,0.050000000000000044,Volendam
Eredivisie,23/24,724,790411,Déron Payne,Right-Back,21,0.275,0.075,0.2,Volendam
Eredivisie,23/24,724,612758,Calvin Twigt,Defensive Midfield,21,0.65,0.65,0.0,Volendam
Eredivisie,23/24,724,929347,Imran Nazih,Central Midfield,18,0.15,0.15,0.0,Volendam
Eredivisie,23/24,724,702856,Joey Antonioli,Central Midfield,20,0.1,0.075,0.02500000000000001,Volendam
Eredivisie,23/24,724,790482,Flip Klomp,Central Midfield,22,0.075,0.075,0.0,Volendam
Eredivisie,23/24,724,250030,Robin Maulun,Attacking Midfield,27,0.45,0.65,-0.2,Volendam
Eredivisie,23/24,724,1046796,Diego Gustavo,Attacking Midfield,20,0.025,0.025,0.0,Volendam
Eredivisie,23/24,724,672100,Darius Johnson,Left Winger,24,0.275,0.075,0.2,Volendam
Eredivisie,23/24,724,516761,Achraf Douiri,Left Winger,24,0.2,0.2,0.0,Volendam
Eredivisie,23/24,724,508642,Ibrahim El Kadiri,Left Winger,22,0.15,0.35,-0.19999999999999998,Volendam
Eredivisie,23/24,724,241324,Bilal Ould-Chikh,Right Winger,26,0.6,0.35,0.25,Volendam
Eredivisie,23/24,724,177821,Daryl van Mieghem,Right Winger,34,0.4,0.5,-0.09999999999999998,Volendam
Eredivisie,23/24,724,728864,Lequincio Zeefuik,Centre-Forward,19,1.0,0.35,0.65,Volendam
Eredivisie,23/24,724,186763,Robert Mühren,Centre-Forward,35,0.3,0.4,-0.10000000000000003,Volendam
Eredivisie,23/24,724,727531,Koen Blommestijn,Centre-Forward,24,0.1,0.15,-0.04999999999999999,Volendam
Eredivisie,23/24,235,387197,Etienne Vaessen,Goalkeeper,28,1.5,1.0,0.5,RKC Waalwijk
Eredivisie,23/24,235,257980,Jeroen Houwen,Goalkeeper,28,0.25,0.25,0.0,RKC Waalwijk
Eredivisie,23/24,235,383705,Mark Spenkelink,Goalkeeper,27,0.125,0.1,0.024999999999999994,RKC Waalwijk
Eredivisie,23/24,235,471691,Joey Kesting,Goalkeeper,23,0.05,0.05,0.0,RKC Waalwijk
Eredivisie,23/24,235,358021,Shawn Adewoye,Centre-Back,24,1.3,0.9,0.4,RKC Waalwijk
Eredivisie,23/24,235,235274,Dario Van den Buijs,Centre-Back,28,0.75,0.55,0.19999999999999996,RKC Waalwijk
Eredivisie,23/24,235,328455,Juriën Gaari,Centre-Back,30,0.45,0.45,0.0,RKC Waalwijk
Eredivisie,23/24,235,451297,Luuk Wouters,Centre-Back,25,0.3,0.175,0.125,RKC Waalwijk
Eredivisie,23/24,235,88721,Jeffrey Bruma,Centre-Back,32,0.25,0.45,-0.2,RKC Waalwijk
Eredivisie,23/24,235,416802,Thierry Lutonda,Left-Back,23,0.4,0.6,-0.19999999999999996,RKC Waalwijk
Eredivisie,23/24,235,56836,Aaron Meijers,Left-Back,36,0.15,0.2,-0.05000000000000002,RKC Waalwijk
Eredivisie,23/24,235,337673,Julian Lelieveld,Right-Back,26,0.85,0.7,0.15000000000000002,RKC Waalwijk
Eredivisie,23/24,235,433933,Kevin Felida,Defensive Midfield,24,0.3,0.3,0.0,RKC Waalwijk
Eredivisie,23/24,235,566911,Yassin Oukili,Central Midfield,23,1.7,0.6,1.1,RKC Waalwijk
Eredivisie,23/24,235,433805,Patrick Vroegh,Central Midfield,24,0.225,0.375,-0.15,RKC Waalwijk
Eredivisie,23/24,235,187809,Mats Seuntjens,Attacking Midfield,32,0.85,1.2,-0.35,RKC Waalwijk
Eredivisie,23/24,235,671675,Chris Lokesa,Left Winger,19,0.6,0.35,0.25,RKC Waalwijk
Eredivisie,23/24,235,203378,Zakaria Bakkali,Left Winger,28,0.25,0.3,-0.04999999999999999,RKC Waalwijk
Eredivisie,23/24,235,582131,Denilho Cleonise,Right Winger,22,0.55,0.35,0.20000000000000007,RKC Waalwijk
Eredivisie,23/24,235,604813,David Min,Centre-Forward,25,0.8,0.225,0.5750000000000001,RKC Waalwijk
Eredivisie,23/24,235,465326,Richonell Margaret,Centre-Forward,23,0.35,0.25,0.09999999999999998,RKC Waalwijk
Eredivisie,23/24,235,56523,Michiel Kramer,Centre-Forward,35,0.275,0.4,-0.125,RKC Waalwijk
Eredivisie,24/25,234,196829,Timon Wellenreuther,Goalkeeper,29,6.0,7.0,-1.0,Feyenoord
Eredivisie,24/25,234,315121,Justin Bijlow,Goalkeeper,27,5.0,13.0,-8.0,Feyenoord
Eredivisie,24/25,234,646708,Mikki van Sas,Goalkeeper,21,0.4,0.4,0.0,Feyenoord
Eredivisie,24/25,234,404418,Dávid Hancko,Centre-Back,27,30.0,35.0,-5.0,Feyenoord
Eredivisie,24/25,234,420210,Lutsharel Geertruida,Centre-Back,24,20.0,32.0,-12.0,Feyenoord
Eredivisie,24/25,234,593862,Thomas Beelen,Centre-Back,24,8.0,12.0,-4.0,Feyenoord
Eredivisie,24/25,234,59145,Gernot Trauner,Centre-Back,33,2.5,3.5,-1.0,Feyenoord
Eredivisie,24/25,234,503640,Neraysho Kasanwirjo,Centre-Back,23,1.8,1.8,0.0,Feyenoord
Eredivisie,24/25,234,514285,Quilindschy Hartman,Left-Back,23,14.0,23.0,-9.0,Feyenoord
Eredivisie,24/25,234,374212,Gijs Smal,Left-Back,27,7.0,6.0,1.0,Feyenoord
Eredivisie,24/25,234,432175,Marcos López,Left-Back,25,2.5,3.0,-0.5,Feyenoord
Eredivisie,24/25,234,997903,Givairo Read,Right-Back,19,16.0,0.8,15.2,Feyenoord
Eredivisie,24/25,234,583404,Marcus Pedersen,Right-Back,24,3.0,5.5,-2.5,Feyenoord
Eredivisie,24/25,234,257987,Bart Nieuwkoop,Right-Back,29,2.0,4.0,-2.0,Feyenoord
Eredivisie,24/25,234,416660,Ramiz Zerrouki,Defensive Midfield,27,5.0,9.0,-4.0,Feyenoord
Eredivisie,24/25,234,420213,Quinten Timber,Central Midfield,24,30.0,28.0,2.0,Feyenoord
Eredivisie,24/25,234,571149,Gjivai Zechiël,Central Midfield,21,4.0,0.6,3.4,Feyenoord
Eredivisie,24/25,234,683620,Antoni Milambo,Attacking Midfield,20,18.0,6.0,12.0,Feyenoord
Eredivisie,24/25,234,387105,Luka Ivanušec,Attacking Midfield,26,3.5,12.0,-8.5,Feyenoord
Eredivisie,24/25,234,595247,Shiloh 't Zand,Attacking Midfield,22,0.9,1.5,-0.6,Feyenoord
Eredivisie,24/25,234,653610,Igor Paixão,Left Winger,25,35.0,14.0,21.0,Feyenoord
Eredivisie,24/25,234,710886,Leo Sauer,Left Winger,19,5.0,5.0,0.0,Feyenoord
Eredivisie,24/25,234,917911,Anis Hadj Moussa,Right Winger,23,14.0,2.0,12.0,Feyenoord
Eredivisie,24/25,234,409344,Calvin Stengs,Right Winger,26,7.0,15.0,-8.0,Feyenoord
Eredivisie,24/25,234,321195,Ondrej Lingr,Right Winger,26,3.0,3.5,-0.5,Feyenoord
Eredivisie,24/25,234,552955,Santiago Gimenez,Centre-Forward,24,30.0,40.0,-10.0,Feyenoord
Eredivisie,24/25,234,589128,Ayase Ueda,Centre-Forward,26,8.0,8.0,0.0,Feyenoord
Eredivisie,24/25,383,296802,Walter Benítez,Goalkeeper,32,7.5,13.0,-5.5,PSV
Eredivisie,24/25,383,333640,Joël Drommel,Goalkeeper,28,1.5,2.5,-1.0,PSV
Eredivisie,24/25,383,723005,Niek Schiks,Goalkeeper,21,0.25,0.25,0.0,PSV
Eredivisie,24/25,383,720805,Tijn Smolenaars,Goalkeeper,20,0.1,0.075,0.02500000000000001,PSV
Eredivisie,24/25,383,586429,Ryan Flamingo,Centre-Back,22,20.0,7.0,13.0,PSV
Eredivisie,24/25,383,318508,Olivier Boscagli,Centre-Back,27,20.0,27.0,-7.0,PSV
Eredivisie,24/25,383,339337,Armando Obispo,Centre-Back,26,3.0,3.5,-0.5,PSV
Eredivisie,24/25,383,738481,Emmanuel van de Blaak,Centre-Back,20,0.45,0.45,0.0,PSV
Eredivisie,24/25,383,323910,Mauro Júnior,Left-Back,26,12.0,7.0,5.0,PSV
Eredivisie,24/25,383,654918,Matteo Dams,Left-Back,21,4.5,0.35,4.15,PSV
Eredivisie,24/25,383,539665,Fredrik Oppegård,Left-Back,22,0.6,0.6,0.0,PSV
Eredivisie,24/25,383,361104,Sergiño Dest,Right-Back,24,16.0,22.0,-6.0,PSV
Eredivisie,24/25,383,364245,Jordan Teze,Right-Back,25,9.0,18.0,-9.0,PSV
Eredivisie,24/25,383,575367,Richard Ledezma,Right-Back,24,3.0,0.9,2.1,PSV
Eredivisie,24/25,383,347900,Jerdy Schouten,Defensive Midfield,28,22.0,28.0,-6.0,PSV
Eredivisie,24/25,383,816974,Tygo Land,Defensive Midfield,19,2.0,3.0,-1.0,PSV
Eredivisie,24/25,383,408574,Joey Veerman,Central Midfield,26,25.0,40.0,-15.0,PSV
Eredivisie,24/25,383,467437,Malik Tillman,Attacking Midfield,23,32.0,20.0,12.0,PSV
Eredivisie,24/25,383,702869,Ismael Saibari,Attacking Midfield,24,27.0,16.0,11.0,PSV
Eredivisie,24/25,383,372267,Guus Til,Attacking Midfield,27,12.0,12.0,0.0,PSV
Eredivisie,24/25,383,813437,Isaac Babadi,Attacking Midfield,20,3.0,6.0,-3.0,PSV
Eredivisie,24/25,383,339332,Noa Lang,Left Winger,26,25.0,18.0,7.0,PSV
Eredivisie,24/25,383,316889,Hirving Lozano,Left Winger,29,10.0,15.0,-5.0,PSV
Eredivisie,24/25,383,593837,Couhaib Driouech,Left Winger,23,4.0,4.0,0.0,PSV
Eredivisie,24/25,383,565424,Johan Bakayoko,Right Winger,22,30.0,45.0,-15.0,PSV
Eredivisie,24/25,383,921345,Tay Abed,Right Winger,20,0.75,0.25,0.5,PSV
Eredivisie,24/25,383,627207,Ricardo Pepi,Centre-Forward,22,16.0,12.0,4.0,PSV
Eredivisie,24/25,383,72522,Luuk de Jong,Centre-Forward,34,2.5,3.5,-1.0,PSV
Eredivisie,24/25,383,746988,Jesper Uneken,Centre-Forward,20,0.6,0.5,0.09999999999999998,PSV
Eredivisie,24/25,610,448705,Diant Ramaj,Goalkeeper,23,7.0,18.0,-11.0,Ajax
Eredivisie,24/25,610,480453,Jay Gorter,Goalkeeper,25,0.9,1.5,-0.6,Ajax
Eredivisie,24/25,610,635129,Charlie Setford,Goalkeeper,21,0.4,0.6,-0.19999999999999996,Ajax
Eredivisie,24/25,610,25520,Remko Pasveer,Goalkeeper,41,0.15,0.15,0.0,Ajax
Eredivisie,24/25,610,371001,Josip Sutalo,Centre-Back,25,24.0,15.0,9.0,Ajax
Eredivisie,24/25,610,559327,Youri Baas,Centre-Back,22,12.0,1.0,11.0,Ajax
Eredivisie,24/25,610,662131,Ahmetcan Kaplan,Centre-Back,22,5.0,10.0,-5.0,Ajax
Eredivisie,24/25,610,488755,Jakov Medic,Centre-Back,26,2.0,2.0,0.0,Ajax
Eredivisie,24/25,610,765743,Dies Janse,Centre-Back,19,0.9,0.3,0.6000000000000001,Ajax
Eredivisie,24/25,610,891835,Nick Verschuren,Centre-Back,20,0.4,0.3,0.10000000000000003,Ajax
Eredivisie,24/25,610,904802,Jorrel Hato,Left-Back,19,35.0,30.0,5.0,Ajax
Eredivisie,24/25,610,339328,Owen Wijndal,Left-Back,25,3.5,5.5,-2.0,Ajax
Eredivisie,24/25,610,557407,Devyne Rensch,Right-Back,22,10.0,10.0,0.0,Ajax
Eredivisie,24/25,610,701055,Anton Gaaei,Right-Back,22,7.0,3.0,4.0,Ajax
Eredivisie,24/25,610,559324,Youri Regeer,Defensive Midfield,21,6.0,3.5,2.5,Ajax
Eredivisie,24/25,610,510310,Sivert Mannsverk,Defensive Midfield,23,4.0,6.0,-2.0,Ajax
Eredivisie,24/25,610,470394,Kenneth Taylor,Central Midfield,23,28.0,15.0,13.0,Ajax
Eredivisie,24/25,610,559333,Kian Fitz-Jim,Central Midfield,21,5.0,1.0,4.0,Ajax
Eredivisie,24/25,610,182932,Davy Klaassen,Central Midfield,32,3.5,4.0,-0.5,Ajax
Eredivisie,24/25,610,203938,Branco van den Boomen,Central Midfield,29,3.5,6.0,-2.5,Ajax
Eredivisie,24/25,610,787907,Benjamin Tahirović,Central Midfield,22,3.0,5.0,-2.0,Ajax
Eredivisie,24/25,610,61651,Jordan Henderson,Central Midfield,35,2.5,4.0,-1.5,Ajax
Eredivisie,24/25,610,891854,Gerald Alders,Right Midfield,20,0.275,0.2,0.07500000000000001,Ajax
Eredivisie,24/25,610,694186,Kristian Hlynsson,Attacking Midfield,21,4.0,7.0,-3.0,Ajax
Eredivisie,24/25,610,284165,Steven Bergwijn,Left Winger,27,14.0,18.0,-4.0,Ajax
Eredivisie,24/25,610,748804,Mika Godts,Left Winger,20,10.0,4.0,6.0,Ajax
Eredivisie,24/25,610,374326,Oliver Edvardsen,Left Winger,26,5.0,2.3,2.7,Ajax
Eredivisie,24/25,610,706889,Jaydon Banel,Left Winger,20,1.0,1.2,-0.19999999999999996,Ajax
Eredivisie,24/25,610,704773,Amourricho van Axel Dongen,Left Winger,20,0.4,0.6,-0.19999999999999996,Ajax
Eredivisie,24/25,610,742451,Carlos Forbs,Right Winger,21,8.0,8.0,0.0,Ajax
Eredivisie,24/25,610,129554,Steven Berghuis,Right Winger,33,3.5,6.0,-2.5,Ajax
Eredivisie,24/25,610,610429,Christian Rasmussen,Right Winger,22,1.5,2.0,-0.5,Ajax
Eredivisie,24/25,610,473169,Brian Brobbey,Centre-Forward,23,22.0,35.0,-13.0,Ajax
Eredivisie,24/25,610,197642,Chuba Akpom,Centre-Forward,29,7.0,12.0,-5.0,Ajax
Eredivisie,24/25,610,720799,Julian Rijkhoff,Centre-Forward,20,0.65,1.5,-0.85,Ajax
Eredivisie,24/25,1090,704772,Rome-Jayden Owusu-Oduro,Goalkeeper,20,6.0,0.9,5.1,AZ
Eredivisie,24/25,1090,738514,Tristan Kuijsten,Goalkeeper,20,0.3,0.3,0.0,AZ
Eredivisie,24/25,1090,116471,Hobie Verhulst,Goalkeeper,32,0.2,0.4,-0.2,AZ
Eredivisie,24/25,1090,595935,Sem Westerveld,Goalkeeper,22,0.2,0.4,-0.2,AZ
Eredivisie,24/25,1090,635371,Daniël Deen,Goalkeeper,22,0.125,0.15,-0.024999999999999994,AZ
Eredivisie,24/25,1090,646707,Wouter Goes,Centre-Back,21,10.0,5.0,5.0,AZ
Eredivisie,24/25,1090,479643,Alexandre Penetra,Centre-Back,23,9.0,4.5,4.5,AZ
Eredivisie,24/25,1090,216443,Riechedly Bazoer,Centre-Back,28,3.0,4.0,-1.0,AZ
Eredivisie,24/25,1090,646704,Maxim Dekker,Centre-Back,21,1.0,0.8,0.19999999999999996,AZ
Eredivisie,24/25,1090,112052,Bruno Martins Indi,Centre-Back,33,0.65,1.0,-0.35,AZ
Eredivisie,24/25,1090,801031,Lewis Schouten,Centre-Back,21,0.4,0.6,-0.19999999999999996,AZ
Eredivisie,24/25,1090,595937,Jorn Berkhout,Centre-Back,23,0.3,0.2,0.09999999999999998,AZ
Eredivisie,24/25,1090,661427,David Møller Wolfe,Left-Back,23,9.0,4.5,4.5,AZ
Eredivisie,24/25,1090,315254,Mees de Wit,Left-Back,27,1.5,2.5,-1.0,AZ
Eredivisie,24/25,1090,577394,Denso Kasius,Right-Back,22,4.0,2.0,2.0,AZ
Eredivisie,24/25,1090,361074,Peer Koopmeiners,Defensive Midfield,25,10.0,1.8,8.2,AZ
Eredivisie,24/25,1090,507223,Kristijan Belic,Defensive Midfield,24,3.5,5.0,-1.5,AZ
Eredivisie,24/25,1090,104223,Jordy Clasie,Defensive Midfield,34,1.5,2.5,-1.0,AZ
Eredivisie,24/25,1090,801029,Enoch Mastoras,Defensive Midfield,19,0.5,0.5,0.0,AZ
Eredivisie,24/25,1090,595940,Zico Buurmeester,Central Midfield,23,3.5,0.7,2.8,AZ
Eredivisie,24/25,1090,747017,Dave Kwakman,Central Midfield,20,2.0,0.7,1.3,AZ
Eredivisie,24/25,1090,578804,Sven Mijnans,Attacking Midfield,25,9.0,6.5,2.5,AZ
Eredivisie,24/25,1090,859035,Kees Smit,Attacking Midfield,19,5.0,0.8,4.2,AZ
Eredivisie,24/25,1090,735701,Ruben van Bommel,Left Winger,20,8.0,5.0,3.0,AZ
Eredivisie,24/25,1090,650712,Myron van Brederode,Left Winger,21,3.0,3.5,-0.5,AZ
Eredivisie,24/25,1090,800995,Ro-Zangelo Daal,Left Winger,21,0.75,0.5,0.25,AZ
Eredivisie,24/25,1090,718303,Ernest Poku,Right Winger,21,4.0,1.3,2.7,AZ
Eredivisie,24/25,1090,543501,Ibrahim Sadiq,Right Winger,25,3.5,2.5,1.0,AZ
Eredivisie,24/25,1090,795274,Mayckel Lahdo,Right Winger,22,3.0,3.0,0.0,AZ
Eredivisie,24/25,1090,747720,Jayden Addai,Right Winger,19,1.5,1.0,0.5,AZ
Eredivisie,24/25,1090,552655,Troy Parrott,Centre-Forward,23,14.0,4.5,9.5,AZ
Eredivisie,24/25,1090,678546,Mexx Meerdink,Centre-Forward,21,8.0,0.9,7.1,AZ
Eredivisie,24/25,1090,728864,Lequincio Zeefuik,Centre-Forward,20,0.85,1.0,-0.15000000000000002,AZ
Eredivisie,24/25,317,53696,Lars Unnerstall,Goalkeeper,34,2.0,3.5,-1.5,Twente
Eredivisie,24/25,317,430475,Issam El Maach,Goalkeeper,25,0.2,0.075,0.125,Twente
Eredivisie,24/25,317,703779,Sam Karssies,Goalkeeper,22,0.075,0.075,0.0,Twente
Eredivisie,24/25,317,33210,Przemyslaw Tyton,Goalkeeper,38,0.075,0.1,-0.02500000000000001,Twente
Eredivisie,24/25,317,562702,Mees Hilgers,Centre-Back,24,6.5,7.0,-0.5,Twente
Eredivisie,24/25,317,618086,Max Bruns,Centre-Back,22,2.5,0.8,1.7,Twente
Eredivisie,24/25,317,405892,Alec Van Hoorenbeeck,Centre-Back,26,0.8,0.9,-0.09999999999999998,Twente
Eredivisie,24/25,317,895089,Juliën Mesbahi,Centre-Back,19,0.15,0.175,-0.024999999999999994,Twente
Eredivisie,24/25,317,485584,Anass Salah-Eddine,Left-Back,23,8.0,1.2,6.8,Twente
Eredivisie,24/25,317,187188,Bas Kuipers,Left-Back,30,1.2,1.3,-0.10000000000000009,Twente
Eredivisie,24/25,317,983677,Mats Rots,Left-Back,19,1.0,0.25,0.75,Twente
Eredivisie,24/25,317,547499,Bart van Rooij,Right-Back,24,6.0,2.0,4.0,Twente
Eredivisie,24/25,317,332530,Alfons Sampsted,Right-Back,27,2.0,2.3,-0.2999999999999998,Twente
Eredivisie,24/25,317,559324,Youri Regeer,Defensive Midfield,21,6.0,3.5,2.5,Twente
Eredivisie,24/25,317,528652,Mathias Kjølø,Defensive Midfield,24,1.5,5.0,-3.5,Twente
Eredivisie,24/25,317,321204,Michal Sadílek,Central Midfield,26,8.0,8.0,0.0,Twente
Eredivisie,24/25,317,315128,Carel Eiting,Central Midfield,27,1.6,2.3,-0.6999999999999997,Twente
Eredivisie,24/25,317,704075,Gijs Besselink,Central Midfield,21,0.6,0.15,0.44999999999999996,Twente
Eredivisie,24/25,317,891854,Gerald Alders,Right Midfield,20,0.275,0.2,0.07500000000000001,Twente
Eredivisie,24/25,317,593519,Sem Steijn,Attacking Midfield,23,16.0,10.0,6.0,Twente
Eredivisie,24/25,317,342702,Michel Vlap,Attacking Midfield,28,5.0,3.0,2.0,Twente
Eredivisie,24/25,317,250591,Arno Verschueren,Attacking Midfield,28,1.5,2.7,-1.2000000000000002,Twente
Eredivisie,24/25,317,508639,Naci Ünüvar,Left Winger,22,2.0,2.5,-0.5,Twente
Eredivisie,24/25,317,591363,Daan Rots,Right Winger,23,4.0,7.0,-3.0,Twente
Eredivisie,24/25,317,513963,Taylor Booth,Right Winger,24,2.0,3.0,-1.0,Twente
Eredivisie,24/25,317,393239,Mitchell van Bergen,Right Winger,25,1.5,0.9,0.6,Twente
Eredivisie,24/25,317,866328,Younes Taha,Right Winger,22,1.0,1.5,-0.5,Twente
Eredivisie,24/25,317,386914,Sam Lammers,Centre-Forward,28,4.0,5.0,-1.0,Twente
Eredivisie,24/25,317,41355,Ricky van Wolfswinkel,Centre-Forward,36,0.4,0.55,-0.15000000000000002,Twente
Eredivisie,24/25,200,248658,Vasilios Barkas,Goalkeeper,31,3.5,3.0,0.5,Utrecht
Eredivisie,24/25,200,231650,Michael Brouwer,Goalkeeper,32,0.4,0.7,-0.29999999999999993,Utrecht
Eredivisie,24/25,200,729010,Tom de Graaff,Goalkeeper,20,0.3,0.4,-0.10000000000000003,Utrecht
Eredivisie,24/25,200,802540,Andreas Dithmer,Goalkeeper,19,0.2,0.2,0.0,Utrecht
Eredivisie,24/25,200,607133,Kevin Gadellaa,Goalkeeper,22,0.15,0.2,-0.05000000000000002,Utrecht
Eredivisie,24/25,200,314915,Siebe Horemans,Centre-Back,27,3.5,1.2,2.3,Utrecht
Eredivisie,24/25,200,187105,Mike van der Hoorn,Centre-Back,32,1.0,1.2,-0.19999999999999996,Utrecht
Eredivisie,24/25,200,570597,Matisse Didden,Centre-Back,23,1.0,0.7,0.30000000000000004,Utrecht
Eredivisie,24/25,200,93081,Nick Viergever,Centre-Back,35,0.4,0.45,-0.04999999999999999,Utrecht
Eredivisie,24/25,200,691975,Joshua Mukeh,Centre-Back,22,0.25,0.35,-0.09999999999999998,Utrecht
Eredivisie,24/25,200,541134,Souffian El Karouani,Left-Back,24,9.0,2.4,6.6,Utrecht
Eredivisie,24/25,200,613449,Rickson van Hees,Right-Back,23,0.3,0.25,0.04999999999999999,Utrecht
Eredivisie,24/25,200,685657,Silas Andersen,Defensive Midfield,21,0.7,0.4,0.29999999999999993,Utrecht
Eredivisie,24/25,200,686845,Zidane Iqbal,Central Midfield,22,4.0,1.0,3.0,Utrecht
Eredivisie,24/25,200,610428,Oscar Fraulo,Central Midfield,21,3.5,3.0,0.5,Utrecht
Eredivisie,24/25,200,406609,Can Bozdogan,Central Midfield,24,3.5,4.5,-1.0,Utrecht
Eredivisie,24/25,200,422932,Niklas Vesterlund,Right Midfield,26,1.0,1.2,-0.19999999999999996,Utrecht
Eredivisie,24/25,200,795738,Paxten Aaronson,Attacking Midfield,21,8.0,4.5,3.5,Utrecht
Eredivisie,24/25,200,400548,Victor Jensen,Attacking Midfield,25,2.0,2.0,0.0,Utrecht
Eredivisie,24/25,200,738479,Rafik El Arguioui,Attacking Midfield,19,0.35,0.2,0.14999999999999997,Utrecht
Eredivisie,24/25,200,134999,Jens Toornstra,Attacking Midfield,36,0.35,0.45,-0.10000000000000003,Utrecht
Eredivisie,24/25,200,782476,Yoann Cathline,Left Winger,22,8.0,2.0,6.0,Utrecht
Eredivisie,24/25,200,875581,Adrian Blake,Left Winger,19,0.75,0.5,0.25,Utrecht
Eredivisie,24/25,200,513963,Taylor Booth,Right Winger,24,2.0,3.0,-1.0,Utrecht
Eredivisie,24/25,200,723008,Miliano Jonathans,Right Winger,21,0.9,0.35,0.55,Utrecht
Eredivisie,24/25,200,361070,Ole Romeny,Centre-Forward,25,1.2,0.8,0.3999999999999999,Utrecht
Eredivisie,24/25,200,604813,David Min,Centre-Forward,26,0.8,0.8,0.0,Utrecht
Eredivisie,24/25,200,565434,Anthony Descotte,Centre-Forward,21,0.65,0.5,0.15000000000000002,Utrecht
Eredivisie,24/25,306,276853,Andries Noppert,Goalkeeper,31,1.0,1.5,-0.5,Heerenveen
Eredivisie,24/25,306,207048,Mickey van der Hart,Goalkeeper,31,0.5,0.5,0.0,Heerenveen
Eredivisie,24/25,306,725816,Bernt Klaverboer,Goalkeeper,19,0.075,0.075,0.0,Heerenveen
Eredivisie,24/25,306,312473,Jan Bekkema,Goalkeeper,29,0.05,0.05,0.0,Heerenveen
Eredivisie,24/25,306,248395,Pawel Bochniewicz,Centre-Back,29,2.5,3.0,-0.5,Heerenveen
Eredivisie,24/25,306,430797,Sam Kersten,Centre-Back,27,1.0,0.8,0.19999999999999996,Heerenveen
Eredivisie,24/25,306,775242,Mateja Milovanovic,Centre-Back,21,0.2,0.3,-0.09999999999999998,Heerenveen
Eredivisie,24/25,306,288067,Mats Köhlert,Left-Back,27,3.5,2.0,1.5,Heerenveen
Eredivisie,24/25,306,869067,Oliver Braude,Right-Back,21,4.0,2.0,2.0,Heerenveen
Eredivisie,24/25,306,412949,Denzel Hall,Right-Back,24,0.45,0.35,0.10000000000000003,Heerenveen
Eredivisie,24/25,306,585325,Hussein Ali,Right-Back,23,0.3,0.4,-0.10000000000000003,Heerenveen
Eredivisie,24/25,306,369552,Luuk Brouwers,Central Midfield,27,2.5,2.0,0.5,Heerenveen
Eredivisie,24/25,306,321158,Simon Olsson,Central Midfield,27,2.0,3.0,-1.0,Heerenveen
Eredivisie,24/25,306,607144,Espen van Ee,Central Midfield,21,1.3,0.4,0.9,Heerenveen
Eredivisie,24/25,306,918365,Levi Smans,Attacking Midfield,22,2.0,0.75,1.25,Heerenveen
Eredivisie,24/25,306,852953,Ilias Sebaoui,Left Winger,23,1.5,0.8,0.7,Heerenveen
Eredivisie,24/25,306,213268,Alireza Jahanbakhsh,Right Winger,31,1.5,3.0,-1.5,Heerenveen
Eredivisie,24/25,306,326030,Ché Nunnely,Right Winger,26,0.5,0.7,-0.19999999999999996,Heerenveen
Eredivisie,24/25,306,661205,Daniel Karlsbakk,Centre-Forward,22,2.5,0.9,1.6,Heerenveen
Eredivisie,24/25,306,438310,Ion Nicolaescu,Centre-Forward,26,1.5,1.0,0.5,Heerenveen
Eredivisie,24/25,468,215094,Nick Olij,Goalkeeper,29,3.5,4.0,-0.5,Sparta Rotterdam
Eredivisie,24/25,468,531712,Youri Schoonderwaldt,Goalkeeper,25,0.1,0.125,-0.024999999999999994,Sparta Rotterdam
Eredivisie,24/25,468,810846,Kaylen,Goalkeeper,21,0.075,0.05,0.024999999999999994,Sparta Rotterdam
Eredivisie,24/25,468,482141,Mike Eerdhuijzen,Centre-Back,24,2.3,1.3,0.9999999999999998,Sparta Rotterdam
Eredivisie,24/25,468,596178,Rick Meissen,Centre-Back,23,0.5,0.65,-0.15000000000000002,Sparta Rotterdam
Eredivisie,24/25,468,52119,Patrick van Aanholt,Left-Back,34,0.5,2.0,-1.5,Sparta Rotterdam
Eredivisie,24/25,468,524687,Saïd Bakari,Right-Back,30,0.65,0.8,-0.15000000000000002,Sparta Rotterdam
Eredivisie,24/25,468,393240,Boyd Reith,Right-Back,26,0.4,0.6,-0.19999999999999996,Sparta Rotterdam
Eredivisie,24/25,468,432694,Joshua Kitolano,Defensive Midfield,23,2.5,4.5,-2.0,Sparta Rotterdam
Eredivisie,24/25,468,571149,Gjivai Zechiël,Central Midfield,21,4.0,0.6,3.4,Sparta Rotterdam
Eredivisie,24/25,468,859396,Metinho,Central Midfield,22,3.0,3.5,-0.5,Sparta Rotterdam
Eredivisie,24/25,468,315128,Carel Eiting,Central Midfield,27,1.6,2.3,-0.6999999999999997,Sparta Rotterdam
Eredivisie,24/25,468,616340,Julian Baas,Central Midfield,23,0.8,1.3,-0.5,Sparta Rotterdam
Eredivisie,24/25,468,596148,Djevencio van der Kust,Central Midfield,24,0.6,1.2,-0.6,Sparta Rotterdam
Eredivisie,24/25,468,928612,Hamza el Dahri,Central Midfield,20,0.1,0.1,0.0,Sparta Rotterdam
Eredivisie,24/25,468,31067,Jonathan de Guzmán,Central Midfield,37,0.05,0.25,-0.2,Sparta Rotterdam
Eredivisie,24/25,468,694186,Kristian Hlynsson,Attacking Midfield,21,4.0,7.0,-3.0,Sparta Rotterdam
Eredivisie,24/25,468,250591,Arno Verschueren,Attacking Midfield,28,1.5,2.7,-1.2000000000000002,Sparta Rotterdam
Eredivisie,24/25,468,566013,Shunsuke Mito,Attacking Midfield,22,0.85,0.8,0.04999999999999993,Sparta Rotterdam
Eredivisie,24/25,468,640565,Mohamed Nassoh,Attacking Midfield,22,0.7,0.7,0.0,Sparta Rotterdam
Eredivisie,24/25,468,297693,Pelle Clement,Left Winger,29,0.65,0.9,-0.25,Sparta Rotterdam
Eredivisie,24/25,468,760508,Joel Ideho,Left Winger,21,0.5,0.4,0.09999999999999998,Sparta Rotterdam
Eredivisie,24/25,468,806284,Rayvien Rosario,Left Winger,21,0.1,0.075,0.02500000000000001,Sparta Rotterdam
Eredivisie,24/25,468,587588,Camiel Neghli,Right Winger,23,2.0,0.8,1.2,Sparta Rotterdam
Eredivisie,24/25,468,393239,Mitchell van Bergen,Right Winger,25,1.5,0.9,0.6,Sparta Rotterdam
Eredivisie,24/25,468,272206,Tobias Lauritsen,Centre-Forward,27,3.5,5.0,-1.5,Sparta Rotterdam
Eredivisie,24/25,468,595028,Charles-Andreas Brym,Centre-Forward,26,0.45,0.55,-0.10000000000000003,Sparta Rotterdam
Eredivisie,24/25,468,702834,Quincy Hoeve,Centre-Forward,22,0.1,0.125,-0.024999999999999994,Sparta Rotterdam
Eredivisie,24/25,1435,315253,Jeffrey de Lange,Goalkeeper,27,2.0,3.0,-1.0,Go Ahead Eagles
Eredivisie,24/25,1435,335997,Luca Plogmann,Goalkeeper,25,0.5,0.5,0.0,Go Ahead Eagles
Eredivisie,24/25,1435,690624,Sven Jansen,Goalkeeper,20,0.05,0.05,0.0,Go Ahead Eagles
Eredivisie,24/25,1435,783017,Nando Verdoni,Goalkeeper,21,0.025,0.025,0.0,Go Ahead Eagles
Eredivisie,24/25,1435,326329,Joris Kramer,Centre-Back,28,2.0,1.2,0.8,Go Ahead Eagles
Eredivisie,24/25,1435,289651,Jamal Amofa,Centre-Back,26,0.5,0.75,-0.25,Go Ahead Eagles
Eredivisie,24/25,1435,85904,Gerrit Nauber,Centre-Back,33,0.4,0.45,-0.04999999999999999,Go Ahead Eagles
Eredivisie,24/25,1435,566930,Julius Dirksen,Centre-Back,22,0.4,0.55,-0.15000000000000002,Go Ahead Eagles
Eredivisie,24/25,1435,624698,Pim Saathof,Centre-Back,21,0.075,0.1,-0.02500000000000001,Go Ahead Eagles
Eredivisie,24/25,1435,529223,Dean James,Left-Back,25,1.8,0.25,1.55,Go Ahead Eagles
Eredivisie,24/25,1435,369554,Mats Deijl,Right-Back,27,2.0,1.2,0.8,Go Ahead Eagles
Eredivisie,24/25,1435,588744,Luca Everink,Right-Back,24,0.2,0.3,-0.09999999999999998,Go Ahead Eagles
Eredivisie,24/25,1435,412945,Enric Llansana,Defensive Midfield,24,4.0,0.7,3.3,Go Ahead Eagles
Eredivisie,24/25,1435,361112,Evert Linthorst,Defensive Midfield,25,2.5,1.2,1.3,Go Ahead Eagles
Eredivisie,24/25,1435,612758,Calvin Twigt,Defensive Midfield,22,0.6,0.65,-0.050000000000000044,Go Ahead Eagles
Eredivisie,24/25,1435,496873,Xander Blomme,Defensive Midfield,23,0.45,0.55,-0.10000000000000003,Go Ahead Eagles
Eredivisie,24/25,1435,657957,Jakob Breum,Attacking Midfield,21,5.0,1.0,4.0,Go Ahead Eagles
Eredivisie,24/25,1435,265324,Victor Edvardsen,Attacking Midfield,29,1.3,0.8,0.5,Go Ahead Eagles
Eredivisie,24/25,1435,374326,Oliver Edvardsen,Left Winger,26,5.0,2.3,2.7,Go Ahead Eagles
Eredivisie,24/25,1435,422760,Mathis Suray,Left Winger,23,1.5,0.8,0.7,Go Ahead Eagles
Eredivisie,24/25,1435,486043,Thibo Baeten,Left Winger,23,0.4,0.6,-0.19999999999999996,Go Ahead Eagles
Eredivisie,24/25,1435,834768,Darío Serra,Left Winger,22,0.35,0.1,0.24999999999999997,Go Ahead Eagles
Eredivisie,24/25,1435,541601,Søren Tengstedt,Right Winger,25,0.8,0.9,-0.09999999999999998,Go Ahead Eagles
Eredivisie,24/25,1435,331514,Bobby Adekanye,Right Winger,26,0.65,0.9,-0.25,Go Ahead Eagles
Eredivisie,24/25,1435,703772,Milan Smit,Centre-Forward,22,1.5,0.75,0.75,Go Ahead Eagles
Eredivisie,24/25,1435,241486,Finn Stokkers,Centre-Forward,29,0.45,0.45,0.0,Go Ahead Eagles
Eredivisie,24/25,467,646991,Robin Roefs,Goalkeeper,22,4.0,0.6,3.4,NEC
Eredivisie,24/25,467,301696,Stijn van Gassel,Goalkeeper,28,0.45,0.8,-0.35000000000000003,NEC
Eredivisie,24/25,467,593163,Rijk Janse,Goalkeeper,23,0.025,0.025,0.0,NEC
Eredivisie,24/25,467,340460,Philippe Sandler,Centre-Back,28,2.3,3.0,-0.7000000000000002,NEC
Eredivisie,24/25,467,104597,Bram Nuytinck,Centre-Back,35,0.3,0.6,-0.3,NEC
Eredivisie,24/25,467,258364,Calvin Verdonk,Left-Back,28,2.5,2.5,0.0,NEC
Eredivisie,24/25,467,547499,Bart van Rooij,Right-Back,24,6.0,2.0,4.0,NEC
Eredivisie,24/25,467,620317,Brayann Pereira,Right-Back,22,1.0,0.7,0.30000000000000004,NEC
Eredivisie,24/25,467,625169,D'Leanu Arts,Right-Back,22,0.05,0.075,-0.024999999999999994,NEC
Eredivisie,24/25,467,957544,Kodai Sano,Defensive Midfield,21,4.0,4.0,0.0,NEC
Eredivisie,24/25,467,485587,Dirk Proper,Defensive Midfield,23,3.0,6.0,-3.0,NEC
Eredivisie,24/25,467,315233,Mees Hoedemakers,Defensive Midfield,27,1.0,2.0,-1.0,NEC
Eredivisie,24/25,467,34784,Lasse Schöne,Defensive Midfield,39,0.075,0.175,-0.09999999999999999,NEC
Eredivisie,24/25,467,312493,Vito van Crooij,Attacking Midfield,29,1.5,1.5,0.0,NEC
Eredivisie,24/25,467,576098,Kas de Wit,Attacking Midfield,21,0.05,0.025,0.025,NEC
Eredivisie,24/25,467,864112,Başar Önal,Left Winger,20,0.7,1.0,-0.30000000000000004,NEC
Eredivisie,24/25,467,485582,Sontje Hansen,Right Winger,23,4.0,3.0,1.0,NEC
Eredivisie,24/25,467,505675,Rober González,Right Winger,24,1.5,2.5,-1.0,NEC
Eredivisie,24/25,467,747016,Sami Ouaissa,Right Winger,20,1.5,0.7,0.8,NEC
Eredivisie,24/25,467,432682,Lars Olden Larsen,Second Striker,26,0.5,0.6,-0.09999999999999998,NEC
Eredivisie,24/25,467,351567,Koki Ogawa,Centre-Forward,27,2.5,3.0,-0.5,NEC
Eredivisie,24/25,202,387197,Etienne Vaessen,Goalkeeper,29,2.0,1.5,0.5,Groningen
Eredivisie,24/25,202,215551,Hidde Jurjus,Goalkeeper,31,0.3,0.5,-0.2,Groningen
Eredivisie,24/25,202,747635,Dirk Baron,Goalkeeper,22,0.025,0.025,0.0,Groningen
Eredivisie,24/25,202,704252,Jasper Meijster,Goalkeeper,20,0.025,0.025,0.0,Groningen
Eredivisie,24/25,202,719209,Thijmen Blokzijl,Centre-Back,20,2.0,0.9,1.1,Groningen
Eredivisie,24/25,202,665541,Finn Stam,Centre-Back,22,0.45,0.3,0.15000000000000002,Groningen
Eredivisie,24/25,202,125769,Marvin Peersman,Centre-Back,34,0.3,0.35,-0.04999999999999999,Groningen
Eredivisie,24/25,202,671734,Wouter Prins,Left-Back,21,0.8,0.325,0.47500000000000003,Groningen
Eredivisie,24/25,202,671735,Jorg Schreuders,Right-Back,20,1.2,0.65,0.5499999999999999,Groningen
Eredivisie,24/25,202,237244,Marco Rente,Right-Back,28,0.8,0.75,0.050000000000000044,Groningen
Eredivisie,24/25,202,793099,Stije Resink,Defensive Midfield,22,4.0,1.0,3.0,Groningen
Eredivisie,24/25,202,258513,Laros Duarte,Defensive Midfield,28,0.9,0.9,0.0,Groningen
Eredivisie,24/25,202,187293,Joey Pelupessy,Defensive Midfield,32,0.25,0.3,-0.04999999999999999,Groningen
Eredivisie,24/25,202,418557,Johan Hove,Central Midfield,24,2.0,1.3,0.7,Groningen
Eredivisie,24/25,202,747017,Dave Kwakman,Central Midfield,20,2.0,0.7,1.3,Groningen
Eredivisie,24/25,202,653725,Tika de Jonge,Central Midfield,22,0.9,0.1,0.8,Groningen
Eredivisie,24/25,202,126014,Leandro Bacuna,Central Midfield,33,0.3,0.4,-0.10000000000000003,Groningen
Eredivisie,24/25,202,601495,Luciano Valente,Attacking Midfield,21,7.0,0.85,6.15,Groningen
Eredivisie,24/25,202,671738,Thom van Bergen,Attacking Midfield,21,1.3,0.65,0.65,Groningen
Eredivisie,24/25,202,187809,Mats Seuntjens,Attacking Midfield,33,0.55,0.85,-0.29999999999999993,Groningen
Eredivisie,24/25,202,441216,Thijs Oosting,Attacking Midfield,25,0.5,0.7,-0.19999999999999996,Groningen
Eredivisie,24/25,202,557611,Noam Emeran,Left Winger,22,0.2,0.25,-0.04999999999999999,Groningen
Eredivisie,24/25,202,671736,Fofin Turay,Left Winger,21,0.1,0.15,-0.04999999999999999,Groningen
Eredivisie,24/25,202,387996,Rui Mendes,Right Winger,25,0.35,0.6,-0.25,Groningen
Eredivisie,24/25,202,513330,Romano Postema,Centre-Forward,23,0.45,0.75,-0.3,Groningen
Eredivisie,24/25,202,159894,Kevin van Veen,Centre-Forward,34,0.2,0.4,-0.2,Groningen
Eredivisie,24/25,1269,361082,Jasper Schendelaar,Goalkeeper,24,2.5,1.3,1.2,PEC Zwolle
Eredivisie,24/25,1269,297373,Mike Hauptmeijer,Goalkeeper,28,0.1,0.075,0.02500000000000001,PEC Zwolle
Eredivisie,24/25,1269,30290,Kenneth Vermeer,Goalkeeper,39,0.05,0.05,0.0,PEC Zwolle
Eredivisie,24/25,1269,933570,Duke Verduin,Goalkeeper,21,0.025,0.025,0.0,PEC Zwolle
Eredivisie,24/25,1269,631904,Anselmo García MacNulty,Centre-Back,22,1.5,1.0,0.5,PEC Zwolle
Eredivisie,24/25,1269,315211,Sherel Floranus,Left-Back,26,0.85,0.7,0.15000000000000002,PEC Zwolle
Eredivisie,24/25,1269,640558,Damian van der Haar,Left-Back,21,0.6,0.2,0.39999999999999997,PEC Zwolle
Eredivisie,24/25,1269,416802,Thierry Lutonda,Left-Back,24,0.3,0.4,-0.10000000000000003,PEC Zwolle
Eredivisie,24/25,1269,656800,Tristan Gooijer,Right-Back,20,1.5,2.0,-0.5,PEC Zwolle
Eredivisie,24/25,1269,720791,Olivier Aertssen,Right-Back,20,0.75,0.6,0.15000000000000002,PEC Zwolle
Eredivisie,24/25,1269,538057,Eliano Reijnders,Right-Back,24,0.6,0.65,-0.050000000000000044,PEC Zwolle
Eredivisie,24/25,1269,361066,Davy van den Berg,Defensive Midfield,25,2.0,1.5,0.5,PEC Zwolle
Eredivisie,24/25,1269,203357,Ryan Thomas,Defensive Midfield,30,0.7,0.9,-0.20000000000000007,PEC Zwolle
Eredivisie,24/25,1269,806384,Nick Fichtinger,Defensive Midfield,21,0.45,0.35,0.10000000000000003,PEC Zwolle
Eredivisie,24/25,1269,593774,Anouar El Azzouzi,Central Midfield,24,1.8,0.65,1.15,PEC Zwolle
Eredivisie,24/25,1269,486814,Filip Krastev,Attacking Midfield,23,4.0,3.0,1.0,PEC Zwolle
Eredivisie,24/25,1269,360520,Odysseus Velanas,Attacking Midfield,27,0.55,0.75,-0.19999999999999996,PEC Zwolle
Eredivisie,24/25,1269,447216,Anthony Fontana,Attacking Midfield,25,0.3,0.35,-0.04999999999999999,PEC Zwolle
Eredivisie,24/25,1269,564620,Samir Lagsir,Attacking Midfield,22,0.15,0.2,-0.05000000000000002,PEC Zwolle
Eredivisie,24/25,1269,540927,Kaj de Rooij,Left Winger,24,0.35,0.35,0.0,PEC Zwolle
Eredivisie,24/25,1269,502289,Dylan Mbayo,Right Winger,23,2.0,0.5,1.5,PEC Zwolle
Eredivisie,24/25,1269,227039,Younes Namli,Right Winger,31,1.3,1.6,-0.30000000000000004,PEC Zwolle
Eredivisie,24/25,1269,357826,Thomas Buitink,Centre-Forward,25,0.4,0.6,-0.19999999999999996,PEC Zwolle
Eredivisie,24/25,1269,124495,Apostolos Vellios,Centre-Forward,33,0.175,0.275,-0.10000000000000003,PEC Zwolle
Eredivisie,24/25,385,205128,Mattijs Branderhorst,Goalkeeper,31,0.8,0.6,0.20000000000000007,Fortuna Sittard
Eredivisie,24/25,385,235108,Luuk Koopmans,Goalkeeper,31,0.2,0.225,-0.024999999999999994,Fortuna Sittard
Eredivisie,24/25,385,1148221,Niels Martens,Goalkeeper,21,0.025,0.025,0.0,Fortuna Sittard
Eredivisie,24/25,385,492313,Rodrigo Guth,Centre-Back,24,2.8,2.5,0.2999999999999998,Fortuna Sittard
Eredivisie,24/25,385,358021,Shawn Adewoye,Centre-Back,25,1.3,1.3,0.0,Fortuna Sittard
Eredivisie,24/25,385,485586,Syb van Ottele,Centre-Back,23,1.0,0.7,0.30000000000000004,Fortuna Sittard
Eredivisie,24/25,385,576682,Jasper Dahlhaus,Left-Back,23,1.0,0.45,0.55,Fortuna Sittard
Eredivisie,24/25,385,187245,Mitchell Dijks,Left-Back,32,0.6,0.85,-0.25,Fortuna Sittard
Eredivisie,24/25,385,82281,Ivo Pinto,Right-Back,35,0.3,0.45,-0.15000000000000002,Fortuna Sittard
Eredivisie,24/25,385,586855,Loreintz Rosier,Defensive Midfield,26,0.9,0.9,0.0,Fortuna Sittard
Eredivisie,24/25,385,226074,Alen Halilovic,Attacking Midfield,29,1.0,1.3,-0.30000000000000004,Fortuna Sittard
Eredivisie,24/25,385,186704,Kristoffer Peterson,Left Winger,30,0.8,0.6,0.20000000000000007,Fortuna Sittard
Eredivisie,24/25,385,409886,Úmaro Embaló,Right Winger,24,0.7,1.0,-0.30000000000000004,Fortuna Sittard
Eredivisie,24/25,385,913022,Milan Robberechts,Right Winger,21,0.3,0.35,-0.04999999999999999,Fortuna Sittard
Eredivisie,24/25,385,315283,Kaj Sierhuis,Centre-Forward,27,1.3,1.8,-0.5,Fortuna Sittard
Eredivisie,24/25,385,337670,Alessio Da Cruz,Centre-Forward,28,0.6,0.7,-0.09999999999999998,Fortuna Sittard
Eredivisie,24/25,132,195546,Roy Kortsmit,Goalkeeper,32,0.2,0.35,-0.14999999999999997,NAC Breda
Eredivisie,24/25,132,64352,Kostas Lamprou,Goalkeeper,33,0.2,0.3,-0.09999999999999998,NAC Breda
Eredivisie,24/25,132,554530,Tein Troost,Goalkeeper,23,0.175,0.25,-0.07500000000000001,NAC Breda
Eredivisie,24/25,132,559331,Aron van Lare,Goalkeeper,22,0.025,0.025,0.0,NAC Breda
Eredivisie,24/25,132,334495,Jan Van den Bergh,Centre-Back,30,0.8,0.55,0.25,NAC Breda
Eredivisie,24/25,132,428502,Boy Kemper,Left-Back,26,0.85,0.5,0.35,NAC Breda
Eredivisie,24/25,132,351216,Manel Royo,Left-Back,31,0.15,0.35,-0.19999999999999998,NAC Breda
Eredivisie,24/25,132,406091,Boyd Lucassen,Right-Back,26,0.5,0.45,0.04999999999999999,NAC Breda
Eredivisie,24/25,132,382204,Martin Koscelník,Right-Back,30,0.325,0.45,-0.125,NAC Breda
Eredivisie,24/25,132,596158,Casper Staring,Defensive Midfield,24,0.35,0.4,-0.050000000000000044,NAC Breda
Eredivisie,24/25,132,218233,Fredrik Oldrup Jensen,Defensive Midfield,32,0.3,0.325,-0.025000000000000022,NAC Breda
Eredivisie,24/25,132,250464,Clint Leemans,Central Midfield,29,0.75,0.7,0.050000000000000044,NAC Breda
Eredivisie,24/25,132,617019,Matthew Garbett,Central Midfield,23,0.4,0.45,-0.04999999999999999,NAC Breda
Eredivisie,24/25,132,579298,Adam Kaied,Central Midfield,23,0.3,0.15,0.15,NAC Breda
Eredivisie,24/25,132,824000,Lars Mol,Central Midfield,20,0.2,0.025,0.17500000000000002,NAC Breda
Eredivisie,24/25,132,746972,Aïmane Jaddi,Central Midfield,21,0.025,0.025,0.0,NAC Breda
Eredivisie,24/25,132,522993,Dominik Janosek,Attacking Midfield,27,0.75,1.0,-0.25,NAC Breda
Eredivisie,24/25,132,710886,Leo Sauer,Left Winger,19,5.0,5.0,0.0,NAC Breda
Eredivisie,24/25,132,469082,Roy Kuijpers,Right Winger,25,0.275,0.375,-0.09999999999999998,NAC Breda
Eredivisie,24/25,132,205655,Elías Már Ómarsson,Centre-Forward,30,0.7,0.5,0.19999999999999996,NAC Breda
Eredivisie,24/25,132,510459,Kacper Kostorz,Centre-Forward,25,0.45,0.65,-0.2,NAC Breda
Eredivisie,24/25,1304,462285,Fabian de Keijzer,Goalkeeper,25,1.5,0.5,1.0,Heracles
Eredivisie,24/25,1304,535741,Robin Mantel,Goalkeeper,24,0.05,0.05,0.0,Heracles
Eredivisie,24/25,1304,703778,Timo Jansink,Goalkeeper,22,0.025,0.025,0.0,Heracles
Eredivisie,24/25,1304,257986,Damon Mirani,Centre-Back,29,0.65,0.55,0.09999999999999998,Heracles
Eredivisie,24/25,1304,411287,Justin Hoogma,Centre-Back,27,0.5,0.9,-0.4,Heracles
Eredivisie,24/25,1304,464906,Sava-Arangel Cestic,Centre-Back,24,0.3,0.4,-0.10000000000000003,Heracles
Eredivisie,24/25,1304,936571,Stijn Bultman,Centre-Back,20,0.3,0.65,-0.35000000000000003,Heracles
Eredivisie,24/25,1304,983677,Mats Rots,Left-Back,19,1.0,0.25,0.75,Heracles
Eredivisie,24/25,1304,538963,Ruben Roosken,Left-Back,25,0.6,0.45,0.14999999999999997,Heracles
Eredivisie,24/25,1304,591880,Mimeirhel Benita,Right-Back,21,1.0,0.85,0.15000000000000002,Heracles
Eredivisie,24/25,1304,447801,Jannes Wieckhoff,Right-Back,24,0.65,0.45,0.2,Heracles
Eredivisie,24/25,1304,92936,Kelvin Leerdam,Right-Back,35,0.1,0.225,-0.125,Heracles
Eredivisie,24/25,1304,429916,Brian De Keersmaecker,Defensive Midfield,25,3.0,0.9,2.1,Heracles
Eredivisie,24/25,1304,618083,Sem Scheperman,Defensive Midfield,23,0.9,0.3,0.6000000000000001,Heracles
Eredivisie,24/25,1304,377720,Daniël van Kaam,Defensive Midfield,25,0.45,0.55,-0.10000000000000003,Heracles
Eredivisie,24/25,1304,595247,Shiloh 't Zand,Attacking Midfield,22,0.9,1.5,-0.6,Heracles
Eredivisie,24/25,1304,241378,Jordy Bruijn,Attacking Midfield,28,0.3,0.45,-0.15000000000000002,Heracles
Eredivisie,24/25,1304,172202,Thomas Bruns,Attacking Midfield,33,0.25,0.35,-0.09999999999999998,Heracles
Eredivisie,24/25,1304,93637,Mario Engels,Left Winger,31,0.5,0.45,0.04999999999999999,Heracles
Eredivisie,24/25,1304,502288,Bryan Limbombe,Right Winger,24,0.4,0.6,-0.19999999999999996,Heracles
Eredivisie,24/25,1304,290555,Nikolai Laursen,Right Winger,27,0.3,0.9,-0.6000000000000001,Heracles
Eredivisie,24/25,1304,185817,Jizz Hornkamp,Centre-Forward,27,1.3,1.0,0.30000000000000004,Heracles
Eredivisie,24/25,1304,679414,Antonio Satriano,Centre-Forward,21,0.15,0.225,-0.07500000000000001,Heracles
Eredivisie,24/25,1304,989998,Diego van Oorschot,Centre-Forward,19,0.1,0.125,-0.024999999999999994,Heracles
Eredivisie,24/25,723,534015,Nordin Bakker,Goalkeeper,27,0.7,0.8,-0.10000000000000009,Almere City
Eredivisie,24/25,723,458417,Stijn Keller,Goalkeeper,25,0.05,0.075,-0.024999999999999994,Almere City
Eredivisie,24/25,723,484987,Théo Barbet,Centre-Back,24,0.375,0.55,-0.17500000000000004,Almere City
Eredivisie,24/25,723,361124,Joey Jacobs,Centre-Back,25,0.35,0.65,-0.30000000000000004,Almere City
Eredivisie,24/25,723,477249,Christopher Mamengi,Centre-Back,24,0.25,0.35,-0.09999999999999998,Almere City
Eredivisie,24/25,723,315211,Sherel Floranus,Left-Back,26,0.85,0.7,0.15000000000000002,Almere City
Eredivisie,24/25,723,590773,Hamdi Akujobi,Right-Back,25,0.55,0.55,0.0,Almere City
Eredivisie,24/25,723,793099,Stije Resink,Defensive Midfield,22,4.0,1.0,3.0,Almere City
Eredivisie,24/25,723,178219,Thom Haye,Defensive Midfield,30,1.0,3.0,-2.0,Almere City
Eredivisie,24/25,723,189650,Tim Receveur,Defensive Midfield,33,0.1,0.15,-0.04999999999999999,Almere City
Eredivisie,24/25,723,308265,Anas Tahiri,Central Midfield,30,0.5,0.75,-0.25,Almere City
Eredivisie,24/25,723,865281,Jochem Ritmeester van de Kamp,Attacking Midfield,21,0.8,0.9,-0.09999999999999998,Almere City
Eredivisie,24/25,723,332875,Adi Nalic,Attacking Midfield,27,0.35,0.55,-0.20000000000000007,Almere City
Eredivisie,24/25,723,432698,Kornelius Normann,Left Winger,24,0.5,0.6,-0.09999999999999998,Almere City
Eredivisie,24/25,723,730573,Faiz Mattoir,Left Winger,24,0.2,0.3,-0.09999999999999998,Almere City
Eredivisie,24/25,723,667263,Jeffry Puriel,Left Winger,22,0.05,0.05,0.0,Almere City
Eredivisie,24/25,723,595028,Charles-Andreas Brym,Centre-Forward,26,0.45,0.55,-0.10000000000000003,Almere City
Eredivisie,24/25,723,290615,Thomas Robinet,Centre-Forward,28,0.4,0.8,-0.4,Almere City
Eredivisie,24/25,403,190687,Joshua Smits,Goalkeeper,32,0.4,0.45,-0.04999999999999999,Willem II
Eredivisie,24/25,403,477476,Connor van den Berg,Goalkeeper,24,0.05,0.05,0.0,Willem II
Eredivisie,24/25,403,692286,Maarten Schut,Goalkeeper,21,0.025,0.025,0.0,Willem II
Eredivisie,24/25,403,458734,Tommy St. Jago,Centre-Back,25,1.0,0.7,0.30000000000000004,Willem II
Eredivisie,24/25,403,321095,Raffael Behounek,Centre-Back,28,0.8,0.7,0.10000000000000009,Willem II
Eredivisie,24/25,403,79194,Erik Schouten,Centre-Back,33,0.2,0.3,-0.09999999999999998,Willem II
Eredivisie,24/25,403,494170,Rúnar Thór Sigurgeirsson,Left-Back,25,0.5,0.45,0.04999999999999999,Willem II
Eredivisie,24/25,403,496871,Rob Nizet,Left-Back,23,0.35,0.4,-0.050000000000000044,Willem II
Eredivisie,24/25,403,540928,Valentino Vermeulen,Right-Back,23,0.2,0.25,-0.04999999999999999,Willem II
Eredivisie,24/25,403,524043,Jesse Bosch,Defensive Midfield,25,0.9,0.65,0.25,Willem II
Eredivisie,24/25,403,928330,Amine Lachkar,Defensive Midfield,22,0.7,0.3,0.39999999999999997,Willem II
Eredivisie,24/25,403,577455,Ringo Meerveld,Attacking Midfield,22,3.0,1.3,1.7,Willem II
Eredivisie,24/25,403,632088,Cisse Sandra,Attacking Midfield,21,1.0,0.8,0.19999999999999996,Willem II
Eredivisie,24/25,403,485592,Max de Waal,Attacking Midfield,23,0.2,0.25,-0.04999999999999999,Willem II
Eredivisie,24/25,403,594035,Dani Mathieu,Attacking Midfield,24,0.075,0.1,-0.02500000000000001,Willem II
Eredivisie,24/25,403,317593,Patrick Joosten,Left Winger,29,0.275,0.325,-0.04999999999999999,Willem II
Eredivisie,24/25,403,288233,Nick Doodeman,Right Winger,28,0.4,0.5,-0.09999999999999998,Willem II
Eredivisie,24/25,403,892531,Khaled Razak,Right Winger,19,0.2,0.2,0.0,Willem II
Eredivisie,24/25,403,56490,Jeremy Bokila,Centre-Forward,36,0.1,0.125,-0.024999999999999994,Willem II
Eredivisie,24/25,235,257980,Jeroen Houwen,Goalkeeper,29,0.4,0.25,0.15000000000000002,RKC Waalwijk
Eredivisie,24/25,235,258362,Yanick van Osch,Goalkeeper,28,0.35,0.45,-0.10000000000000003,RKC Waalwijk
Eredivisie,24/25,235,383705,Mark Spenkelink,Goalkeeper,28,0.1,0.125,-0.024999999999999994,RKC Waalwijk
Eredivisie,24/25,235,471691,Joey Kesting,Goalkeeper,24,0.05,0.05,0.0,RKC Waalwijk
Eredivisie,24/25,235,480730,Redouan El Yaakoubi,Centre-Back,29,0.55,0.85,-0.29999999999999993,RKC Waalwijk
Eredivisie,24/25,235,235274,Dario Van den Buijs,Centre-Back,29,0.5,0.75,-0.25,RKC Waalwijk
Eredivisie,24/25,235,412933,Liam van Gelderen,Centre-Back,24,0.5,0.2,0.3,RKC Waalwijk
Eredivisie,24/25,235,401029,Roshon van Eijma,Centre-Back,27,0.45,0.35,0.10000000000000003,RKC Waalwijk
Eredivisie,24/25,235,451297,Luuk Wouters,Centre-Back,26,0.25,0.3,-0.04999999999999999,RKC Waalwijk
Eredivisie,24/25,235,56836,Aaron Meijers,Left-Back,37,0.075,0.15,-0.075,RKC Waalwijk
Eredivisie,24/25,235,337673,Julian Lelieveld,Right-Back,27,0.5,0.85,-0.35,RKC Waalwijk
Eredivisie,24/25,235,393241,Godfried Roemeratoe,Defensive Midfield,25,0.5,0.65,-0.15000000000000002,RKC Waalwijk
Eredivisie,24/25,235,433933,Kevin Felida,Defensive Midfield,25,0.2,0.3,-0.09999999999999998,RKC Waalwijk
Eredivisie,24/25,235,566911,Yassin Oukili,Central Midfield,24,0.9,1.7,-0.7999999999999999,RKC Waalwijk
Eredivisie,24/25,235,886260,Tim van de Loo,Central Midfield,22,0.6,0.275,0.32499999999999996,RKC Waalwijk
Eredivisie,24/25,235,808578,Daouda Weidmann,Central Midfield,22,0.3,0.175,0.125,RKC Waalwijk
Eredivisie,24/25,235,433805,Patrick Vroegh,Central Midfield,25,0.15,0.225,-0.07500000000000001,RKC Waalwijk
Eredivisie,24/25,235,443308,Reuven Niemeijer,Attacking Midfield,30,0.3,0.4,-0.10000000000000003,RKC Waalwijk
Eredivisie,24/25,235,671675,Chris Lokesa,Left Winger,20,0.4,0.6,-0.19999999999999996,RKC Waalwijk
Eredivisie,24/25,235,488768,Ilias Takidine,Left Winger,24,0.1,0.15,-0.04999999999999999,RKC Waalwijk
Eredivisie,24/25,235,582131,Denilho Cleonise,Right Winger,23,0.4,0.55,-0.15000000000000002,RKC Waalwijk
Eredivisie,24/25,235,386164,Silvester van der Water,Right Winger,28,0.375,0.45,-0.07500000000000001,RKC Waalwijk
Eredivisie,24/25,235,465326,Richonell Margaret,Centre-Forward,24,0.7,0.35,0.35,RKC Waalwijk
Eredivisie,24/25,235,56523,Michiel Kramer,Centre-Forward,36,0.125,0.275,-0.15000000000000002,RKC Waalwijk
Eredivisie,25/26,383,215094,Nick Olij,Goalkeeper,30,2.0,3.5,-1.5,PSV
Eredivisie,25/26,383,723005,Niek Schiks,Goalkeeper,22,0.5,0.25,0.25,PSV
Eredivisie,25/26,383,720805,Tijn Smolenaars,Goalkeeper,21,0.2,0.1,0.1,PSV
Eredivisie,25/26,383,586429,Ryan Flamingo,Centre-Back,23,14.0,20.0,-6.0,PSV
Eredivisie,25/26,383,339337,Armando Obispo,Centre-Back,27,4.0,3.0,1.0,PSV
Eredivisie,25/26,383,800976,Adamo Nagalo,Centre-Back,23,2.8,6.0,-3.2,PSV
Eredivisie,25/26,383,942070,Wessel Kuhn,Centre-Back,19,0.5,0.5,0.0,PSV
Eredivisie,25/26,383,323910,Mauro Júnior,Left-Back,27,18.0,12.0,6.0,PSV
Eredivisie,25/26,383,485584,Anass Salah-Eddine,Left-Back,24,12.0,8.0,4.0,PSV
Eredivisie,25/26,383,361104,Sergiño Dest,Right-Back,25,18.0,16.0,2.0,PSV
Eredivisie,25/26,383,921306,Eus Waayers,Right-Back,20,0.35,0.35,0.0,PSV
Eredivisie,25/26,383,347900,Jerdy Schouten,Defensive Midfield,29,20.0,22.0,-2.0,PSV
Eredivisie,25/26,383,816974,Tygo Land,Defensive Midfield,20,2.5,2.0,0.5,PSV
Eredivisie,25/26,383,1024739,Jordy Bawuah,Defensive Midfield,19,0.5,0.35,0.15000000000000002,PSV
Eredivisie,25/26,383,408574,Joey Veerman,Central Midfield,27,25.0,25.0,0.0,PSV
Eredivisie,25/26,383,987376,Joël van den Berg,Central Midfield,19,1.5,0.1,1.4,PSV
Eredivisie,25/26,383,702869,Ismael Saibari,Attacking Midfield,25,40.0,27.0,13.0,PSV
Eredivisie,25/26,383,372267,Guus Til,Attacking Midfield,28,15.0,12.0,3.0,PSV
Eredivisie,25/26,383,813437,Isaac Babadi,Attacking Midfield,21,1.5,3.0,-1.5,PSV
Eredivisie,25/26,383,1024747,Nicolas Verkooijen,Attacking Midfield,19,0.6,0.125,0.475,PSV
Eredivisie,25/26,383,987364,Jim Koller,Attacking Midfield,19,0.5,0.3,0.2,PSV
Eredivisie,25/26,383,735701,Ruben van Bommel,Left Winger,21,10.0,8.0,2.0,PSV
Eredivisie,25/26,383,593837,Couhaib Driouech,Left Winger,24,7.5,4.0,3.5,PSV
Eredivisie,25/26,383,925862,Esmir Bajraktarevic,Right Winger,21,8.0,3.0,5.0,PSV
Eredivisie,25/26,383,42460,Ivan Perisic,Right Winger,37,1.2,1.5,-0.30000000000000004,PSV
Eredivisie,25/26,383,921345,Tay Abed,Right Winger,21,1.0,0.75,0.25,PSV
Eredivisie,25/26,383,627207,Ricardo Pepi,Centre-Forward,23,30.0,16.0,14.0,PSV
Eredivisie,25/26,610,1015401,Paul Reverson,Goalkeeper,21,0.35,0.35,0.0,Ajax
Eredivisie,25/26,610,25520,Remko Pasveer,Goalkeeper,42,0.1,0.15,-0.04999999999999999,Ajax
Eredivisie,25/26,610,559327,Youri Baas,Centre-Back,23,20.0,12.0,8.0,Ajax
Eredivisie,25/26,610,371001,Josip Sutalo,Centre-Back,26,12.0,24.0,-12.0,Ajax
Eredivisie,25/26,610,662131,Ahmetcan Kaplan,Centre-Back,23,7.0,5.0,2.0,Ajax
Eredivisie,25/26,610,765743,Dies Janse,Centre-Back,20,6.5,0.9,5.6,Ajax
Eredivisie,25/26,610,987366,Aaron Bouwman,Centre-Back,18,3.5,0.35,3.15,Ajax
Eredivisie,25/26,610,891835,Nick Verschuren,Centre-Back,21,1.0,0.4,0.6,Ajax
Eredivisie,25/26,610,339328,Owen Wijndal,Left-Back,26,3.0,3.5,-0.5,Ajax
Eredivisie,25/26,610,987355,Lucas Jetten,Left-Back,19,0.6,0.7,-0.09999999999999998,Ajax
Eredivisie,25/26,610,468309,Lucas Rosa,Right-Back,26,5.0,3.0,2.0,Ajax
Eredivisie,25/26,610,701055,Anton Gaaei,Right-Back,23,5.0,7.0,-2.0,Ajax
Eredivisie,25/26,610,1025412,Ryan van de Pavert,Right-Back,20,0.2,0.2,0.0,Ajax
Eredivisie,25/26,610,1105532,Jorthy Mokio,Defensive Midfield,18,8.0,8.0,0.0,Ajax
Eredivisie,25/26,610,559324,Youri Regeer,Defensive Midfield,22,5.0,6.0,-1.0,Ajax
Eredivisie,25/26,610,904790,Mark Verkuijl,Defensive Midfield,20,0.275,0.325,-0.04999999999999999,Ajax
Eredivisie,25/26,610,470394,Kenneth Taylor,Central Midfield,24,25.0,28.0,-3.0,Ajax
Eredivisie,25/26,610,1111063,Sean Steur,Central Midfield,18,7.0,0.7,6.3,Ajax
Eredivisie,25/26,610,559333,Kian Fitz-Jim,Central Midfield,22,3.0,5.0,-2.0,Ajax
Eredivisie,25/26,610,203938,Branco van den Boomen,Central Midfield,30,2.5,3.5,-1.0,Ajax
Eredivisie,25/26,610,182932,Davy Klaassen,Central Midfield,33,2.0,3.5,-1.5,Ajax
Eredivisie,25/26,610,891854,Gerald Alders,Right Midfield,21,0.7,0.275,0.42499999999999993,Ajax
Eredivisie,25/26,610,598491,Rayane Bounida,Attacking Midfield,20,5.0,0.8,4.2,Ajax
Eredivisie,25/26,610,748804,Mika Godts,Left Winger,21,35.0,10.0,25.0,Ajax
Eredivisie,25/26,610,374326,Oliver Edvardsen,Left Winger,27,3.0,5.0,-2.0,Ajax
Eredivisie,25/26,610,131996,Bertrand Traoré,Right Winger,30,4.0,8.0,-4.0,Ajax
Eredivisie,25/26,610,129554,Steven Berghuis,Right Winger,34,2.0,3.5,-1.5,Ajax
Eredivisie,25/26,610,473169,Brian Brobbey,Centre-Forward,24,30.0,22.0,8.0,Ajax
Eredivisie,25/26,610,228645,Wout Weghorst,Centre-Forward,33,2.0,4.0,-2.0,Ajax
Eredivisie,25/26,610,981693,Don-Angelo Konadu,Centre-Forward,20,0.8,0.8,0.0,Ajax
Eredivisie,25/26,234,196829,Timon Wellenreuther,Goalkeeper,30,5.0,6.0,-1.0,Feyenoord
Eredivisie,25/26,234,315121,Justin Bijlow,Goalkeeper,28,4.0,5.0,-1.0,Feyenoord
Eredivisie,25/26,234,264176,Liam Bossin,Goalkeeper,29,0.35,0.45,-0.10000000000000003,Feyenoord
Eredivisie,25/26,234,746973,Mannou Berger,Goalkeeper,21,0.075,0.075,0.0,Feyenoord
Eredivisie,25/26,234,593862,Thomas Beelen,Centre-Back,25,5.0,8.0,-3.0,Feyenoord
Eredivisie,25/26,234,59145,Gernot Trauner,Centre-Back,34,1.5,2.5,-1.0,Feyenoord
Eredivisie,25/26,234,374212,Gijs Smal,Left-Back,28,5.5,7.0,-1.5,Feyenoord
Eredivisie,25/26,234,997903,Givairo Read,Right-Back,20,25.0,16.0,9.0,Feyenoord
Eredivisie,25/26,234,313094,Jordan Lotomba,Right-Back,27,3.5,6.5,-3.0,Feyenoord
Eredivisie,25/26,234,369554,Mats Deijl,Right-Back,28,2.0,2.0,0.0,Feyenoord
Eredivisie,25/26,234,257987,Bart Nieuwkoop,Right-Back,30,1.5,2.0,-0.5,Feyenoord
Eredivisie,25/26,234,667965,Oussama Targhalline,Defensive Midfield,24,16.0,4.0,12.0,Feyenoord
Eredivisie,25/26,234,420213,Quinten Timber,Central Midfield,25,25.0,30.0,-5.0,Feyenoord
Eredivisie,25/26,234,384461,Jakub Moder,Central Midfield,27,10.0,12.0,-2.0,Feyenoord
Eredivisie,25/26,234,365394,In-beom Hwang,Central Midfield,29,7.0,10.0,-3.0,Feyenoord
Eredivisie,25/26,234,601495,Luciano Valente,Attacking Midfield,22,18.0,7.0,11.0,Feyenoord
Eredivisie,25/26,234,593519,Sem Steijn,Attacking Midfield,24,11.0,16.0,-5.0,Feyenoord
Eredivisie,25/26,234,595247,Shiloh 't Zand,Attacking Midfield,23,0.3,0.9,-0.6000000000000001,Feyenoord
Eredivisie,25/26,234,710886,Leo Sauer,Left Winger,20,7.0,5.0,2.0,Feyenoord
Eredivisie,25/26,234,727480,Jaden Slory,Left Winger,21,0.7,1.0,-0.30000000000000004,Feyenoord
Eredivisie,25/26,234,917911,Anis Hadj Moussa,Right Winger,24,23.0,14.0,9.0,Feyenoord
Eredivisie,25/26,234,409344,Calvin Stengs,Right Winger,27,4.5,7.0,-2.5,Feyenoord
Eredivisie,25/26,234,775257,Aymen Sliti,Right Winger,20,2.0,0.75,1.25,Feyenoord
Eredivisie,25/26,234,589128,Ayase Ueda,Centre-Forward,27,17.0,8.0,9.0,Feyenoord
Eredivisie,25/26,1090,704772,Rome-Jayden Owusu-Oduro,Goalkeeper,21,6.0,6.0,0.0,AZ
Eredivisie,25/26,1090,79045,Jeroen Zoet,Goalkeeper,35,0.25,0.3,-0.04999999999999999,AZ
Eredivisie,25/26,1090,116471,Hobie Verhulst,Goalkeeper,33,0.15,0.2,-0.05000000000000002,AZ
Eredivisie,25/26,1090,635371,Daniël Deen,Goalkeeper,23,0.1,0.125,-0.024999999999999994,AZ
Eredivisie,25/26,1090,646707,Wouter Goes,Centre-Back,22,15.0,10.0,5.0,AZ
Eredivisie,25/26,1090,479643,Alexandre Penetra,Centre-Back,24,10.0,9.0,1.0,AZ
Eredivisie,25/26,1090,1008564,Billy van Duijl,Centre-Back,20,1.5,0.2,1.3,AZ
Eredivisie,25/26,1090,646704,Maxim Dekker,Centre-Back,22,0.65,1.0,-0.35,AZ
Eredivisie,25/26,1090,929130,Mathijs Menu,Centre-Back,21,0.25,0.125,0.125,AZ
Eredivisie,25/26,1090,315254,Mees de Wit,Left-Back,28,6.0,1.5,4.5,AZ
Eredivisie,25/26,1090,957241,Elijah Dijkstra,Right-Back,19,6.0,0.7,5.3,AZ
Eredivisie,25/26,1090,577394,Denso Kasius,Right-Back,23,6.0,4.0,2.0,AZ
Eredivisie,25/26,1090,733438,Seiya Maikuma,Right-Back,28,2.0,4.0,-2.0,AZ
Eredivisie,25/26,1090,361074,Peer Koopmeiners,Defensive Midfield,26,12.0,10.0,2.0,AZ
Eredivisie,25/26,1090,988406,Kasper Boogaard,Defensive Midfield,20,2.5,0.2,2.3,AZ
Eredivisie,25/26,1090,104223,Jordy Clasie,Defensive Midfield,35,0.8,1.5,-0.7,AZ
Eredivisie,25/26,1090,702447,Nick Twisk,Defensive Midfield,23,0.25,0.2,0.04999999999999999,AZ
Eredivisie,25/26,1090,747017,Dave Kwakman,Central Midfield,21,1.5,2.0,-0.5,AZ
Eredivisie,25/26,1090,595940,Zico Buurmeester,Central Midfield,24,1.3,3.5,-2.2,AZ
Eredivisie,25/26,1090,929133,Rio Robbemond,Central Midfield,21,0.4,0.2,0.2,AZ
Eredivisie,25/26,1090,859035,Kees Smit,Attacking Midfield,20,25.0,5.0,20.0,AZ
Eredivisie,25/26,1090,578804,Sven Mijnans,Attacking Midfield,26,15.0,9.0,6.0,AZ
Eredivisie,25/26,1090,800995,Ro-Zangelo Daal,Left Winger,22,3.0,0.75,2.25,AZ
Eredivisie,25/26,1090,990008,Wassim Bouziane,Left Winger,19,0.45,0.15,0.30000000000000004,AZ
Eredivisie,25/26,1090,718303,Ernest Poku,Right Winger,22,25.0,4.0,21.0,AZ
Eredivisie,25/26,1090,1078350,Ayoub Oufkir,Right Winger,20,3.0,0.25,2.75,AZ
Eredivisie,25/26,1090,543501,Ibrahim Sadiq,Right Winger,26,2.0,3.5,-1.5,AZ
Eredivisie,25/26,1090,990009,Jasper Hartog,Right Winger,20,0.4,0.15,0.25,AZ
Eredivisie,25/26,1090,552655,Troy Parrott,Centre-Forward,24,25.0,14.0,11.0,AZ
Eredivisie,25/26,1090,678546,Mexx Meerdink,Centre-Forward,22,8.0,8.0,0.0,AZ
Eredivisie,25/26,1090,185817,Jizz Hornkamp,Centre-Forward,28,2.5,1.3,1.2,AZ
Eredivisie,25/26,1090,728864,Lequincio Zeefuik,Centre-Forward,21,0.85,0.85,0.0,AZ
Eredivisie,25/26,1090,926491,Sem van Duijn,Centre-Forward,22,0.8,0.325,0.47500000000000003,AZ
Eredivisie,25/26,200,248658,Vasilios Barkas,Goalkeeper,32,3.0,3.5,-0.5,Utrecht
Eredivisie,25/26,200,231650,Michael Brouwer,Goalkeeper,33,0.25,0.4,-0.15000000000000002,Utrecht
Eredivisie,25/26,200,607133,Kevin Gadellaa,Goalkeeper,23,0.25,0.15,0.1,Utrecht
Eredivisie,25/26,200,933914,Mees Eppink,Goalkeeper,20,0.175,0.05,0.12499999999999999,Utrecht
Eredivisie,25/26,200,314915,Siebe Horemans,Centre-Back,28,3.0,3.5,-0.5,Utrecht
Eredivisie,25/26,200,570597,Matisse Didden,Centre-Back,24,3.0,1.0,2.0,Utrecht
Eredivisie,25/26,200,482141,Mike Eerdhuijzen,Centre-Back,25,1.3,2.3,-0.9999999999999998,Utrecht
Eredivisie,25/26,200,187105,Mike van der Hoorn,Centre-Back,33,0.75,1.0,-0.25,Utrecht
Eredivisie,25/26,200,775244,Neal Viereck,Centre-Back,22,0.3,0.25,0.04999999999999999,Utrecht
Eredivisie,25/26,200,93081,Nick Viergever,Centre-Back,36,0.3,0.4,-0.10000000000000003,Utrecht
Eredivisie,25/26,200,937571,Per Kloosterboer,Centre-Back,21,0.275,0.1,0.17500000000000002,Utrecht
Eredivisie,25/26,200,541134,Souffian El Karouani,Left-Back,25,15.0,9.0,6.0,Utrecht
Eredivisie,25/26,200,320421,Kolbeinn Finnsson,Left-Back,26,0.7,0.65,0.04999999999999993,Utrecht
Eredivisie,25/26,200,565436,Alonzo Engwanda,Defensive Midfield,23,8.0,2.5,5.5,Utrecht
Eredivisie,25/26,200,361066,Davy van den Berg,Defensive Midfield,26,1.2,2.0,-0.8,Utrecht
Eredivisie,25/26,200,738475,Oualid Agougil,Defensive Midfield,20,0.5,0.25,0.25,Utrecht
Eredivisie,25/26,200,571149,Gjivai Zechiël,Central Midfield,22,10.0,4.0,6.0,Utrecht
Eredivisie,25/26,200,406609,Can Bozdogan,Central Midfield,25,2.0,3.5,-1.5,Utrecht
Eredivisie,25/26,200,686845,Zidane Iqbal,Central Midfield,23,1.0,4.0,-3.0,Utrecht
Eredivisie,25/26,200,422932,Niklas Vesterlund,Right Midfield,27,1.5,1.0,0.5,Utrecht
Eredivisie,25/26,200,400548,Victor Jensen,Attacking Midfield,26,2.5,2.0,0.5,Utrecht
Eredivisie,25/26,200,738479,Rafik El Arguioui,Attacking Midfield,20,0.5,0.35,0.15000000000000002,Utrecht
Eredivisie,25/26,200,782476,Yoann Cathline,Left Winger,23,6.0,8.0,-2.0,Utrecht
Eredivisie,25/26,200,875581,Adrian Blake,Left Winger,20,2.0,0.75,1.25,Utrecht
Eredivisie,25/26,200,634427,Miguel Rodríguez,Right Winger,23,4.5,4.5,0.0,Utrecht
Eredivisie,25/26,200,723008,Miliano Jonathans,Right Winger,22,0.75,0.9,-0.15000000000000002,Utrecht
Eredivisie,25/26,200,1182916,Björn Menzo,Right Winger,19,0.25,0.125,0.125,Utrecht
Eredivisie,25/26,200,604813,David Min,Centre-Forward,27,1.5,0.8,0.7,Utrecht
Eredivisie,25/26,200,181375,Sébastien Haller,Centre-Forward,32,1.0,3.0,-2.0,Utrecht
Eredivisie,25/26,200,557410,Noah Ohio,Centre-Forward,23,0.6,2.0,-1.4,Utrecht
Eredivisie,25/26,317,53696,Lars Unnerstall,Goalkeeper,35,1.0,2.0,-1.0,Twente
Eredivisie,25/26,317,430475,Issam El Maach,Goalkeeper,26,0.1,0.2,-0.1,Twente
Eredivisie,25/26,317,703779,Sam Karssies,Goalkeeper,23,0.075,0.075,0.0,Twente
Eredivisie,25/26,317,33210,Przemyslaw Tyton,Goalkeeper,39,0.075,0.075,0.0,Twente
Eredivisie,25/26,317,562702,Mees Hilgers,Centre-Back,25,3.0,6.5,-3.5,Twente
Eredivisie,25/26,317,618086,Max Bruns,Centre-Back,23,1.5,2.5,-1.0,Twente
Eredivisie,25/26,317,405892,Alec Van Hoorenbeeck,Centre-Back,27,0.7,0.8,-0.10000000000000009,Twente
Eredivisie,25/26,317,983677,Mats Rots,Left-Back,20,12.0,1.0,11.0,Twente
Eredivisie,25/26,317,187188,Bas Kuipers,Left-Back,31,0.8,1.2,-0.3999999999999999,Twente
Eredivisie,25/26,317,547499,Bart van Rooij,Right-Back,25,10.0,6.0,4.0,Twente
Eredivisie,25/26,317,416660,Ramiz Zerrouki,Defensive Midfield,28,6.5,5.0,1.5,Twente
Eredivisie,25/26,317,528652,Mathias Kjølø,Defensive Midfield,25,1.0,1.5,-0.5,Twente
Eredivisie,25/26,317,808578,Daouda Weidmann,Central Midfield,23,0.75,0.3,0.45,Twente
Eredivisie,25/26,317,704075,Gijs Besselink,Central Midfield,22,0.6,0.6,0.0,Twente
Eredivisie,25/26,317,694186,Kristian Hlynsson,Attacking Midfield,22,6.0,4.0,2.0,Twente
Eredivisie,25/26,317,250591,Arno Verschueren,Attacking Midfield,29,0.7,1.5,-0.8,Twente
Eredivisie,25/26,317,508639,Naci Ünüvar,Left Winger,23,1.0,2.0,-1.0,Twente
Eredivisie,25/26,317,591363,Daan Rots,Right Winger,24,5.0,4.0,1.0,Twente
Eredivisie,25/26,317,393239,Mitchell van Bergen,Right Winger,26,1.5,1.5,0.0,Twente
Eredivisie,25/26,317,513963,Taylor Booth,Right Winger,25,1.0,2.0,-1.0,Twente
Eredivisie,25/26,317,386914,Sam Lammers,Centre-Forward,29,4.0,4.0,0.0,Twente
Eredivisie,25/26,317,997646,Lucas Vennegoor of Hesselink,Centre-Forward,20,0.25,0.3,-0.04999999999999999,Twente
Eredivisie,25/26,317,41355,Ricky van Wolfswinkel,Centre-Forward,37,0.2,0.4,-0.2,Twente
Eredivisie,25/26,467,593163,Rijk Janse,Goalkeeper,24,0.05,0.025,0.025,NEC
Eredivisie,25/26,467,662131,Ahmetcan Kaplan,Centre-Back,23,7.0,5.0,2.0,NEC
Eredivisie,25/26,467,340460,Philippe Sandler,Centre-Back,29,2.0,2.3,-0.2999999999999998,NEC
Eredivisie,25/26,467,241477,Thomas Ouwejan,Centre-Back,29,0.7,1.2,-0.5,NEC
Eredivisie,25/26,467,104597,Bram Nuytinck,Centre-Back,36,0.2,0.3,-0.09999999999999998,NEC
Eredivisie,25/26,467,258364,Calvin Verdonk,Left-Back,29,2.5,2.5,0.0,NEC
Eredivisie,25/26,467,620317,Brayann Pereira,Right-Back,23,1.0,1.0,0.0,NEC
Eredivisie,25/26,467,957544,Kodai Sano,Defensive Midfield,22,12.0,4.0,8.0,NEC
Eredivisie,25/26,467,485587,Dirk Proper,Defensive Midfield,24,1.5,3.0,-1.5,NEC
Eredivisie,25/26,467,312493,Vito van Crooij,Attacking Midfield,30,0.9,1.5,-0.6,NEC
Eredivisie,25/26,467,814533,Argyris Darelas,Attacking Midfield,22,0.325,0.25,0.07500000000000001,NEC
Eredivisie,25/26,467,864112,Başar Önal,Left Winger,21,7.0,0.7,6.3,NEC
Eredivisie,25/26,467,1024696,Luc Nieuwenhuijs,Left Winger,19,0.05,0.05,0.0,NEC
Eredivisie,25/26,467,747016,Sami Ouaissa,Right Winger,21,8.0,1.5,6.5,NEC
Eredivisie,25/26,467,485582,Sontje Hansen,Right Winger,24,3.5,4.0,-0.5,NEC
Eredivisie,25/26,467,505675,Rober González,Right Winger,25,0.7,1.5,-0.8,NEC
Eredivisie,25/26,467,432682,Lars Olden Larsen,Second Striker,27,0.6,0.5,0.09999999999999998,NEC
Eredivisie,25/26,467,1144627,Kento Shiogai,Centre-Forward,21,8.0,0.85,7.15,NEC
Eredivisie,25/26,467,351567,Koki Ogawa,Centre-Forward,28,2.0,2.5,-0.5,NEC
Eredivisie,25/26,467,444380,Youssef El Kachati,Centre-Forward,26,0.65,0.8,-0.15000000000000002,NEC
Eredivisie,25/26,467,82410,Bryan Linssen,Centre-Forward,35,0.3,0.4,-0.10000000000000003,NEC
Eredivisie,25/26,306,725816,Bernt Klaverboer,Goalkeeper,20,3.0,0.075,2.925,Heerenveen
Eredivisie,25/26,306,534015,Nordin Bakker,Goalkeeper,28,0.35,0.7,-0.35,Heerenveen
Eredivisie,25/26,306,276853,Andries Noppert,Goalkeeper,32,0.3,1.0,-0.7,Heerenveen
Eredivisie,25/26,306,805451,Maas Willemsen,Centre-Back,23,4.5,0.5,4.0,Heerenveen
Eredivisie,25/26,306,430797,Sam Kersten,Centre-Back,28,2.0,1.0,1.0,Heerenveen
Eredivisie,25/26,306,894050,Nikolai Hopland,Centre-Back,21,1.5,3.0,-1.5,Heerenveen
Eredivisie,25/26,306,248395,Pawel Bochniewicz,Centre-Back,30,0.7,2.5,-1.8,Heerenveen
Eredivisie,25/26,306,628042,Hristiyan Petrov,Centre-Back,24,0.5,0.6,-0.09999999999999998,Heerenveen
Eredivisie,25/26,306,613781,Vasilios Zagaritis,Left-Back,25,3.0,0.7,2.3,Heerenveen
Eredivisie,25/26,306,869067,Oliver Braude,Right-Back,22,5.0,4.0,1.0,Heerenveen
Eredivisie,25/26,306,1030525,Mats Egbring,Right-Back,19,0.3,0.3,0.0,Heerenveen
Eredivisie,25/26,306,899163,Marcus Linday,Central Midfield,23,5.0,4.0,1.0,Heerenveen
Eredivisie,25/26,306,369552,Luuk Brouwers,Central Midfield,28,1.5,2.5,-1.0,Heerenveen
Eredivisie,25/26,306,607144,Espen van Ee,Central Midfield,22,1.2,1.3,-0.10000000000000009,Heerenveen
Eredivisie,25/26,306,886252,Isaiah Ahmed,Central Midfield,20,0.125,0.125,0.0,Heerenveen
Eredivisie,25/26,306,577455,Ringo Meerveld,Attacking Midfield,23,5.0,3.0,2.0,Heerenveen
Eredivisie,25/26,306,918365,Levi Smans,Attacking Midfield,23,1.5,2.0,-0.5,Heerenveen
Eredivisie,25/26,306,704773,Amourricho van Axel Dongen,Left Winger,21,0.4,0.4,0.0,Heerenveen
Eredivisie,25/26,306,542684,Jacob Trenskow,Right Winger,25,7.5,4.0,3.5,Heerenveen
Eredivisie,25/26,306,1130803,Eser Gürbüz,Right Winger,19,0.6,0.6,0.0,Heerenveen
Eredivisie,25/26,306,369319,Dylan Vente,Centre-Forward,27,2.5,2.0,0.5,Heerenveen
Eredivisie,25/26,202,387197,Etienne Vaessen,Goalkeeper,30,2.5,2.0,0.5,Groningen
Eredivisie,25/26,202,215551,Hidde Jurjus,Goalkeeper,32,0.25,0.3,-0.04999999999999999,Groningen
Eredivisie,25/26,202,747635,Dirk Baron,Goalkeeper,23,0.025,0.025,0.0,Groningen
Eredivisie,25/26,202,765743,Dies Janse,Centre-Back,20,6.5,0.9,5.6,Groningen
Eredivisie,25/26,202,719209,Thijmen Blokzijl,Centre-Back,21,4.0,2.0,2.0,Groningen
Eredivisie,25/26,202,125769,Marvin Peersman,Centre-Back,35,0.25,0.3,-0.04999999999999999,Groningen
Eredivisie,25/26,202,848755,Sven Bouland,Centre-Back,20,0.15,0.15,0.0,Groningen
Eredivisie,25/26,202,671734,Wouter Prins,Left-Back,22,0.45,0.8,-0.35000000000000003,Groningen
Eredivisie,25/26,202,671735,Jorg Schreuders,Right-Back,21,1.7,1.2,0.5,Groningen
Eredivisie,25/26,202,237244,Marco Rente,Right-Back,29,1.3,0.8,0.5,Groningen
Eredivisie,25/26,202,913289,Tyrique Mercera,Right-Back,22,0.6,0.45,0.14999999999999997,Groningen
Eredivisie,25/26,202,793099,Stije Resink,Defensive Midfield,23,7.0,4.0,3.0,Groningen
Eredivisie,25/26,202,816974,Tygo Land,Defensive Midfield,20,2.5,2.0,0.5,Groningen
Eredivisie,25/26,202,653725,Tika de Jonge,Central Midfield,23,1.8,0.9,0.9,Groningen
Eredivisie,25/26,202,671738,Thom van Bergen,Attacking Midfield,22,3.0,1.3,1.7,Groningen
Eredivisie,25/26,202,187809,Mats Seuntjens,Attacking Midfield,34,0.275,0.55,-0.275,Groningen
Eredivisie,25/26,202,557611,Noam Emeran,Left Winger,23,0.2,0.2,0.0,Groningen
Eredivisie,25/26,202,866328,Younes Taha,Right Winger,23,4.0,1.0,3.0,Groningen
Eredivisie,25/26,202,387996,Rui Mendes,Right Winger,26,0.2,0.35,-0.14999999999999997,Groningen
Eredivisie,25/26,202,464444,Brynjólfur Willumsson,Centre-Forward,25,0.9,0.7,0.20000000000000007,Groningen
Eredivisie,25/26,202,232015,Oskar Zawada,Centre-Forward,30,0.5,0.7,-0.19999999999999996,Groningen
Eredivisie,25/26,468,333640,Joël Drommel,Goalkeeper,29,4.0,1.5,2.5,Sparta Rotterdam
Eredivisie,25/26,468,796490,Pascal Kuiper,Goalkeeper,22,0.075,0.075,0.0,Sparta Rotterdam
Eredivisie,25/26,468,928592,Marvin Young,Centre-Back,20,5.0,2.5,2.5,Sparta Rotterdam
Eredivisie,25/26,468,627069,Teo Quintero,Centre-Back,27,1.3,0.6,0.7000000000000001,Sparta Rotterdam
Eredivisie,25/26,468,112052,Bruno Martins Indi,Centre-Back,34,0.3,0.65,-0.35000000000000003,Sparta Rotterdam
Eredivisie,25/26,468,738516,Mike Kleijn,Left-Back,21,0.3,0.25,0.04999999999999999,Sparta Rotterdam
Eredivisie,25/26,468,52119,Patrick van Aanholt,Left-Back,35,0.25,0.5,-0.25,Sparta Rotterdam
Eredivisie,25/26,468,524687,Saïd Bakari,Right-Back,31,0.3,0.65,-0.35000000000000003,Sparta Rotterdam
Eredivisie,25/26,468,432694,Joshua Kitolano,Defensive Midfield,24,2.5,2.5,0.0,Sparta Rotterdam
Eredivisie,25/26,468,616340,Julian Baas,Central Midfield,24,0.7,0.8,-0.10000000000000009,Sparta Rotterdam
Eredivisie,25/26,468,31067,Jonathan de Guzmán,Central Midfield,38,0.05,0.05,0.0,Sparta Rotterdam
Eredivisie,25/26,468,566013,Shunsuke Mito,Attacking Midfield,23,2.0,0.85,1.15,Sparta Rotterdam
Eredivisie,25/26,468,312493,Vito van Crooij,Attacking Midfield,30,0.9,1.5,-0.6,Sparta Rotterdam
Eredivisie,25/26,468,378316,Lance Duijvestijn,Attacking Midfield,27,0.8,0.85,-0.04999999999999993,Sparta Rotterdam
Eredivisie,25/26,468,134999,Jens Toornstra,Attacking Midfield,37,0.2,0.35,-0.14999999999999997,Sparta Rotterdam
Eredivisie,25/26,468,388220,Sayfallah Ltaief,Left Winger,26,1.3,1.8,-0.5,Sparta Rotterdam
Eredivisie,25/26,468,297693,Pelle Clement,Left Winger,30,0.6,0.65,-0.050000000000000044,Sparta Rotterdam
Eredivisie,25/26,468,760508,Joel Ideho,Left Winger,22,0.3,0.5,-0.2,Sparta Rotterdam
Eredivisie,25/26,468,1078350,Ayoub Oufkir,Right Winger,20,3.0,0.25,2.75,Sparta Rotterdam
Eredivisie,25/26,468,393239,Mitchell van Bergen,Right Winger,26,1.5,1.5,0.0,Sparta Rotterdam
Eredivisie,25/26,468,272206,Tobias Lauritsen,Centre-Forward,28,3.5,3.5,0.0,Sparta Rotterdam
Eredivisie,25/26,468,381349,Nökkvi Thórisson,Centre-Forward,26,0.4,0.6,-0.19999999999999996,Sparta Rotterdam
Eredivisie,25/26,1435,426849,Jari De Busser,Goalkeeper,26,4.0,2.0,2.0,Go Ahead Eagles
Eredivisie,25/26,1435,335997,Luca Plogmann,Goalkeeper,26,0.3,0.5,-0.2,Go Ahead Eagles
Eredivisie,25/26,1435,690624,Sven Jansen,Goalkeeper,21,0.05,0.05,0.0,Go Ahead Eagles
Eredivisie,25/26,1435,783017,Nando Verdoni,Goalkeeper,22,0.025,0.025,0.0,Go Ahead Eagles
Eredivisie,25/26,1435,326329,Joris Kramer,Centre-Back,29,1.8,2.0,-0.19999999999999996,Go Ahead Eagles
Eredivisie,25/26,1435,566930,Julius Dirksen,Centre-Back,23,0.8,0.4,0.4,Go Ahead Eagles
Eredivisie,25/26,1435,85904,Gerrit Nauber,Centre-Back,34,0.3,0.4,-0.10000000000000003,Go Ahead Eagles
Eredivisie,25/26,1435,805149,Giovanni van Zwam,Centre-Back,22,0.3,0.3,0.0,Go Ahead Eagles
Eredivisie,25/26,1435,624698,Pim Saathof,Centre-Back,22,0.075,0.075,0.0,Go Ahead Eagles
Eredivisie,25/26,1435,529223,Dean James,Left-Back,26,1.7,1.8,-0.10000000000000009,Go Ahead Eagles
Eredivisie,25/26,1435,656132,Aske Adelgaard,Left-Back,22,1.0,0.85,0.15000000000000002,Go Ahead Eagles
Eredivisie,25/26,1435,369554,Mats Deijl,Right-Back,28,2.0,2.0,0.0,Go Ahead Eagles
Eredivisie,25/26,1435,332530,Alfons Sampsted,Right-Back,28,1.5,2.0,-0.5,Go Ahead Eagles
Eredivisie,25/26,1435,921306,Eus Waayers,Right-Back,20,0.35,0.35,0.0,Go Ahead Eagles
Eredivisie,25/26,1435,361112,Evert Linthorst,Defensive Midfield,26,1.2,2.5,-1.3,Go Ahead Eagles
Eredivisie,25/26,1435,612758,Calvin Twigt,Defensive Midfield,23,0.75,0.6,0.15000000000000002,Go Ahead Eagles
Eredivisie,25/26,1435,496873,Xander Blomme,Defensive Midfield,24,0.3,0.45,-0.15000000000000002,Go Ahead Eagles
Eredivisie,25/26,1435,690665,Robbin Weijenberg,Central Midfield,21,0.2,0.25,-0.04999999999999999,Go Ahead Eagles
Eredivisie,25/26,1435,657957,Jakob Breum,Attacking Midfield,22,5.0,5.0,0.0,Go Ahead Eagles
Eredivisie,25/26,1435,265324,Victor Edvardsen,Attacking Midfield,30,0.8,1.3,-0.5,Go Ahead Eagles
Eredivisie,25/26,1435,422760,Mathis Suray,Left Winger,24,3.5,1.5,2.0,Go Ahead Eagles
Eredivisie,25/26,1435,727480,Jaden Slory,Left Winger,21,0.7,1.0,-0.30000000000000004,Go Ahead Eagles
Eredivisie,25/26,1435,486043,Thibo Baeten,Left Winger,24,0.5,0.4,0.09999999999999998,Go Ahead Eagles
Eredivisie,25/26,1435,715510,Oskar Sivertsen,Left Winger,22,0.45,1.3,-0.8500000000000001,Go Ahead Eagles
Eredivisie,25/26,1435,541601,Søren Tengstedt,Right Winger,26,0.7,0.8,-0.10000000000000009,Go Ahead Eagles
Eredivisie,25/26,1435,577816,Oscar Pettersson,Right Winger,26,0.375,0.5,-0.125,Go Ahead Eagles
Eredivisie,25/26,1435,703772,Milan Smit,Centre-Forward,23,2.0,1.5,0.5,Go Ahead Eagles
Eredivisie,25/26,1435,465326,Richonell Margaret,Centre-Forward,25,0.6,0.7,-0.09999999999999998,Go Ahead Eagles
Eredivisie,25/26,1435,241486,Finn Stokkers,Centre-Forward,30,0.3,0.45,-0.15000000000000002,Go Ahead Eagles
Eredivisie,25/26,385,205128,Mattijs Branderhorst,Goalkeeper,32,0.8,0.8,0.0,Fortuna Sittard
Eredivisie,25/26,385,235108,Luuk Koopmans,Goalkeeper,32,0.2,0.2,0.0,Fortuna Sittard
Eredivisie,25/26,385,158104,Nick Marsman,Goalkeeper,35,0.125,0.175,-0.04999999999999999,Fortuna Sittard
Eredivisie,25/26,385,1148221,Niels Martens,Goalkeeper,22,0.025,0.025,0.0,Fortuna Sittard
Eredivisie,25/26,385,1029376,Ramazan Bayram,Goalkeeper,21,0.025,0.025,0.0,Fortuna Sittard
Eredivisie,25/26,385,503640,Neraysho Kasanwirjo,Centre-Back,24,1.5,1.8,-0.30000000000000004,Fortuna Sittard
Eredivisie,25/26,385,358021,Shawn Adewoye,Centre-Back,26,0.9,1.3,-0.4,Fortuna Sittard
Eredivisie,25/26,385,485586,Syb van Ottele,Centre-Back,24,0.6,1.0,-0.4,Fortuna Sittard
Eredivisie,25/26,385,296227,Iván Márquez,Centre-Back,32,0.45,0.6,-0.14999999999999997,Fortuna Sittard
Eredivisie,25/26,385,576682,Jasper Dahlhaus,Left-Back,24,1.4,1.0,0.3999999999999999,Fortuna Sittard
Eredivisie,25/26,385,215099,Daley Sinkgraven,Left-Back,30,0.3,0.6,-0.3,Fortuna Sittard
Eredivisie,25/26,385,82281,Ivo Pinto,Right-Back,36,0.25,0.3,-0.04999999999999999,Fortuna Sittard
Eredivisie,25/26,385,620832,Ryan Fosso,Defensive Midfield,24,2.0,1.5,0.5,Fortuna Sittard
Eredivisie,25/26,385,900072,Philip Brittijn,Defensive Midfield,22,1.6,0.5,1.1,Fortuna Sittard
Eredivisie,25/26,385,1135967,Tristan Schenkhuizen,Defensive Midfield,21,0.05,0.025,0.025,Fortuna Sittard
Eredivisie,25/26,385,659521,Edouard Michut,Central Midfield,23,1.2,1.8,-0.6000000000000001,Fortuna Sittard
Eredivisie,25/26,385,566911,Yassin Oukili,Central Midfield,25,0.7,0.9,-0.20000000000000007,Fortuna Sittard
Eredivisie,25/26,385,289510,Samuel Bastien,Central Midfield,29,0.3,0.65,-0.35000000000000003,Fortuna Sittard
Eredivisie,25/26,385,503638,Mohamed Ihattaren,Attacking Midfield,24,3.0,1.0,2.0,Fortuna Sittard
Eredivisie,25/26,385,378316,Lance Duijvestijn,Attacking Midfield,27,0.8,0.85,-0.04999999999999993,Fortuna Sittard
Eredivisie,25/26,385,226074,Alen Halilovic,Attacking Midfield,30,0.4,1.0,-0.6,Fortuna Sittard
Eredivisie,25/26,385,915445,Luka Tunjic,Attacking Midfield,20,0.3,0.45,-0.15000000000000002,Fortuna Sittard
Eredivisie,25/26,385,813152,Makan Aïko,Left Winger,25,0.9,0.6,0.30000000000000004,Fortuna Sittard
Eredivisie,25/26,385,186704,Kristoffer Peterson,Left Winger,31,0.45,0.8,-0.35000000000000003,Fortuna Sittard
Eredivisie,25/26,385,315283,Kaj Sierhuis,Centre-Forward,28,1.8,1.3,0.5,Fortuna Sittard
Eredivisie,25/26,1269,361082,Jasper Schendelaar,Goalkeeper,25,1.5,2.5,-1.0,PEC Zwolle
Eredivisie,25/26,1269,729010,Tom de Graaff,Goalkeeper,21,1.0,0.3,0.7,PEC Zwolle
Eredivisie,25/26,1269,933570,Duke Verduin,Goalkeeper,22,0.025,0.025,0.0,PEC Zwolle
Eredivisie,25/26,1269,631904,Anselmo García MacNulty,Centre-Back,23,1.5,1.5,0.0,PEC Zwolle
Eredivisie,25/26,1269,542858,Simon Graves,Centre-Back,27,1.5,1.5,0.0,PEC Zwolle
Eredivisie,25/26,1269,315211,Sherel Floranus,Left-Back,27,0.8,0.85,-0.04999999999999993,PEC Zwolle
Eredivisie,25/26,1269,640558,Damian van der Haar,Left-Back,22,0.4,0.6,-0.19999999999999996,PEC Zwolle
Eredivisie,25/26,1269,656800,Tristan Gooijer,Right-Back,21,1.5,1.5,0.0,PEC Zwolle
Eredivisie,25/26,1269,720791,Olivier Aertssen,Right-Back,21,0.65,0.75,-0.09999999999999998,PEC Zwolle
Eredivisie,25/26,1269,538057,Eliano Reijnders,Right-Back,25,0.6,0.6,0.0,PEC Zwolle
Eredivisie,25/26,1269,203357,Ryan Thomas,Defensive Midfield,31,0.65,0.7,-0.04999999999999993,PEC Zwolle
Eredivisie,25/26,1269,806384,Nick Fichtinger,Defensive Midfield,22,0.35,0.45,-0.10000000000000003,PEC Zwolle
Eredivisie,25/26,1269,595940,Zico Buurmeester,Central Midfield,24,1.3,3.5,-2.2,PEC Zwolle
Eredivisie,25/26,1269,272930,Jamiro Monteiro,Central Midfield,32,0.65,1.0,-0.35,PEC Zwolle
Eredivisie,25/26,1269,441216,Thijs Oosting,Attacking Midfield,26,0.9,0.5,0.4,PEC Zwolle
Eredivisie,25/26,1269,360520,Odysseus Velanas,Attacking Midfield,28,0.55,0.55,0.0,PEC Zwolle
Eredivisie,25/26,1269,564620,Samir Lagsir,Attacking Midfield,23,0.125,0.15,-0.024999999999999994,PEC Zwolle
Eredivisie,25/26,1269,540927,Kaj de Rooij,Left Winger,25,1.0,0.35,0.65,PEC Zwolle
Eredivisie,25/26,1269,231590,Braydon Manu,Left Winger,29,0.275,0.5,-0.22499999999999998,PEC Zwolle
Eredivisie,25/26,1269,227039,Younes Namli,Right Winger,32,1.0,1.3,-0.30000000000000004,PEC Zwolle
Eredivisie,25/26,1269,502289,Dylan Mbayo,Right Winger,24,0.9,2.0,-1.1,PEC Zwolle
Eredivisie,25/26,1269,949480,Jan Faberski,Right Winger,20,0.5,0.7,-0.19999999999999996,PEC Zwolle
Eredivisie,25/26,1269,357826,Thomas Buitink,Centre-Forward,26,0.25,0.4,-0.15000000000000002,PEC Zwolle
Eredivisie,25/26,798,301696,Stijn van Gassel,Goalkeeper,29,1.0,0.45,0.55,Excelsior
Eredivisie,25/26,798,485588,Calvin Raatsie,Goalkeeper,24,0.3,0.7,-0.39999999999999997,Excelsior
Eredivisie,25/26,798,605395,Casper Widell,Centre-Back,23,1.5,0.8,0.7,Excelsior
Eredivisie,25/26,798,596178,Rick Meissen,Centre-Back,24,0.8,0.5,0.30000000000000004,Excelsior
Eredivisie,25/26,798,801031,Lewis Schouten,Centre-Back,22,0.7,0.4,0.29999999999999993,Excelsior
Eredivisie,25/26,798,675981,Stan Henderikx,Centre-Back,22,0.35,0.5,-0.15000000000000002,Excelsior
Eredivisie,25/26,798,457092,Simon Janssen,Left-Back,25,0.4,0.45,-0.04999999999999999,Excelsior
Eredivisie,25/26,798,491292,Ilias Bronkhorst,Right-Back,29,0.7,0.5,0.19999999999999996,Excelsior
Eredivisie,25/26,798,720189,Nolan Martens,Right-Back,21,0.45,0.3,0.15000000000000002,Excelsior
Eredivisie,25/26,798,590773,Hamdi Akujobi,Right-Back,26,0.3,0.55,-0.25000000000000006,Excelsior
Eredivisie,25/26,798,595238,Lennard Hartjes,Central Midfield,23,0.8,0.5,0.30000000000000004,Excelsior
Eredivisie,25/26,798,1057565,Chris-Kévin Nadje,Central Midfield,24,0.5,1.2,-0.7,Excelsior
Eredivisie,25/26,798,608889,Mathijs Tielemans,Central Midfield,24,0.35,0.6,-0.25,Excelsior
Eredivisie,25/26,798,536477,Arthur Zagré,Left Midfield,24,2.0,0.9,1.1,Excelsior
Eredivisie,25/26,798,806245,Irakli Yegoian,Attacking Midfield,22,1.8,0.5,1.3,Excelsior
Eredivisie,25/26,798,578544,Noah Naujoks,Attacking Midfield,24,1.5,0.6,0.9,Excelsior
Eredivisie,25/26,798,747243,Gyan de Regt,Left Winger,22,0.9,0.35,0.55,Excelsior
Eredivisie,25/26,798,746838,Zach Booth,Left Winger,22,0.35,0.4,-0.050000000000000044,Excelsior
Eredivisie,25/26,798,608407,Derensili Sanches Fernandes,Right Winger,25,0.9,0.6,0.30000000000000004,Excelsior
Eredivisie,25/26,798,723008,Miliano Jonathans,Right Winger,22,0.75,0.9,-0.15000000000000002,Excelsior
Eredivisie,25/26,798,1142631,Jerolldino Bergraaf,Centre-Forward,19,0.3,0.45,-0.15000000000000002,Excelsior
Eredivisie,25/26,798,183397,Mike van Duinen,Centre-Forward,34,0.15,0.15,0.0,Excelsior
Eredivisie,25/26,798,775044,Nesto Groen,Centre-Forward,21,0.1,0.15,-0.04999999999999999,Excelsior
Eredivisie,25/26,724,790669,Kayne van Oevelen,Goalkeeper,22,2.0,0.7,1.3,Volendam
Eredivisie,25/26,724,729011,Roy Steur,Goalkeeper,21,0.2,0.15,0.05000000000000002,Volendam
Eredivisie,25/26,724,820331,Arouna Kabba,Goalkeeper,21,0.05,0.05,0.0,Volendam
Eredivisie,25/26,724,640432,Xavier Mbuyamba,Centre-Back,24,1.5,1.0,0.5,Volendam
Eredivisie,25/26,724,891835,Nick Verschuren,Centre-Back,21,1.0,0.4,0.6,Volendam
Eredivisie,25/26,724,170720,Mawouna Amevor,Centre-Back,34,0.2,0.225,-0.024999999999999994,Volendam
Eredivisie,25/26,724,710999,Silvinho Esajas,Centre-Back,23,0.15,0.25,-0.1,Volendam
Eredivisie,25/26,724,1175045,Luca Blondeau,Centre-Back,20,0.075,0.075,0.0,Volendam
Eredivisie,25/26,724,541020,Yannick Leliendal,Left-Back,24,1.0,0.75,0.25,Volendam
Eredivisie,25/26,724,56836,Aaron Meijers,Left-Back,38,0.075,0.075,0.0,Volendam
Eredivisie,25/26,724,936006,Precious Ugwu,Right-Back,20,0.5,0.325,0.175,Volendam
Eredivisie,25/26,724,790411,Déron Payne,Right-Back,23,0.35,0.65,-0.30000000000000004,Volendam
Eredivisie,25/26,724,559325,Gibson Yah,Defensive Midfield,22,1.3,0.3,1.0,Volendam
Eredivisie,25/26,724,940095,Nordin Bukala,Defensive Midfield,20,0.6,0.275,0.32499999999999996,Volendam
Eredivisie,25/26,724,1196804,Anass Bouziane,Defensive Midfield,19,0.025,0.025,0.0,Volendam
Eredivisie,25/26,724,747017,Dave Kwakman,Central Midfield,21,1.5,2.0,-0.5,Volendam
Eredivisie,25/26,724,765468,Milan de Haan,Central Midfield,22,0.55,0.35,0.20000000000000007,Volendam
Eredivisie,25/26,724,928359,Myron Mau-Asam,Central Midfield,22,0.05,0.075,-0.024999999999999994,Volendam
Eredivisie,25/26,724,1104143,Benjamin Pauwels,Left Winger,21,0.8,0.65,0.15000000000000002,Volendam
Eredivisie,25/26,724,410719,Alex Plat,Left Winger,28,0.3,0.5,-0.2,Volendam
Eredivisie,25/26,724,760508,Joel Ideho,Left Winger,22,0.3,0.5,-0.2,Volendam
Eredivisie,25/26,724,241324,Bilal Ould-Chikh,Right Winger,28,0.65,0.9,-0.25,Volendam
Eredivisie,25/26,724,654902,Aurelio Oehlers,Right Winger,22,0.5,0.3,0.2,Volendam
Eredivisie,25/26,724,232219,Brandley Kuwas,Right Winger,33,0.25,0.3,-0.04999999999999999,Volendam
Eredivisie,25/26,724,565434,Anthony Descotte,Centre-Forward,22,0.6,0.65,-0.050000000000000044,Volendam
Eredivisie,25/26,724,271743,Henk Veerman,Centre-Forward,35,0.25,0.35,-0.09999999999999998,Volendam
Eredivisie,25/26,724,186763,Robert Mühren,Centre-Forward,37,0.125,0.25,-0.125,Volendam
Eredivisie,25/26,724,935250,Mauro Zijlstra,Centre-Forward,21,0.075,0.075,0.0,Volendam
Eredivisie,25/26,1304,462285,Fabian de Keijzer,Goalkeeper,26,0.4,1.5,-1.1,Heracles
Eredivisie,25/26,1304,703778,Timo Jansink,Goalkeeper,23,0.15,0.025,0.125,Heracles
Eredivisie,25/26,1304,25520,Remko Pasveer,Goalkeeper,42,0.1,0.15,-0.04999999999999999,Heracles
Eredivisie,25/26,1304,535741,Robin Mantel,Goalkeeper,25,0.05,0.05,0.0,Heracles
Eredivisie,25/26,1304,405892,Alec Van Hoorenbeeck,Centre-Back,27,0.7,0.8,-0.10000000000000009,Heracles
Eredivisie,25/26,1304,482838,Ivan Mesik,Centre-Back,25,0.6,1.3,-0.7000000000000001,Heracles
Eredivisie,25/26,1304,257986,Damon Mirani,Centre-Back,30,0.45,0.65,-0.2,Heracles
Eredivisie,25/26,1304,155806,Mike te Wierik,Centre-Back,34,0.2,0.275,-0.07500000000000001,Heracles
Eredivisie,25/26,1304,464906,Sava-Arangel Cestic,Centre-Back,25,0.15,0.3,-0.15,Heracles
Eredivisie,25/26,1304,936604,Jop Tijink,Centre-Back,21,0.05,0.05,0.0,Heracles
Eredivisie,25/26,1304,500274,Lorenzo Milani,Left-Back,25,0.15,0.225,-0.07500000000000001,Heracles
Eredivisie,25/26,1304,591880,Mimeirhel Benita,Right-Back,22,0.5,1.0,-0.5,Heracles
Eredivisie,25/26,1304,447801,Jannes Wieckhoff,Right-Back,25,0.35,0.65,-0.30000000000000004,Heracles
Eredivisie,25/26,1304,618083,Sem Scheperman,Defensive Midfield,24,0.6,0.9,-0.30000000000000004,Heracles
Eredivisie,25/26,1304,377720,Daniël van Kaam,Defensive Midfield,26,0.375,0.45,-0.07500000000000001,Heracles
Eredivisie,25/26,1304,487924,Jan Zamburek,Central Midfield,25,0.4,0.45,-0.04999999999999999,Heracles
Eredivisie,25/26,1304,596148,Djevencio van der Kust,Central Midfield,25,0.35,0.6,-0.25,Heracles
Eredivisie,25/26,1304,793702,Tristan van Gilst,Attacking Midfield,23,0.35,0.65,-0.30000000000000004,Heracles
Eredivisie,25/26,1304,241378,Jordy Bruijn,Attacking Midfield,29,0.325,0.3,0.025000000000000022,Heracles
Eredivisie,25/26,1304,172202,Thomas Bruns,Attacking Midfield,34,0.175,0.25,-0.07500000000000001,Heracles
Eredivisie,25/26,1304,508639,Naci Ünüvar,Left Winger,23,1.0,2.0,-1.0,Heracles
Eredivisie,25/26,1304,93637,Mario Engels,Left Winger,32,0.3,0.5,-0.2,Heracles
Eredivisie,25/26,1304,1025411,Giandro Sambo,Left Winger,19,0.05,0.05,0.0,Heracles
Eredivisie,25/26,1304,502288,Bryan Limbombe,Right Winger,25,0.4,0.4,0.0,Heracles
Eredivisie,25/26,1304,185817,Jizz Hornkamp,Centre-Forward,28,2.5,1.3,1.2,Heracles
Eredivisie,25/26,1304,728864,Lequincio Zeefuik,Centre-Forward,21,0.85,0.85,0.0,Heracles
Eredivisie,25/26,1304,569470,Luka Kulenovic,Centre-Forward,26,0.65,1.2,-0.5499999999999999,Heracles
Eredivisie,25/26,1304,989998,Diego van Oorschot,Centre-Forward,20,0.15,0.1,0.04999999999999999,Heracles
Eredivisie,25/26,1304,679414,Antonio Satriano,Centre-Forward,22,0.075,0.15,-0.075,Heracles
Eredivisie,25/26,1434,271549,Ronald Koeman Jr.,Goalkeeper,31,0.7,0.45,0.24999999999999994,Telstar
Eredivisie,25/26,1434,412946,Daan Reiziger,Goalkeeper,25,0.1,0.1,0.0,Telstar
Eredivisie,25/26,1434,663961,Tyrick Bodak,Goalkeeper,24,0.025,0.025,0.0,Telstar
Eredivisie,25/26,1434,590777,Guus Offerhaus,Centre-Back,25,0.8,0.5,0.30000000000000004,Telstar
Eredivisie,25/26,1434,250440,Danny Bakker,Centre-Back,31,0.45,0.45,0.0,Telstar
Eredivisie,25/26,1434,748604,Devon Koswal,Centre-Back,22,0.45,0.35,0.10000000000000003,Telstar
Eredivisie,25/26,1434,1006923,Adil Lechkar,Right-Back,24,0.15,0.05,0.09999999999999999,Telstar
Eredivisie,25/26,1434,682568,Cedric Hatenboer,Defensive Midfield,21,2.0,1.5,0.5,Telstar
Eredivisie,25/26,1434,694039,Nils Rossen,Defensive Midfield,21,0.7,0.35,0.35,Telstar
Eredivisie,25/26,1434,461644,Tyrone Owusu,Central Midfield,27,0.6,0.35,0.25,Telstar
Eredivisie,25/26,1434,708005,Tyrese Noslin,Right Midfield,23,0.75,0.4,0.35,Telstar
Eredivisie,25/26,1434,891854,Gerald Alders,Right Midfield,21,0.7,0.275,0.42499999999999993,Telstar
Eredivisie,25/26,1434,263555,Jeff Hardeveld,Left Midfield,31,0.45,0.45,0.0,Telstar
Eredivisie,25/26,1434,865281,Jochem Ritmeester van de Kamp,Attacking Midfield,22,1.5,0.8,0.7,Telstar
Eredivisie,25/26,1434,926491,Sem van Duijn,Centre-Forward,22,0.8,0.325,0.47500000000000003,Telstar
Eredivisie,25/26,1434,779752,Soufiane Hetli,Centre-Forward,25,0.45,0.3,0.15000000000000002,Telstar
Eredivisie,25/26,1434,381349,Nökkvi Thórisson,Centre-Forward,26,0.4,0.6,-0.19999999999999996,Telstar
Eredivisie,25/26,1434,804906,Sebastiaan Hagedoorn,Centre-Forward,21,0.1,0.1,0.0,Telstar
Eredivisie,25/26,132,463233,Daniel Bielica,Goalkeeper,27,0.8,1.0,-0.19999999999999996,NAC Breda
Eredivisie,25/26,132,64352,Kostas Lamprou,Goalkeeper,34,0.15,0.2,-0.05000000000000002,NAC Breda
Eredivisie,25/26,132,195546,Roy Kortsmit,Goalkeeper,33,0.125,0.2,-0.07500000000000001,NAC Breda
Eredivisie,25/26,132,434110,Leo Greiml,Centre-Back,24,0.9,2.0,-1.1,NAC Breda
Eredivisie,25/26,132,559334,Rio Hillen,Centre-Back,23,0.6,0.6,0.0,NAC Breda
Eredivisie,25/26,132,329055,Enes Mahmutovic,Centre-Back,29,0.25,0.4,-0.15000000000000002,NAC Breda
Eredivisie,25/26,132,428502,Boy Kemper,Left-Back,27,1.0,0.85,0.15000000000000002,NAC Breda
Eredivisie,25/26,132,936581,Cherrion Valerius,Right-Back,20,0.65,1.0,-0.35,NAC Breda
Eredivisie,25/26,132,406091,Boyd Lucassen,Right-Back,27,0.35,0.5,-0.15000000000000002,NAC Breda
Eredivisie,25/26,132,849428,Max Balard,Defensive Midfield,25,0.9,1.5,-0.6,NAC Breda
Eredivisie,25/26,132,596158,Casper Staring,Defensive Midfield,25,0.35,0.35,0.0,NAC Breda
Eredivisie,25/26,132,218233,Fredrik Oldrup Jensen,Defensive Midfield,33,0.25,0.3,-0.04999999999999999,NAC Breda
Eredivisie,25/26,132,250464,Clint Leemans,Central Midfield,30,0.4,0.75,-0.35,NAC Breda
Eredivisie,25/26,132,824000,Lars Mol,Central Midfield,21,0.25,0.2,0.04999999999999999,NAC Breda
Eredivisie,25/26,132,640565,Mohamed Nassoh,Attacking Midfield,23,0.7,0.7,0.0,NAC Breda
Eredivisie,25/26,132,564489,Kamal Sowah,Left Winger,26,0.75,0.8,-0.050000000000000044,NAC Breda
Eredivisie,25/26,132,716756,Raul Paula,Left Winger,22,0.35,0.6,-0.25,NAC Breda
Eredivisie,25/26,132,741587,Juho Talvitie,Right Winger,21,0.7,0.9,-0.20000000000000007,NAC Breda
Eredivisie,25/26,132,439292,Sydney van Hooijdonk,Centre-Forward,26,1.0,1.0,0.0,NAC Breda
Eredivisie,25/26,132,595028,Charles-Andreas Brym,Centre-Forward,27,0.35,0.45,-0.10000000000000003,NAC Breda
Eerste Divisie,22/23,9715,333640,Joël Drommel,Goalkeeper,26,2.5,3.5,-1.0,Jong PSV
Eerste Divisie,22/23,9715,654919,Kjell Peersman,Goalkeeper,19,0.4,0.2,0.2,Jong PSV
Eerste Divisie,22/23,9715,663961,Tyrick Bodak,Goalkeeper,21,0.025,0.025,0.0,Jong PSV
Eerste Divisie,22/23,9715,318508,Olivier Boscagli,Centre-Back,25,7.0,8.0,-1.0,Jong PSV
Eerste Divisie,22/23,9715,617755,Jenson Seelt,Centre-Back,20,0.6,0.4,0.19999999999999996,Jong PSV
Eerste Divisie,22/23,9715,660746,Fedde Leysen,Centre-Back,19,0.475,0.25,0.22499999999999998,Jong PSV
Eerste Divisie,22/23,9715,738481,Emmanuel van de Blaak,Centre-Back,18,0.4,0.4,0.0,Jong PSV
Eerste Divisie,22/23,9715,412939,Dennis Vos,Centre-Back,21,0.35,0.35,0.0,Jong PSV
Eerste Divisie,22/23,9715,539665,Fredrik Oppegård,Left-Back,20,0.65,0.4,0.25,Jong PSV
Eerste Divisie,22/23,9715,575367,Richard Ledezma,Right-Back,22,0.85,0.85,0.0,Jong PSV
Eerste Divisie,22/23,9715,626764,Livano Comenencia,Right-Back,19,0.5,0.35,0.15000000000000002,Jong PSV
Eerste Divisie,22/23,9715,494282,Mees Kreekels,Right-Back,21,0.175,0.175,0.0,Jong PSV
Eerste Divisie,22/23,9715,608889,Mathijs Tielemans,Central Midfield,21,0.5,0.25,0.25,Jong PSV
Eerste Divisie,22/23,9715,490385,Mohammed Amin Doudah,Central Midfield,20,0.35,0.2,0.14999999999999997,Jong PSV
Eerste Divisie,22/23,9715,702869,Ismael Saibari,Attacking Midfield,22,2.3,0.45,1.8499999999999999,Jong PSV
Eerste Divisie,22/23,9715,640565,Mohamed Nassoh,Attacking Midfield,20,0.6,0.15,0.44999999999999996,Jong PSV
Eerste Divisie,22/23,9715,579756,Simon Colyn,Attacking Midfield,21,0.4,0.4,0.0,Jong PSV
Eerste Divisie,22/23,9715,594273,Jeremy Antonisse,Left Winger,21,0.5,0.3,0.2,Jong PSV
Eerste Divisie,22/23,9715,565424,Johan Bakayoko,Right Winger,20,10.0,3.0,7.0,Jong PSV
Eerste Divisie,22/23,9715,568179,Dante Sealy,Right Winger,20,0.35,0.35,0.0,Jong PSV
Eerste Divisie,22/23,9715,594039,Fodé Fofana,Centre-Forward,20,0.35,0.35,0.0,Jong PSV
Eerste Divisie,22/23,9715,664808,August Priske,Centre-Forward,19,0.15,0.15,0.0,Jong PSV
Eerste Divisie,22/23,8817,635129,Charlie Setford,Goalkeeper,19,0.3,0.2,0.09999999999999998,Jong Ajax
Eerste Divisie,22/23,8817,328874,Joey Roggeveen,Goalkeeper,25,0.1,0.1,0.0,Jong Ajax
Eerste Divisie,22/23,8817,361207,Kik Pierie,Centre-Back,22,0.9,1.5,-0.6,Jong Ajax
Eerste Divisie,22/23,8817,559327,Youri Baas,Centre-Back,20,0.9,0.45,0.45,Jong Ajax
Eerste Divisie,22/23,8817,559324,Youri Regeer,Defensive Midfield,19,1.3,2.4,-1.0999999999999999,Jong Ajax
Eerste Divisie,22/23,8817,659802,Patrickson Delgado,Defensive Midfield,19,0.3,0.3,0.0,Jong Ajax
Eerste Divisie,22/23,8817,508636,Donny Warmerdam,Defensive Midfield,21,0.25,0.25,0.0,Jong Ajax
Eerste Divisie,22/23,8817,559333,Kian Fitz-Jim,Central Midfield,19,1.3,0.8,0.5,Jong Ajax
Eerste Divisie,22/23,8817,694186,Kristian Hlynsson,Attacking Midfield,19,0.75,0.45,0.3,Jong Ajax
Eerste Divisie,22/23,8817,573131,Giovanni,Attacking Midfield,21,0.7,0.7,0.0,Jong Ajax
Eerste Divisie,22/23,8817,660979,Jeppe Kjær,Attacking Midfield,19,0.4,0.4,0.0,Jong Ajax
Eerste Divisie,22/23,8817,508639,Naci Ünüvar,Left Winger,20,2.5,3.5,-1.0,Jong Ajax
Eerste Divisie,22/23,8817,704773,Amourricho van Axel Dongen,Left Winger,18,0.5,0.5,0.0,Jong Ajax
Eerste Divisie,22/23,8817,610429,Christian Rasmussen,Right Winger,20,0.8,0.65,0.15000000000000002,Jong Ajax
Eerste Divisie,22/23,8817,485582,Sontje Hansen,Right Winger,21,0.75,1.0,-0.25,Jong Ajax
Eerste Divisie,22/23,8817,572519,Ar'jany Martha,Right Winger,19,0.35,0.35,0.0,Jong Ajax
Eerste Divisie,22/23,8817,473169,Brian Brobbey,Centre-Forward,21,12.0,9.0,3.0,Jong Ajax
Eerste Divisie,22/23,11368,116471,Hobie Verhulst,Goalkeeper,30,0.6,0.425,0.175,Jong AZ
Eerste Divisie,22/23,11368,595935,Sem Westerveld,Goalkeeper,20,0.5,0.25,0.25,Jong AZ
Eerste Divisie,22/23,11368,635371,Daniël Deen,Goalkeeper,20,0.075,0.025,0.049999999999999996,Jong AZ
Eerste Divisie,22/23,11368,646707,Wouter Goes,Centre-Back,19,2.0,0.1,1.9,Jong AZ
Eerste Divisie,22/23,11368,646704,Maxim Dekker,Centre-Back,19,1.5,0.4,1.1,Jong AZ
Eerste Divisie,22/23,11368,801031,Lewis Schouten,Centre-Back,19,0.3,0.15,0.15,Jong AZ
Eerste Divisie,22/23,11368,595937,Jorn Berkhout,Centre-Back,21,0.25,0.25,0.0,Jong AZ
Eerste Divisie,22/23,11368,595936,Misha Engel,Centre-Back,20,0.175,0.075,0.09999999999999999,Jong AZ
Eerste Divisie,22/23,11368,554395,Vasileios Pavlidis,Centre-Back,20,0.15,0.15,0.0,Jong AZ
Eerste Divisie,22/23,11368,646705,Sem Dekkers,Right-Back,19,0.325,0.025,0.3,Jong AZ
Eerste Divisie,22/23,11368,361078,Robin Lathouwers,Right-Back,23,0.15,0.15,0.0,Jong AZ
Eerste Divisie,22/23,11368,361074,Peer Koopmeiners,Defensive Midfield,23,0.7,0.6,0.09999999999999998,Jong AZ
Eerste Divisie,22/23,11368,702447,Nick Twisk,Defensive Midfield,20,0.1,0.1,0.0,Jong AZ
Eerste Divisie,22/23,11368,394688,Håkon Evjen,Central Midfield,23,1.8,1.8,0.0,Jong AZ
Eerste Divisie,22/23,11368,595940,Zico Buurmeester,Central Midfield,21,0.55,0.55,0.0,Jong AZ
Eerste Divisie,22/23,11368,559335,Fedde de Jong,Attacking Midfield,20,0.65,0.65,0.0,Jong AZ
Eerste Divisie,22/23,11368,650712,Myron van Brederode,Left Winger,19,3.0,0.2,2.8,Jong AZ
Eerste Divisie,22/23,11368,508643,Soulyman Allouch,Left Winger,21,0.5,0.45,0.04999999999999999,Jong AZ
Eerste Divisie,22/23,11368,515396,Iman Griffith,Right Winger,21,0.5,0.5,0.0,Jong AZ
Eerste Divisie,22/23,11368,718303,Ernest Poku,Right Winger,19,0.3,0.3,0.0,Jong AZ
Eerste Divisie,22/23,11368,747720,Jayden Addai,Right Winger,17,0.15,0.15,0.0,Jong AZ
Eerste Divisie,22/23,11368,577396,Ricuenio Kewal,Right Winger,21,0.075,0.075,0.0,Jong AZ
Eerste Divisie,22/23,11368,678546,Mexx Meerdink,Centre-Forward,19,1.5,0.15,1.35,Jong AZ
Eerste Divisie,22/23,11368,566271,Yusuf Barası,Centre-Forward,20,0.6,0.5,0.09999999999999998,Jong AZ
Eerste Divisie,22/23,11368,675622,Damienus Reverson,Centre-Forward,19,0.15,0.025,0.125,Jong AZ
Eerste Divisie,22/23,17596,462285,Fabian de Keijzer,Goalkeeper,23,0.7,0.9,-0.20000000000000007,Jong Utrecht
Eerste Divisie,22/23,17596,315235,Thijmen Nijhuis,Goalkeeper,24,0.2,0.2,0.0,Jong Utrecht
Eerste Divisie,22/23,17596,485588,Calvin Raatsie,Goalkeeper,21,0.2,0.2,0.0,Jong Utrecht
Eerste Divisie,22/23,17596,607133,Kevin Gadellaa,Goalkeeper,20,0.025,0.025,0.0,Jong Utrecht
Eerste Divisie,22/23,17596,436064,Ramon Hendriks,Centre-Back,21,0.75,0.8,-0.050000000000000044,Jong Utrecht
Eerste Divisie,22/23,17596,458734,Tommy St. Jago,Centre-Back,23,0.7,1.0,-0.30000000000000004,Jong Utrecht
Eerste Divisie,22/23,17596,578421,Ruben Kluivert,Centre-Back,22,0.5,0.2,0.3,Jong Utrecht
Eerste Divisie,22/23,17596,477249,Christopher Mamengi,Centre-Back,22,0.425,0.425,0.0,Jong Utrecht
Eerste Divisie,22/23,17596,596178,Rick Meissen,Centre-Back,21,0.35,0.3,0.04999999999999999,Jong Utrecht
Eerste Divisie,22/23,17596,412930,Reda Akmum,Centre-Back,22,0.25,0.25,0.0,Jong Utrecht
Eerste Divisie,22/23,17596,765467,Jozhua Vertrouwd,Centre-Back,18,0.075,0.05,0.024999999999999994,Jong Utrecht
Eerste Divisie,22/23,17596,786426,Dylan Timber,Centre-Back,23,0.025,0.05,-0.025,Jong Utrecht
Eerste Divisie,22/23,17596,541020,Yannick Leliendal,Left-Back,21,0.2,0.125,0.07500000000000001,Jong Utrecht
Eerste Divisie,22/23,17596,538057,Eliano Reijnders,Right-Back,22,0.4,0.4,0.0,Jong Utrecht
Eerste Divisie,22/23,17596,593822,Julliani Eersteling,Right-Back,21,0.2,0.2,0.0,Jong Utrecht
Eerste Divisie,22/23,17596,559325,Gibson Yah,Defensive Midfield,19,0.2,0.2,0.0,Jong Utrecht
Eerste Divisie,22/23,17596,596148,Djevencio van der Kust,Central Midfield,22,0.85,0.65,0.19999999999999996,Jong Utrecht
Eerste Divisie,22/23,17596,540659,Albert Lottin,Central Midfield,21,0.3,0.4,-0.10000000000000003,Jong Utrecht
Eerste Divisie,22/23,17596,488296,Rocco Shein,Central Midfield,19,0.275,0.25,0.025000000000000022,Jong Utrecht
Eerste Divisie,22/23,17596,596180,Yuya Ikeshita,Central Midfield,21,0.275,0.275,0.0,Jong Utrecht
Eerste Divisie,22/23,17596,536477,Arthur Zagré,Left Midfield,21,0.7,1.0,-0.30000000000000004,Jong Utrecht
Eerste Divisie,22/23,17596,586879,Oussama Alou,Attacking Midfield,21,0.175,0.175,0.0,Jong Utrecht
Eerste Divisie,22/23,17596,608407,Derensili Sanches Fernandes,Right Winger,22,0.275,0.15,0.12500000000000003,Jong Utrecht
Eerste Divisie,22/23,17596,654902,Aurelio Oehlers,Right Winger,19,0.025,0.025,0.0,Jong Utrecht
Eerste Divisie,22/23,17596,361081,Daishawn Redan,Centre-Forward,22,1.0,1.0,0.0,Jong Utrecht
Eerste Divisie,22/23,17596,667007,Mees Rijks,Centre-Forward,20,0.3,0.225,0.07499999999999998,Jong Utrecht
Eerste Divisie,22/23,1304,231650,Michael Brouwer,Goalkeeper,30,0.55,0.55,0.0,Heracles
Eerste Divisie,22/23,1304,335027,Koen Bucker,Goalkeeper,27,0.175,0.175,0.0,Heracles
Eerste Divisie,22/23,1304,463526,Robin Jalving,Goalkeeper,23,0.05,0.05,0.0,Heracles
Eerste Divisie,22/23,1304,411287,Justin Hoogma,Centre-Back,25,1.0,1.0,0.0,Heracles
Eerste Divisie,22/23,1304,339151,Sven Sonnenberg,Centre-Back,24,0.225,0.225,0.0,Heracles
Eerste Divisie,22/23,1304,476755,Mateo Les,Centre-Back,23,0.05,0.05,0.0,Heracles
Eerste Divisie,22/23,1304,538963,Ruben Roosken,Left-Back,23,0.5,0.2,0.3,Heracles
Eerste Divisie,22/23,1304,703775,Chiel Olde Keizer,Left-Back,20,0.025,0.025,0.0,Heracles
Eerste Divisie,22/23,1304,237244,Marco Rente,Right-Back,26,0.6,0.6,0.0,Heracles
Eerste Divisie,22/23,1304,339330,Navajo Bakboord,Right-Back,24,0.3,0.3,0.0,Heracles
Eerste Divisie,22/23,1304,150663,Sylian Mokono,Right-Back,24,0.2,0.2,0.0,Heracles
Eerste Divisie,22/23,1304,438689,Robin Polley,Right-Back,24,0.125,0.125,0.0,Heracles
Eerste Divisie,22/23,1304,337243,Orestis Kiomourtzoglou,Defensive Midfield,25,0.65,0.8,-0.15000000000000002,Heracles
Eerste Divisie,22/23,1304,618083,Sem Scheperman,Defensive Midfield,21,0.1,0.025,0.07500000000000001,Heracles
Eerste Divisie,22/23,1304,323602,Lucas Schoofs,Central Midfield,26,0.5,0.5,0.0,Heracles
Eerste Divisie,22/23,1304,409514,Elias Sierra,Central Midfield,21,0.25,0.25,0.0,Heracles
Eerste Divisie,22/23,1304,391555,Melih İbrahimoğlu,Central Midfield,22,0.15,0.2,-0.05000000000000002,Heracles
Eerste Divisie,22/23,1304,289507,Ismail Azzaoui,Attacking Midfield,25,0.5,0.65,-0.15000000000000002,Heracles
Eerste Divisie,22/23,1304,240889,Anas Ouahim,Attacking Midfield,25,0.45,0.35,0.10000000000000003,Heracles
Eerste Divisie,22/23,1304,276002,Emil Hansson,Left Winger,25,1.3,0.6,0.7000000000000001,Heracles
Eerste Divisie,22/23,1304,290555,Nikolai Laursen,Right Winger,25,0.9,0.5,0.4,Heracles
Eerste Divisie,22/23,1304,345586,Kasper Lunding,Right Winger,23,0.3,0.3,0.0,Heracles
Eerste Divisie,22/23,1304,134631,Sinan Bakış,Centre-Forward,29,2.0,0.6,1.4,Heracles
Eerste Divisie,22/23,1304,55751,Samuel Armenteros,Centre-Forward,33,0.5,0.5,0.0,Heracles
Eerste Divisie,22/23,192,342012,Rody de Boer,Goalkeeper,25,0.35,0.7,-0.35,Roda JC
Eerste Divisie,22/23,192,417671,Loek Hamers,Goalkeeper,23,0.025,0.025,0.0,Roda JC
Eerste Divisie,22/23,192,606179,Dylan Vranken,Goalkeeper,21,0.025,0.025,0.0,Roda JC
Eerste Divisie,22/23,192,547312,Xander Lambrix,Centre-Back,23,0.35,0.2,0.14999999999999997,Roda JC
Eerste Divisie,22/23,192,129551,Ted van de Pavert,Centre-Back,31,0.325,0.425,-0.09999999999999998,Roda JC
Eerste Divisie,22/23,192,61446,Guus Joppen,Centre-Back,33,0.275,0.275,0.0,Roda JC
Eerste Divisie,22/23,192,331634,Florian Mayer,Centre-Back,25,0.075,0.075,0.0,Roda JC
Eerste Divisie,22/23,192,477250,Terrence Douglas,Left-Back,21,0.35,0.275,0.07499999999999996,Roda JC
Eerste Divisie,22/23,192,324111,Teun Bijleveld,Left-Back,25,0.325,0.325,0.0,Roda JC
Eerste Divisie,22/23,192,502461,Jamil Takidine,Left-Back,21,0.05,0.05,0.0,Roda JC
Eerste Divisie,22/23,192,393240,Boyd Reith,Right-Back,24,0.4,0.3,0.10000000000000003,Roda JC
Eerste Divisie,22/23,192,373984,Jesse Schuurman,Defensive Midfield,25,0.3,0.3,0.0,Roda JC
Eerste Divisie,22/23,192,697776,Quinten-Eladio Beckx,Defensive Midfield,20,0.025,0.025,0.0,Roda JC
Eerste Divisie,22/23,192,783094,Benjamin Bouchouari,Central Midfield,21,4.0,0.6,3.4,Roda JC
Eerste Divisie,22/23,192,595238,Lennard Hartjes,Central Midfield,20,0.3,0.1,0.19999999999999998,Roda JC
Eerste Divisie,22/23,192,123140,Niek Vossebelt,Central Midfield,31,0.3,0.3,0.0,Roda JC
Eerste Divisie,22/23,192,730816,Fabio Sposito,Central Midfield,21,0.025,0.025,0.0,Roda JC
Eerste Divisie,22/23,192,365449,Xian Emmers,Attacking Midfield,23,0.7,0.6,0.09999999999999998,Roda JC
Eerste Divisie,22/23,192,292805,Lennerd Daneels,Left Winger,25,0.35,0.35,0.0,Roda JC
Eerste Divisie,22/23,192,502288,Bryan Limbombe,Right Winger,22,0.7,0.475,0.22499999999999998,Roda JC
Eerste Divisie,22/23,192,462087,Arjen van der Heide,Right Winger,21,0.45,0.45,0.0,Roda JC
Eerste Divisie,22/23,192,371980,Mohamed Mallahi,Right Winger,23,0.275,0.275,0.0,Roda JC
Eerste Divisie,22/23,192,369319,Dylan Vente,Centre-Forward,24,0.9,0.575,0.32500000000000007,Roda JC
Eerste Divisie,22/23,192,513330,Romano Postema,Centre-Forward,21,0.45,0.45,0.0,Roda JC
Eerste Divisie,22/23,192,422764,Jamie Yayi Mpie,Centre-Forward,22,0.25,0.075,0.175,Roda JC
Eerste Divisie,22/23,1269,361082,Jasper Schendelaar,Goalkeeper,22,0.6,0.3,0.3,PEC Zwolle
Eerste Divisie,22/23,1269,409346,Jan Hoekstra,Goalkeeper,24,0.35,0.35,0.0,PEC Zwolle
Eerste Divisie,22/23,1269,297373,Mike Hauptmeijer,Goalkeeper,26,0.1,0.1,0.0,PEC Zwolle
Eerste Divisie,22/23,1269,430797,Sam Kersten,Centre-Back,25,0.65,0.65,0.0,PEC Zwolle
Eerste Divisie,22/23,1269,640556,Rav van den Berg,Centre-Back,18,0.2,0.2,0.0,PEC Zwolle
Eerste Divisie,22/23,1269,57328,Bart van Hintum,Left-Back,36,0.275,0.275,0.0,PEC Zwolle
Eerste Divisie,22/23,1269,538057,Eliano Reijnders,Right-Back,22,0.4,0.4,0.0,PEC Zwolle
Eerste Divisie,22/23,1269,41583,Bram van Polen,Right-Back,37,0.15,0.15,0.0,PEC Zwolle
Eerste Divisie,22/23,1269,611816,Daijiro Chirino,Right-Back,21,0.15,0.025,0.125,PEC Zwolle
Eerste Divisie,22/23,1269,648541,Gabi Caschili,Right-Back,19,0.1,0.05,0.05,PEC Zwolle
Eerste Divisie,22/23,1269,203357,Ryan Thomas,Defensive Midfield,28,1.3,2.5,-1.2,PEC Zwolle
Eerste Divisie,22/23,1269,476915,Melayro Bogarde,Defensive Midfield,21,0.7,1.2,-0.5,PEC Zwolle
Eerste Divisie,22/23,1269,361066,Davy van den Berg,Defensive Midfield,23,0.45,0.25,0.2,PEC Zwolle
Eerste Divisie,22/23,1269,412941,Thomas van den Belt,Central Midfield,22,2.0,0.45,1.55,PEC Zwolle
Eerste Divisie,22/23,1269,530258,Dean Huiberts,Central Midfield,23,0.45,0.45,0.0,PEC Zwolle
Eerste Divisie,22/23,1269,564620,Samir Lagsir,Attacking Midfield,20,0.15,0.15,0.0,PEC Zwolle
Eerste Divisie,22/23,1269,480452,Hicham Acheffay,Left Winger,22,0.225,0.3,-0.07499999999999998,PEC Zwolle
Eerste Divisie,22/23,1269,538966,Chardi Landu,Left Winger,22,0.1,0.1,0.0,PEC Zwolle
Eerste Divisie,22/23,1269,866328,Younes Taha,Right Winger,20,0.5,0.025,0.475,PEC Zwolle
Eerste Divisie,22/23,1269,387480,Dean Guezen,Right Winger,24,0.15,0.15,0.0,PEC Zwolle
Eerste Divisie,22/23,1269,23553,Lennart Thy,Centre-Forward,31,0.525,0.65,-0.125,PEC Zwolle
Eerste Divisie,22/23,1269,240752,Gervane Kastaneer,Centre-Forward,27,0.35,0.35,0.0,PEC Zwolle
Eerste Divisie,22/23,132,195546,Roy Kortsmit,Goalkeeper,30,0.3,0.225,0.07499999999999998,NAC Breda
Eerste Divisie,22/23,132,601262,Pepijn van de Merbel,Goalkeeper,21,0.025,0.025,0.0,NAC Breda
Eerste Divisie,22/23,132,559331,Aron van Lare,Goalkeeper,20,0.025,0.025,0.0,NAC Breda
Eerste Divisie,22/23,132,250440,Danny Bakker,Centre-Back,28,0.55,0.55,0.0,NAC Breda
Eerste Divisie,22/23,132,568377,Tijs Velthuis,Centre-Back,21,0.5,0.5,0.0,NAC Breda
Eerste Divisie,22/23,132,91251,Cuco Martina,Centre-Back,33,0.3,0.3,0.0,NAC Breda
Eerste Divisie,22/23,132,717604,Luc Marijnissen,Centre-Back,20,0.025,0.025,0.0,NAC Breda
Eerste Divisie,22/23,132,738493,Omar Mekkaoui,Centre-Back,18,0.025,0.025,0.0,NAC Breda
Eerste Divisie,22/23,132,479431,Jethro Mashart,Left-Back,23,0.275,0.275,0.0,NAC Breda
Eerste Divisie,22/23,132,406091,Boyd Lucassen,Right-Back,24,0.55,0.45,0.10000000000000003,NAC Breda
Eerste Divisie,22/23,132,187296,Moreno Rutten,Right-Back,30,0.325,0.325,0.0,NAC Breda
Eerste Divisie,22/23,132,111185,Ruben Ligeon,Right-Back,31,0.25,0.25,0.0,NAC Breda
Eerste Divisie,22/23,132,274640,Javier Vet,Defensive Midfield,29,0.325,0.325,0.0,NAC Breda
Eerste Divisie,22/23,132,596158,Casper Staring,Defensive Midfield,22,0.275,0.1,0.17500000000000002,NAC Breda
Eerste Divisie,22/23,132,865682,Ezechiel Banzuzi,Central Midfield,18,0.4,0.05,0.35000000000000003,NAC Breda
Eerste Divisie,22/23,132,587289,Sabir Agougil,Central Midfield,21,0.35,0.075,0.27499999999999997,NAC Breda
Eerste Divisie,22/23,132,360520,Odysseus Velanas,Attacking Midfield,25,0.6,0.425,0.175,NAC Breda
Eerste Divisie,22/23,132,595774,Boris van Schuppen,Attacking Midfield,21,0.3,0.3,0.0,NAC Breda
Eerste Divisie,22/23,132,540927,Kaj de Rooij,Left Winger,22,0.45,0.45,0.0,NAC Breda
Eerste Divisie,22/23,132,410719,Alex Plat,Left Winger,25,0.325,0.325,0.0,NAC Breda
Eerste Divisie,22/23,132,697898,Vieiri Kotzebue,Left Winger,20,0.075,0.075,0.0,NAC Breda
Eerste Divisie,22/23,132,162672,Jarchinio Antonia,Right Winger,32,0.275,0.275,0.0,NAC Breda
Eerste Divisie,22/23,132,330909,Jort van der Sande,Centre-Forward,27,0.4,0.4,0.0,NAC Breda
Eerste Divisie,22/23,132,124863,Tom Boere,Centre-Forward,30,0.3,0.3,0.0,NAC Breda
Eerste Divisie,22/23,132,596150,Ayouba Kosiah,Centre-Forward,21,0.25,0.075,0.175,NAC Breda
Eerste Divisie,22/23,403,64352,Kostas Lamprou,Goalkeeper,31,0.35,0.5,-0.15000000000000002,Willem II
Eerste Divisie,22/23,403,477476,Connor van den Berg,Goalkeeper,22,0.05,0.05,0.0,Willem II
Eerste Divisie,22/23,403,250450,Wessel Dammers,Centre-Back,28,0.6,0.6,0.0,Willem II
Eerste Divisie,22/23,403,79194,Erik Schouten,Centre-Back,31,0.325,0.325,0.0,Willem II
Eerste Divisie,22/23,403,88074,Freek Heerkens,Centre-Back,33,0.3,0.3,0.0,Willem II
Eerste Divisie,22/23,403,596182,Sam Tel,Centre-Back,21,0.05,0.05,0.0,Willem II
Eerste Divisie,22/23,403,221766,Lucas Woudenberg,Left-Back,29,0.5,0.65,-0.15000000000000002,Willem II
Eerste Divisie,22/23,403,315393,Thibaut Lesquoy,Left-Back,27,0.15,0.175,-0.024999999999999994,Willem II
Eerste Divisie,22/23,403,257988,Leeroy Owusu,Right-Back,26,0.6,0.6,0.0,Willem II
Eerste Divisie,22/23,403,540928,Valentino Vermeulen,Right-Back,21,0.45,0.5,-0.04999999999999999,Willem II
Eerste Divisie,22/23,403,205276,Pol Llonch,Defensive Midfield,30,0.7,0.7,0.0,Willem II
Eerste Divisie,22/23,403,524043,Jesse Bosch,Defensive Midfield,23,0.6,0.6,0.0,Willem II
Eerste Divisie,22/23,403,292817,Matthias Verreth,Defensive Midfield,25,0.45,0.4,0.04999999999999999,Willem II
Eerste Divisie,22/23,403,673344,Wesley Spieringhs,Central Midfield,21,0.2,0.4,-0.2,Willem II
Eerste Divisie,22/23,403,577455,Ringo Meerveld,Attacking Midfield,20,0.65,0.5,0.15000000000000002,Willem II
Eerste Divisie,22/23,403,441216,Thijs Oosting,Attacking Midfield,23,0.6,0.6,0.0,Willem II
Eerste Divisie,22/23,403,223225,Dan Crowley,Attacking Midfield,25,0.4,0.6,-0.19999999999999996,Willem II
Eerste Divisie,22/23,403,367981,Max Svensson,Left Winger,25,0.5,0.5,0.0,Willem II
Eerste Divisie,22/23,403,159375,Joeri Schroijen,Left Winger,32,0.2,0.25,-0.04999999999999999,Willem II
Eerste Divisie,22/23,403,288233,Nick Doodeman,Right Winger,26,0.45,0.45,0.0,Willem II
Eerste Divisie,22/23,403,185817,Jizz Hornkamp,Centre-Forward,25,0.65,0.65,0.0,Willem II
Eerste Divisie,22/23,403,396847,Elton Kabangu,Centre-Forward,25,0.35,0.35,0.0,Willem II
Eerste Divisie,22/23,403,110906,Michael de Leeuw,Centre-Forward,36,0.25,0.25,0.0,Willem II
Eerste Divisie,22/23,723,534015,Nordin Bakker,Goalkeeper,25,0.425,0.325,0.09999999999999998,Almere City
Eerste Divisie,22/23,723,458417,Stijn Keller,Goalkeeper,23,0.075,0.025,0.049999999999999996,Almere City
Eerste Divisie,22/23,723,55756,Agil Etemadi,Goalkeeper,36,0.075,0.075,0.0,Almere City
Eerste Divisie,22/23,723,793097,Kay Rademaker,Goalkeeper,20,0.025,0.025,0.0,Almere City
Eerste Divisie,22/23,723,361124,Joey Jacobs,Centre-Back,23,0.3,0.45,-0.15000000000000002,Almere City
Eerste Divisie,22/23,723,586428,Jordy Rullens,Centre-Back,22,0.025,0.025,0.0,Almere City
Eerste Divisie,22/23,723,480457,Thomas Poll,Left-Back,21,0.3,0.3,0.0,Almere City
Eerste Divisie,22/23,723,590773,Hamdi Akujobi,Right-Back,23,0.35,0.15,0.19999999999999998,Almere City
Eerste Divisie,22/23,723,582132,Niciano Grootfaam,Right-Back,22,0.05,0.05,0.0,Almere City
Eerste Divisie,22/23,723,793099,Stije Resink,Defensive Midfield,20,0.4,0.125,0.275,Almere City
Eerste Divisie,22/23,723,189650,Tim Receveur,Defensive Midfield,31,0.25,0.325,-0.07500000000000001,Almere City
Eerste Divisie,22/23,723,90343,Danny Post,Defensive Midfield,34,0.25,0.25,0.0,Almere City
Eerste Divisie,22/23,723,566934,Jens Guiting,Defensive Midfield,20,0.025,0.025,0.0,Almere City
Eerste Divisie,22/23,723,275949,Jorrit Smeets,Central Midfield,28,0.45,0.45,0.0,Almere City
Eerste Divisie,22/23,723,706896,Marcelencio Esajas,Central Midfield,21,0.125,0.125,0.0,Almere City
Eerste Divisie,22/23,723,378316,Lance Duijvestijn,Attacking Midfield,24,0.5,0.45,0.04999999999999999,Almere City
Eerste Divisie,22/23,723,865281,Jochem Ritmeester van de Kamp,Attacking Midfield,19,0.3,0.025,0.27499999999999997,Almere City
Eerste Divisie,22/23,723,547354,Pascu,Attacking Midfield,23,0.225,0.225,0.0,Almere City
Eerste Divisie,22/23,723,361071,Bradly van Hoeven,Left Winger,23,0.35,0.35,0.0,Almere City
Eerste Divisie,22/23,723,667263,Jeffry Puriel,Left Winger,20,0.075,0.2,-0.125,Almere City
Eerste Divisie,22/23,723,865293,Layee Kromah,Left Winger,20,0.025,0.025,0.0,Almere City
Eerste Divisie,22/23,723,337669,Ilias Alhaft,Right Winger,26,0.325,0.325,0.0,Almere City
Eerste Divisie,22/23,723,400644,Jeredy Hilterman,Centre-Forward,25,0.55,0.45,0.10000000000000003,Almere City
Eerste Divisie,22/23,723,587666,Tijmen Wildeboer,Centre-Forward,21,0.275,0.275,0.0,Almere City
Eerste Divisie,22/23,723,583816,Maarten Pouwels,Centre-Forward,24,0.25,0.25,0.0,Almere City
Eerste Divisie,22/23,1268,160361,Sonny Stevens,Goalkeeper,31,0.5,0.5,0.0,ADO Den Haag
Eerste Divisie,22/23,1268,548934,Hugo Wentges,Goalkeeper,21,0.4,0.3,0.10000000000000003,ADO Den Haag
Eerste Divisie,22/23,1268,235108,Luuk Koopmans,Goalkeeper,29,0.275,0.35,-0.07499999999999996,ADO Den Haag
Eerste Divisie,22/23,1268,559319,Kilian Nikièma,Goalkeeper,20,0.1,0.1,0.0,ADO Den Haag
Eerste Divisie,22/23,1268,701509,David van de Riet,Goalkeeper,21,0.025,0.025,0.0,ADO Den Haag
Eerste Divisie,22/23,1268,811805,Tyrese Asante,Centre-Back,21,0.45,0.25,0.2,ADO Den Haag
Eerste Divisie,22/23,1268,269585,Daryl Werker,Centre-Back,29,0.325,0.325,0.0,ADO Den Haag
Eerste Divisie,22/23,1268,705016,Finn van Breemen,Centre-Back,20,0.3,0.025,0.27499999999999997,ADO Den Haag
Eerste Divisie,22/23,1268,617751,Michael Mulder,Centre-Back,22,0.15,0.2,-0.05000000000000002,ADO Den Haag
Eerste Divisie,22/23,1268,651785,Gylermo Siereveld,Centre-Back,21,0.05,0.05,0.0,ADO Den Haag
Eerste Divisie,22/23,1268,848483,Finn Dicke,Centre-Back,18,0.025,0.025,0.0,ADO Den Haag
Eerste Divisie,22/23,1268,710999,Silvinho Esajas,Centre-Back,20,0.025,0.025,0.0,ADO Den Haag
Eerste Divisie,22/23,1268,428502,Boy Kemper,Left-Back,24,0.45,0.45,0.0,ADO Den Haag
Eerste Divisie,22/23,1268,373977,Amir Absalem,Left-Back,26,0.3,0.5,-0.2,ADO Den Haag
Eerste Divisie,22/23,1268,675621,Nigel Owusu,Left-Back,20,0.025,0.025,0.0,ADO Den Haag
Eerste Divisie,22/23,1268,412949,Denzel Hall,Right-Back,22,0.35,0.1,0.24999999999999997,ADO Den Haag
Eerste Divisie,22/23,1268,689632,Guillem Rodríguez,Right-Back,25,0.15,0.15,0.0,ADO Den Haag
Eerste Divisie,22/23,1268,518304,Dhoraso Klas,Central Midfield,22,0.325,0.325,0.0,ADO Den Haag
Eerste Divisie,22/23,1268,133372,Gregor Breinburg,Central Midfield,31,0.325,0.325,0.0,ADO Den Haag
Eerste Divisie,22/23,1268,686095,Sacha Komljenovic,Central Midfield,20,0.075,0.075,0.0,ADO Den Haag
Eerste Divisie,22/23,1268,485592,Max de Waal,Attacking Midfield,21,0.4,0.7,-0.29999999999999993,ADO Den Haag
Eerste Divisie,22/23,1268,594869,Nick Broekhuizen,Attacking Midfield,21,0.025,0.025,0.0,ADO Den Haag
Eerste Divisie,22/23,1268,207043,Joey Sleegers,Left Winger,28,0.55,0.7,-0.1499999999999999,ADO Den Haag
Eerste Divisie,22/23,1268,159026,Ricardo Kishna,Left Winger,28,0.35,0.35,0.0,ADO Den Haag
Eerste Divisie,22/23,1268,790420,Rafael Struick,Left Winger,20,0.025,0.025,0.0,ADO Den Haag
Eerste Divisie,22/23,1268,778540,Xander Severina,Right Winger,22,0.5,0.1,0.4,ADO Den Haag
Eerste Divisie,22/23,1268,450195,Amar Catic,Right Winger,24,0.275,0.4,-0.125,ADO Den Haag
Eerste Divisie,22/23,1268,297365,Thomas Verheydt,Centre-Forward,31,0.475,0.575,-0.09999999999999998,ADO Den Haag
Eerste Divisie,22/23,1268,176555,Mario Bilate,Centre-Forward,31,0.35,0.25,0.09999999999999998,ADO Den Haag
Eerste Divisie,22/23,1268,807788,Marius van Mil,Centre-Forward,21,0.025,0.025,0.0,ADO Den Haag
Eerste Divisie,22/23,1426,529425,Ennio van der Gouw,Goalkeeper,23,0.4,0.05,0.35000000000000003,VVV-Venlo
Eerste Divisie,22/23,1426,147558,Lukas Zima,Goalkeeper,29,0.3,0.3,0.0,VVV-Venlo
Eerste Divisie,22/23,1426,554422,Jens Craenmehr,Goalkeeper,21,0.05,0.05,0.0,VVV-Venlo
Eerste Divisie,22/23,1426,251975,Brian Koglin,Centre-Back,26,0.3,0.3,0.0,VVV-Venlo
Eerste Divisie,22/23,1426,515388,Sem Dirks,Centre-Back,22,0.2,0.2,0.0,VVV-Venlo
Eerste Divisie,22/23,1426,675981,Stan Henderikx,Centre-Back,19,0.025,0.025,0.0,VVV-Venlo
Eerste Divisie,22/23,1426,457092,Simon Janssen,Left-Back,22,0.425,0.35,0.07500000000000001,VVV-Venlo
Eerste Divisie,22/23,1426,315124,Tristan Dekker,Right-Back,25,0.35,0.35,0.0,VVV-Venlo
Eerste Divisie,22/23,1426,361078,Robin Lathouwers,Right-Back,23,0.15,0.15,0.0,VVV-Venlo
Eerste Divisie,22/23,1426,995022,Jens Jacobs,Right-Back,19,0.025,0.025,0.0,VVV-Venlo
Eerste Divisie,22/23,1426,187288,Robert Klaasen,Defensive Midfield,29,0.325,0.325,0.0,VVV-Venlo
Eerste Divisie,22/23,1426,618343,Joep Kluskens,Defensive Midfield,20,0.1,0.025,0.07500000000000001,VVV-Venlo
Eerste Divisie,22/23,1426,564448,Daan Huisman,Central Midfield,20,0.5,0.5,0.0,VVV-Venlo
Eerste Divisie,22/23,1426,361121,Kees de Boer,Central Midfield,23,0.45,0.35,0.10000000000000003,VVV-Venlo
Eerste Divisie,22/23,1426,392744,Mitchell van Rooijen,Central Midfield,24,0.35,0.35,0.0,VVV-Venlo
Eerste Divisie,22/23,1426,339080,Richard Sedlacek,Central Midfield,24,0.3,0.3,0.0,VVV-Venlo
Eerste Divisie,22/23,1426,918365,Levi Smans,Attacking Midfield,20,0.3,0.3,0.0,VVV-Venlo
Eerste Divisie,22/23,1426,508643,Soulyman Allouch,Left Winger,21,0.5,0.45,0.04999999999999999,VVV-Venlo
Eerste Divisie,22/23,1426,342490,Carl Johansson,Left Winger,25,0.25,0.25,0.0,VVV-Venlo
Eerste Divisie,22/23,1426,675979,Thijme Verheijen,Left Winger,20,0.25,0.075,0.175,VVV-Venlo
Eerste Divisie,22/23,1426,420187,Nick Venema,Right Winger,24,0.65,0.9,-0.25,VVV-Venlo
Eerste Divisie,22/23,1426,539547,Yahcuroo Roemer,Right Winger,21,0.325,0.325,0.0,VVV-Venlo
Eerste Divisie,22/23,1426,258335,Martijn Berden,Right Winger,25,0.3,0.25,0.04999999999999999,VVV-Venlo
Eerste Divisie,22/23,1426,185400,Sven Braken,Centre-Forward,30,0.35,0.25,0.09999999999999998,VVV-Venlo
Eerste Divisie,22/23,3892,187594,Nigel Bertrams,Goalkeeper,30,0.45,0.45,0.0,Eindhoven
Eerste Divisie,22/23,3892,736097,Jort Borgmans,Goalkeeper,20,0.05,0.05,0.0,Eindhoven
Eerste Divisie,22/23,3892,576444,TJ Odunze,Goalkeeper,23,0.025,0.025,0.0,Eindhoven
Eerste Divisie,22/23,3892,355860,Maarten Peijnenburg,Centre-Back,26,0.475,0.35,0.125,Eindhoven
Eerste Divisie,22/23,3892,170720,Mawouna Amevor,Centre-Back,31,0.4,0.4,0.0,Eindhoven
Eerste Divisie,22/23,3892,341678,Collin Seedorf,Centre-Back,28,0.35,0.275,0.07499999999999996,Eindhoven
Eerste Divisie,22/23,3892,422635,Pieter Bogaers,Centre-Back,24,0.275,0.175,0.10000000000000003,Eindhoven
Eerste Divisie,22/23,3892,464600,Jarno Janssen,Centre-Back,22,0.1,0.1,0.0,Eindhoven
Eerste Divisie,22/23,3892,576682,Jasper Dahlhaus,Left-Back,21,0.5,0.4,0.09999999999999998,Eindhoven
Eerste Divisie,22/23,3892,415085,Justin Ogenia,Right-Back,24,0.2,0.2,0.0,Eindhoven
Eerste Divisie,22/23,3892,429916,Brian De Keersmaecker,Defensive Midfield,23,0.45,0.35,0.10000000000000003,Eindhoven
Eerste Divisie,22/23,3892,288256,Sven van Doorm,Defensive Midfield,26,0.35,0.3,0.04999999999999999,Eindhoven
Eerste Divisie,22/23,3892,461251,Koen Oostenbrink,Defensive Midfield,23,0.175,0.1,0.07499999999999998,Eindhoven
Eerste Divisie,22/23,3892,440495,Cas Faber,Defensive Midfield,24,0.05,0.05,0.0,Eindhoven
Eerste Divisie,22/23,3892,585317,Yassine Azzagari,Central Midfield,21,0.225,0.225,0.0,Eindhoven
Eerste Divisie,22/23,3892,380118,Ozan Kökcü,Attacking Midfield,24,0.35,0.225,0.12499999999999997,Eindhoven
Eerste Divisie,22/23,3892,548937,Evan Rottier,Attacking Midfield,21,0.35,0.075,0.27499999999999997,Eindhoven
Eerste Divisie,22/23,3892,578402,Pjotr Kestens,Left Winger,21,0.2,0.2,0.0,Eindhoven
Eerste Divisie,22/23,3892,430800,Naoufal Bannis,Centre-Forward,21,0.4,0.4,0.0,Eindhoven
Eerste Divisie,22/23,3892,595028,Charles-Andreas Brym,Centre-Forward,24,0.325,0.325,0.0,Eindhoven
Eerste Divisie,22/23,642,215551,Hidde Jurjus,Goalkeeper,29,0.475,0.475,0.0,De Graafschap
Eerste Divisie,22/23,642,436061,Mees Bakker,Goalkeeper,22,0.1,0.1,0.0,De Graafschap
Eerste Divisie,22/23,642,412936,Jord Ruijgrok,Goalkeeper,22,0.05,0.05,0.0,De Graafschap
Eerste Divisie,22/23,642,587606,Ties Wieggers,Goalkeeper,20,0.025,0.025,0.0,De Graafschap
Eerste Divisie,22/23,642,559334,Rio Hillen,Centre-Back,20,0.4,0.25,0.15000000000000002,De Graafschap
Eerste Divisie,22/23,642,324702,Jan Lammers,Centre-Back,28,0.3,0.3,0.0,De Graafschap
Eerste Divisie,22/23,642,38003,Alexander Büttner,Left-Back,34,0.3,0.5,-0.2,De Graafschap
Eerste Divisie,22/23,642,241375,Roland Baas,Left-Back,27,0.2,0.325,-0.125,De Graafschap
Eerste Divisie,22/23,642,102660,Jeffry Fortes,Right-Back,34,0.35,0.35,0.0,De Graafschap
Eerste Divisie,22/23,642,315156,Robin Schouten,Right-Back,25,0.3,0.3,0.0,De Graafschap
Eerste Divisie,22/23,642,900072,Philip Brittijn,Defensive Midfield,19,0.5,0.25,0.25,De Graafschap
Eerste Divisie,22/23,642,373984,Jesse Schuurman,Defensive Midfield,25,0.3,0.3,0.0,De Graafschap
Eerste Divisie,22/23,642,129543,Lion Kaak,Defensive Midfield,32,0.3,0.3,0.0,De Graafschap
Eerste Divisie,22/23,642,805453,Hamza Bouihrouchane,Defensive Midfield,20,0.1,0.025,0.07500000000000001,De Graafschap
Eerste Divisie,22/23,642,404694,Mees Kaandorp,Central Midfield,25,0.275,0.275,0.0,De Graafschap
Eerste Divisie,22/23,642,679708,Sisqo Lever,Central Midfield,20,0.025,0.025,0.0,De Graafschap
Eerste Divisie,22/23,642,45509,Siem de Jong,Attacking Midfield,34,0.275,0.35,-0.07499999999999996,De Graafschap
Eerste Divisie,22/23,642,864112,Başar Önal,Left Winger,18,0.4,0.1,0.30000000000000004,De Graafschap
Eerste Divisie,22/23,642,480452,Hicham Acheffay,Left Winger,22,0.225,0.3,-0.07499999999999998,De Graafschap
Eerste Divisie,22/23,642,605362,Pim Lukassen,Left Winger,22,0.025,0.025,0.0,De Graafschap
Eerste Divisie,22/23,642,587588,Camiel Neghli,Right Winger,21,0.45,0.1,0.35,De Graafschap
Eerste Divisie,22/23,642,234910,Giovanni Korte,Right Winger,29,0.4,0.4,0.0,De Graafschap
Eerste Divisie,22/23,642,66783,Charlison Benschop,Centre-Forward,33,0.35,0.35,0.0,De Graafschap
Eerste Divisie,22/23,642,704771,Devin Haen,Centre-Forward,19,0.3,0.175,0.125,De Graafschap
Eerste Divisie,22/23,642,186282,Danzell Gravenberch,Centre-Forward,29,0.25,0.25,0.0,De Graafschap
Eerste Divisie,22/23,1228,514287,Thijs Jansen,Goalkeeper,21,0.45,0.05,0.4,TOP Oss
Eerste Divisie,22/23,1228,278938,Norbert Alblas,Goalkeeper,28,0.25,0.275,-0.025000000000000022,TOP Oss
Eerste Divisie,22/23,1228,403800,Job Schuurman,Goalkeeper,24,0.05,0.05,0.0,TOP Oss
Eerste Divisie,22/23,1228,419924,Lars van Meurs,Goalkeeper,24,0.025,0.025,0.0,TOP Oss
Eerste Divisie,22/23,1228,401029,Roshon van Eijma,Centre-Back,25,0.3,0.125,0.175,TOP Oss
Eerste Divisie,22/23,1228,119250,Lorenzo Piqué,Centre-Back,32,0.3,0.3,0.0,TOP Oss
Eerste Divisie,22/23,1228,691975,Joshua Mukeh,Centre-Back,20,0.15,0.15,0.0,TOP Oss
Eerste Divisie,22/23,1228,554395,Vasileios Pavlidis,Centre-Back,20,0.15,0.15,0.0,TOP Oss
Eerste Divisie,22/23,1228,557286,Milan Hilderink,Centre-Back,20,0.05,0.05,0.0,TOP Oss
Eerste Divisie,22/23,1228,313399,Dean van der Sluys,Left-Back,27,0.175,0.3,-0.125,TOP Oss
Eerste Divisie,22/23,1228,272803,Nicolas Abdat,Left-Back,26,0.15,0.15,0.0,TOP Oss
Eerste Divisie,22/23,1228,502132,Ilounga Pata,Right-Back,22,0.2,0.2,0.0,TOP Oss
Eerste Divisie,22/23,1228,588744,Luca Everink,Right-Back,22,0.15,0.15,0.0,TOP Oss
Eerste Divisie,22/23,1228,299121,Rick Dekker,Defensive Midfield,28,0.4,0.4,0.0,TOP Oss
Eerste Divisie,22/23,1228,265268,Rick Stuy van den Herik,Defensive Midfield,30,0.3,0.3,0.0,TOP Oss
Eerste Divisie,22/23,1228,390812,Joshua Sanches,Central Midfield,24,0.275,0.275,0.0,TOP Oss
Eerste Divisie,22/23,1228,247595,Justin Mathieu,Attacking Midfield,27,0.4,0.3,0.10000000000000003,TOP Oss
Eerste Divisie,22/23,1228,524033,Thijs van Leeuwen,Attacking Midfield,21,0.2,0.3,-0.09999999999999998,TOP Oss
Eerste Divisie,22/23,1228,361089,Thomas Beekman,Attacking Midfield,23,0.2,0.2,0.0,TOP Oss
Eerste Divisie,22/23,1228,636170,Joep van der Sluijs,Attacking Midfield,21,0.125,0.125,0.0,TOP Oss
Eerste Divisie,22/23,1228,495963,Richie Musaba,Attacking Midfield,22,0.1,0.2,-0.1,TOP Oss
Eerste Divisie,22/23,1228,538958,Jearl Margaritha,Left Winger,23,0.4,0.3,0.10000000000000003,TOP Oss
Eerste Divisie,22/23,1228,361071,Bradly van Hoeven,Left Winger,23,0.35,0.35,0.0,TOP Oss
Eerste Divisie,22/23,1228,442885,Kay Tejan,Centre-Forward,26,0.3,0.325,-0.025000000000000022,TOP Oss
Eerste Divisie,22/23,1228,465326,Richonell Margaret,Centre-Forward,22,0.25,0.25,0.0,TOP Oss
Eerste Divisie,22/23,1228,514290,Toshio Lake,Centre-Forward,22,0.2,0.2,0.0,TOP Oss
Eerste Divisie,22/23,1228,435088,Delano Ladan,Centre-Forward,23,0.175,0.175,0.0,TOP Oss
Eerste Divisie,22/23,1228,243276,Kyvon Leidsman,Centre-Forward,24,0.125,0.125,0.0,TOP Oss
Eerste Divisie,22/23,500,206743,Mike Havekotte,Goalkeeper,27,0.3,0.3,0.0,Helmond Sport
Eerste Divisie,22/23,500,535741,Robin Mantel,Goalkeeper,22,0.075,0.075,0.0,Helmond Sport
Eerste Divisie,22/23,500,614506,Ahmed Azmi,Goalkeeper,20,0.025,0.025,0.0,Helmond Sport
Eerste Divisie,22/23,500,203939,Robin van der Meer,Centre-Back,28,0.3,0.35,-0.04999999999999999,Helmond Sport
Eerste Divisie,22/23,500,151494,Tom Beugelsdijk,Centre-Back,32,0.25,0.35,-0.09999999999999998,Helmond Sport
Eerste Divisie,22/23,500,422407,Gabriël Culhaci,Left-Back,23,0.275,0.275,0.0,Helmond Sport
Eerste Divisie,22/23,500,429929,Bryan van Hove,Left-Back,23,0.225,0.05,0.175,Helmond Sport
Eerste Divisie,22/23,500,203940,Bram van Vlerken,Right-Back,27,0.325,0.325,0.0,Helmond Sport
Eerste Divisie,22/23,500,494282,Mees Kreekels,Right-Back,21,0.175,0.175,0.0,Helmond Sport
Eerste Divisie,22/23,500,272707,Elmo Lieftink,Defensive Midfield,29,0.45,0.45,0.0,Helmond Sport
Eerste Divisie,22/23,500,158540,Michael Chacón,Defensive Midfield,29,0.4,0.4,0.0,Helmond Sport
Eerste Divisie,22/23,500,707087,Jarno Lion,Defensive Midfield,22,0.25,0.25,0.0,Helmond Sport
Eerste Divisie,22/23,500,434673,Gaétan Bosiers,Central Midfield,24,0.2,0.2,0.0,Helmond Sport
Eerste Divisie,22/23,500,739745,Wassim Essanoussi,Attacking Midfield,19,0.3,0.3,0.0,Helmond Sport
Eerste Divisie,22/23,500,123521,Peter van Ooijen,Right Winger,31,0.375,0.375,0.0,Helmond Sport
Eerste Divisie,22/23,500,381974,Arno Van Keilegom,Right Winger,24,0.275,0.275,0.0,Helmond Sport
Eerste Divisie,22/23,500,412934,Eros Maddy,Right Winger,22,0.2,0.2,0.0,Helmond Sport
Eerste Divisie,22/23,500,377729,Martijn Kaars,Centre-Forward,24,0.4,0.25,0.15000000000000002,Helmond Sport
Eerste Divisie,22/23,500,458409,Jelle Goselink,Centre-Forward,23,0.275,0.275,0.0,Helmond Sport
Eerste Divisie,22/23,1455,264176,Liam Bossin,Goalkeeper,26,0.35,0.225,0.12499999999999997,Dordrecht
Eerste Divisie,22/23,1455,390814,Trevor Doornbusch,Goalkeeper,23,0.125,0.125,0.0,Dordrecht
Eerste Divisie,22/23,1455,64521,Toine van Huizen,Centre-Back,33,0.275,0.35,-0.07499999999999996,Dordrecht
Eerste Divisie,22/23,1455,497176,Jop van der Avert,Centre-Back,23,0.2,0.2,0.0,Dordrecht
Eerste Divisie,22/23,1455,748604,Devon Koswal,Centre-Back,19,0.1,0.1,0.0,Dordrecht
Eerste Divisie,22/23,1455,524473,Sefik Abali,Centre-Back,21,0.01,0.05,-0.04,Dordrecht
Eerste Divisie,22/23,1455,258356,Mauro Savastano,Left-Back,26,0.275,0.275,0.0,Dordrecht
Eerste Divisie,22/23,1455,361086,Abdallah Aberkane,Right-Back,23,0.275,0.275,0.0,Dordrecht
Eerste Divisie,22/23,1455,420219,Vincent Schippers,Right-Back,22,0.175,0.075,0.09999999999999999,Dordrecht
Eerste Divisie,22/23,1455,409116,Ruggero Mannes,Right-Back,25,0.125,0.125,0.0,Dordrecht
Eerste Divisie,22/23,1455,189650,Tim Receveur,Defensive Midfield,31,0.25,0.325,-0.07500000000000001,Dordrecht
Eerste Divisie,22/23,1455,942960,Daniel van Vianen,Defensive Midfield,20,0.025,0.025,0.0,Dordrecht
Eerste Divisie,22/23,1455,593774,Anouar El Azzouzi,Central Midfield,22,0.35,0.2,0.14999999999999997,Dordrecht
Eerste Divisie,22/23,1455,394296,Alessio Miceli,Central Midfield,23,0.175,0.175,0.0,Dordrecht
Eerste Divisie,22/23,1455,454569,Benjamin Reemst,Central Midfield,23,0.15,0.075,0.075,Dordrecht
Eerste Divisie,22/23,1455,264857,Jari Schuurman,Attacking Midfield,26,0.35,0.3,0.04999999999999999,Dordrecht
Eerste Divisie,22/23,1455,422760,Mathis Suray,Left Winger,21,0.225,0.225,0.0,Dordrecht
Eerste Divisie,22/23,1455,687452,Jerailly Wielzen,Left Winger,20,0.15,0.15,0.0,Dordrecht
Eerste Divisie,22/23,1455,593823,Sergio Tremour,Left Winger,21,0.075,0.025,0.049999999999999996,Dordrecht
Eerste Divisie,22/23,1455,502597,Jaymillio Pinas,Right Winger,21,0.1,0.1,0.0,Dordrecht
Eerste Divisie,22/23,1455,687489,Joey van Gennip,Right Winger,20,0.025,0.025,0.0,Dordrecht
Eerste Divisie,22/23,1455,666977,Aliou Baldé,Centre-Forward,20,0.8,0.4,0.4,Dordrecht
Eerste Divisie,22/23,384,538073,Romain Matthys,Goalkeeper,24,0.4,0.3,0.10000000000000003,MVV
Eerste Divisie,22/23,384,646922,Logan Ancion,Goalkeeper,21,0.025,0.025,0.0,MVV
Eerste Divisie,22/23,384,719382,Matteo Waem,Centre-Back,23,0.325,0.325,0.0,MVV
Eerste Divisie,22/23,384,463936,Rico Zeegers,Centre-Back,23,0.275,0.275,0.0,MVV
Eerste Divisie,22/23,384,844506,Lars Schenk,Left-Back,21,0.175,0.075,0.09999999999999999,MVV
Eerste Divisie,22/23,384,163665,Leroy Labylle,Left-Back,32,0.15,0.15,0.0,MVV
Eerste Divisie,22/23,384,387201,Clint Essers,Right-Back,26,0.25,0.25,0.0,MVV
Eerste Divisie,22/23,384,595700,Tim Zeegers,Right-Back,23,0.175,0.175,0.0,MVV
Eerste Divisie,22/23,384,364246,Nicky Souren,Defensive Midfield,23,0.4,0.3,0.10000000000000003,MVV
Eerste Divisie,22/23,384,355685,Orhan Džepar,Defensive Midfield,27,0.325,0.325,0.0,MVV
Eerste Divisie,22/23,384,595709,Thomas van Bommel,Defensive Midfield,20,0.125,0.125,0.0,MVV
Eerste Divisie,22/23,384,714078,Marko Kleinen,Central Midfield,21,0.25,0.25,0.0,MVV
Eerste Divisie,22/23,384,944065,Saul Penders,Central Midfield,20,0.075,0.075,0.0,MVV
Eerste Divisie,22/23,384,411536,Rayan El Azrak,Attacking Midfield,23,0.375,0.375,0.0,MVV
Eerste Divisie,22/23,384,415989,Mart Remans,Attacking Midfield,25,0.3,0.3,0.0,MVV
Eerste Divisie,22/23,384,735701,Ruben van Bommel,Left Winger,18,0.55,0.025,0.525,MVV
Eerste Divisie,22/23,384,351873,Sven Blummel,Right Winger,26,0.325,0.325,0.0,MVV
Eerste Divisie,22/23,384,519736,Jimmy Vijgen,Right Winger,22,0.05,0.05,0.0,MVV
Eerste Divisie,22/23,384,676411,Dailon Livramento,Centre-Forward,22,0.05,0.05,0.0,MVV
Eerste Divisie,22/23,404,159896,Wouter van der Steen,Goalkeeper,33,0.425,0.425,0.0,Den Bosch
Eerste Divisie,22/23,404,411601,Konrad Sikking,Goalkeeper,24,0.05,0.05,0.0,Den Bosch
Eerste Divisie,22/23,404,417827,Victor van den Bogert,Centre-Back,23,0.275,0.275,0.0,Den Bosch
Eerste Divisie,22/23,404,255814,Jordy van der Winden,Centre-Back,29,0.25,0.25,0.0,Den Bosch
Eerste Divisie,22/23,404,633124,Teun van Grunsven,Centre-Back,23,0.25,0.25,0.0,Den Bosch
Eerste Divisie,22/23,404,480022,Dylan Ryan,Centre-Back,23,0.075,0.075,0.0,Den Bosch
Eerste Divisie,22/23,404,577462,Stan Maas,Centre-Back,22,0.075,0.075,0.0,Den Bosch
Eerste Divisie,22/23,404,639974,Nick de Groot,Left-Back,21,0.075,0.025,0.049999999999999996,Den Bosch
Eerste Divisie,22/23,404,469084,Rik Mulders,Right-Back,22,0.3,0.3,0.0,Den Bosch
Eerste Divisie,22/23,404,362276,Faris Hammouti,Right-Back,26,0.25,0.25,0.0,Den Bosch
Eerste Divisie,22/23,404,469088,Jorn van Hedel,Right-Back,22,0.15,0.225,-0.07500000000000001,Den Bosch
Eerste Divisie,22/23,404,719790,Noël Hendriks,Right-Back,21,0.025,0.025,0.0,Den Bosch
Eerste Divisie,22/23,404,436583,Steven van der Heijden,Defensive Midfield,24,0.275,0.275,0.0,Den Bosch
Eerste Divisie,22/23,404,333498,Dino Halilovic,Defensive Midfield,25,0.2,0.2,0.0,Den Bosch
Eerste Divisie,22/23,404,430817,Anass Ahannach,Attacking Midfield,25,0.4,0.3,0.10000000000000003,Den Bosch
Eerste Divisie,22/23,404,99508,Danny Verbeek,Attacking Midfield,32,0.25,0.25,0.0,Den Bosch
Eerste Divisie,22/23,404,892983,Ryan Leijten,Attacking Midfield,19,0.25,0.25,0.0,Den Bosch
Eerste Divisie,22/23,404,577461,Sven Roos,Attacking Midfield,21,0.025,0.025,0.0,Den Bosch
Eerste Divisie,22/23,404,799022,Max van Hees,Attacking Midfield,20,0.025,0.025,0.0,Den Bosch
Eerste Divisie,22/23,404,682252,Sebastiaan van Bakel,Left Winger,22,0.15,0.15,0.0,Den Bosch
Eerste Divisie,22/23,404,799024,Jochem Scheij,Left Winger,21,0.025,0.025,0.0,Den Bosch
Eerste Divisie,22/23,404,315140,Joey Konings,Centre-Forward,25,0.375,0.375,0.0,Den Bosch
Eerste Divisie,22/23,404,606389,Nikolaj Möller,Centre-Forward,20,0.3,0.3,0.0,Den Bosch
Eerste Divisie,22/23,1434,271549,Ronald Koeman Jr.,Goalkeeper,28,0.2,0.2,0.0,Telstar
Eerste Divisie,22/23,1434,471797,Joey Houweling,Goalkeeper,23,0.075,0.075,0.0,Telstar
Eerste Divisie,22/23,1434,959276,Jesse Vink,Goalkeeper,19,0.025,0.025,0.0,Telstar
Eerste Divisie,22/23,1434,786420,Shaquille Eendragt,Goalkeeper,21,0.025,0.025,0.0,Telstar
Eerste Divisie,22/23,1434,58359,Özgür Aktaş,Centre-Back,26,0.325,0.275,0.04999999999999999,Telstar
Eerste Divisie,22/23,1434,113872,Mitch Apau,Centre-Back,33,0.15,0.15,0.0,Telstar
Eerste Divisie,22/23,1434,594277,Jonathan Mulder,Left-Back,21,0.2,0.025,0.17500000000000002,Telstar
Eerste Divisie,22/23,1434,320825,Delvechio Blackson,Left-Back,28,0.15,0.25,-0.1,Telstar
Eerste Divisie,22/23,1434,767840,Yaël Liesdek,Right-Back,21,0.2,0.2,0.0,Telstar
Eerste Divisie,22/23,1434,533172,Jay Kruiver,Right-Back,22,0.15,0.075,0.075,Telstar
Eerste Divisie,22/23,1434,424332,Niels van Wetten,Defensive Midfield,24,0.1,0.1,0.0,Telstar
Eerste Divisie,22/23,1434,462868,Anwar Bensabouh,Central Midfield,24,0.3,0.3,0.0,Telstar
Eerste Divisie,22/23,1434,124889,Tom Overtoom,Central Midfield,32,0.175,0.175,0.0,Telstar
Eerste Divisie,22/23,1434,353149,DJ Buffonge,Attacking Midfield,24,0.15,0.15,0.0,Telstar
Eerste Divisie,22/23,1434,473170,Cain Seedorf,Left Winger,23,0.2,0.2,0.0,Telstar
Eerste Divisie,22/23,1434,476648,Yahya Boussakou,Right Winger,23,0.125,0.05,0.075,Telstar
Eerste Divisie,22/23,1434,604813,David Min,Centre-Forward,24,0.225,0.075,0.15000000000000002,Telstar
Eerste Divisie,22/23,1434,477979,Rein Smit,Centre-Forward,22,0.225,0.225,0.0,Telstar
Eerste Divisie,22/23,1434,80073,Glynor Plet,Centre-Forward,36,0.15,0.15,0.0,Telstar
Eerste Divisie,22/23,1434,727531,Koen Blommestijn,Centre-Forward,23,0.15,0.025,0.125,Telstar
Eerste Divisie,23/24,8817,229604,Gerónimo Rulli,Goalkeeper,32,5.0,10.0,-5.0,Jong Ajax
Eerste Divisie,23/24,8817,635129,Charlie Setford,Goalkeeper,20,0.6,0.3,0.3,Jong Ajax
Eerste Divisie,23/24,8817,729010,Tom de Graaff,Goalkeeper,19,0.4,0.4,0.0,Jong Ajax
Eerste Divisie,23/24,8817,740040,Sten Kremers,Goalkeeper,20,0.2,0.2,0.0,Jong Ajax
Eerste Divisie,23/24,8817,662131,Ahmetcan Kaplan,Centre-Back,21,10.0,5.0,5.0,Jong Ajax
Eerste Divisie,23/24,8817,775242,Mateja Milovanovic,Centre-Back,20,0.3,0.3,0.0,Jong Ajax
Eerste Divisie,23/24,8817,485584,Anass Salah-Eddine,Left-Back,22,1.2,0.8,0.3999999999999999,Jong Ajax
Eerste Divisie,23/24,8817,656800,Tristan Gooijer,Right-Back,19,2.0,0.2,1.8,Jong Ajax
Eerste Divisie,23/24,8817,720791,Olivier Aertssen,Right-Back,19,0.6,0.8,-0.20000000000000007,Jong Ajax
Eerste Divisie,23/24,8817,749618,Diyae Jermoumi,Right-Back,19,0.275,0.175,0.10000000000000003,Jong Ajax
Eerste Divisie,23/24,8817,738476,Silvano Vos,Defensive Midfield,19,2.5,1.0,1.5,Jong Ajax
Eerste Divisie,23/24,8817,559333,Kian Fitz-Jim,Central Midfield,20,1.0,1.3,-0.30000000000000004,Jong Ajax
Eerste Divisie,23/24,8817,646699,Julian Brandes,Central Midfield,20,0.4,0.15,0.25,Jong Ajax
Eerste Divisie,23/24,8817,694186,Kristian Hlynsson,Attacking Midfield,20,7.0,0.75,6.25,Jong Ajax
Eerste Divisie,23/24,8817,646698,Gabriel Misehouy,Attacking Midfield,18,1.0,0.6,0.4,Jong Ajax
Eerste Divisie,23/24,8817,748804,Mika Godts,Left Winger,19,4.0,0.8,3.2,Jong Ajax
Eerste Divisie,23/24,8817,706889,Jaydon Banel,Left Winger,19,1.2,0.25,0.95,Jong Ajax
Eerste Divisie,23/24,8817,704773,Amourricho van Axel Dongen,Left Winger,19,0.6,0.5,0.09999999999999998,Jong Ajax
Eerste Divisie,23/24,8817,610429,Christian Rasmussen,Right Winger,21,2.0,0.8,1.2,Jong Ajax
Eerste Divisie,23/24,8817,572519,Ar'jany Martha,Right Winger,20,1.2,0.35,0.85,Jong Ajax
Eerste Divisie,23/24,9715,333640,Joël Drommel,Goalkeeper,27,2.5,2.5,0.0,Jong PSV
Eerste Divisie,23/24,9715,654919,Kjell Peersman,Goalkeeper,20,0.3,0.4,-0.10000000000000003,Jong PSV
Eerste Divisie,23/24,9715,723005,Niek Schiks,Goalkeeper,20,0.25,0.15,0.1,Jong PSV
Eerste Divisie,23/24,9715,729011,Roy Steur,Goalkeeper,19,0.175,0.15,0.024999999999999994,Jong PSV
Eerste Divisie,23/24,9715,738481,Emmanuel van de Blaak,Centre-Back,19,0.45,0.4,0.04999999999999999,Jong PSV
Eerste Divisie,23/24,9715,539665,Fredrik Oppegård,Left-Back,21,0.6,0.65,-0.050000000000000044,Jong PSV
Eerste Divisie,23/24,9715,575993,Koen Jansen,Left-Back,20,0.35,0.05,0.3,Jong PSV
Eerste Divisie,23/24,9715,654918,Matteo Dams,Left-Back,20,0.35,0.125,0.22499999999999998,Jong PSV
Eerste Divisie,23/24,9715,412937,Shurandy Sambo,Right-Back,22,2.0,3.0,-1.0,Jong PSV
Eerste Divisie,23/24,9715,738478,Jason van Duiven,Right-Back,19,1.0,1.0,0.0,Jong PSV
Eerste Divisie,23/24,9715,575367,Richard Ledezma,Right-Back,23,0.9,0.85,0.050000000000000044,Jong PSV
Eerste Divisie,23/24,9715,626764,Livano Comenencia,Right-Back,20,0.8,0.5,0.30000000000000004,Jong PSV
Eerste Divisie,23/24,9715,910493,Enzo Geerts,Defensive Midfield,19,0.2,0.15,0.05000000000000002,Jong PSV
Eerste Divisie,23/24,9715,617754,Mylian Jiménez,Central Midfield,21,0.3,0.1,0.19999999999999998,Jong PSV
Eerste Divisie,23/24,9715,813437,Isaac Babadi,Attacking Midfield,19,6.0,0.8,5.2,Jong PSV
Eerste Divisie,23/24,9715,640565,Mohamed Nassoh,Attacking Midfield,21,0.7,0.6,0.09999999999999998,Jong PSV
Eerste Divisie,23/24,9715,579756,Simon Colyn,Attacking Midfield,22,0.6,0.4,0.19999999999999996,Jong PSV
Eerste Divisie,23/24,9715,646673,Iggy Houben,Attacking Midfield,19,0.225,0.075,0.15000000000000002,Jong PSV
Eerste Divisie,23/24,9715,594273,Jeremy Antonisse,Left Winger,22,0.5,0.5,0.0,Jong PSV
Eerste Divisie,23/24,9715,646669,Jamal Gonzaga,Left Winger,19,0.15,0.1,0.04999999999999999,Jong PSV
Eerste Divisie,23/24,9715,627207,Ricardo Pepi,Centre-Forward,21,12.0,9.0,3.0,Jong PSV
Eerste Divisie,23/24,11368,704772,Rome-Jayden Owusu-Oduro,Goalkeeper,19,0.9,0.3,0.6000000000000001,Jong AZ
Eerste Divisie,23/24,11368,116471,Hobie Verhulst,Goalkeeper,31,0.4,0.6,-0.19999999999999996,Jong AZ
Eerste Divisie,23/24,11368,595935,Sem Westerveld,Goalkeeper,21,0.4,0.5,-0.09999999999999998,Jong AZ
Eerste Divisie,23/24,11368,738514,Tristan Kuijsten,Goalkeeper,19,0.3,0.125,0.175,Jong AZ
Eerste Divisie,23/24,11368,635371,Daniël Deen,Goalkeeper,21,0.15,0.075,0.075,Jong AZ
Eerste Divisie,23/24,11368,646707,Wouter Goes,Centre-Back,20,5.0,2.0,3.0,Jong AZ
Eerste Divisie,23/24,11368,646704,Maxim Dekker,Centre-Back,20,0.8,1.5,-0.7,Jong AZ
Eerste Divisie,23/24,11368,801031,Lewis Schouten,Centre-Back,20,0.6,0.3,0.3,Jong AZ
Eerste Divisie,23/24,11368,665541,Finn Stam,Centre-Back,21,0.3,0.075,0.22499999999999998,Jong AZ
Eerste Divisie,23/24,11368,595936,Misha Engel,Centre-Back,21,0.25,0.175,0.07500000000000001,Jong AZ
Eerste Divisie,23/24,11368,595937,Jorn Berkhout,Centre-Back,22,0.2,0.25,-0.04999999999999999,Jong AZ
Eerste Divisie,23/24,11368,653510,Jurre van Aken,Right-Back,21,0.325,0.125,0.2,Jong AZ
Eerste Divisie,23/24,11368,646705,Sem Dekkers,Right-Back,20,0.3,0.325,-0.025000000000000022,Jong AZ
Eerste Divisie,23/24,11368,559336,Loek Postma,Defensive Midfield,21,0.25,0.15,0.1,Jong AZ
Eerste Divisie,23/24,11368,702447,Nick Twisk,Defensive Midfield,21,0.15,0.1,0.04999999999999999,Jong AZ
Eerste Divisie,23/24,11368,412943,Kenzo Goudmijn,Central Midfield,22,1.8,1.3,0.5,Jong AZ
Eerste Divisie,23/24,11368,747017,Dave Kwakman,Central Midfield,19,0.7,0.1,0.6,Jong AZ
Eerste Divisie,23/24,11368,735701,Ruben van Bommel,Left Winger,19,5.0,0.55,4.45,Jong AZ
Eerste Divisie,23/24,11368,650712,Myron van Brederode,Left Winger,20,3.5,3.0,0.5,Jong AZ
Eerste Divisie,23/24,11368,800995,Ro-Zangelo Daal,Left Winger,20,0.5,0.1,0.4,Jong AZ
Eerste Divisie,23/24,11368,470715,Joshua Pynadath,Left Winger,22,0.05,0.05,0.0,Jong AZ
Eerste Divisie,23/24,11368,718303,Ernest Poku,Right Winger,20,1.3,0.3,1.0,Jong AZ
Eerste Divisie,23/24,11368,747720,Jayden Addai,Right Winger,18,1.0,0.15,0.85,Jong AZ
Eerste Divisie,23/24,11368,515396,Iman Griffith,Right Winger,22,0.4,0.5,-0.09999999999999998,Jong AZ
Eerste Divisie,23/24,11368,577396,Ricuenio Kewal,Right Winger,22,0.4,0.075,0.325,Jong AZ
Eerste Divisie,23/24,11368,728864,Lequincio Zeefuik,Centre-Forward,19,1.0,0.35,0.65,Jong AZ
Eerste Divisie,23/24,11368,566271,Yusuf Barası,Centre-Forward,21,0.95,0.6,0.35,Jong AZ
Eerste Divisie,23/24,11368,678546,Mexx Meerdink,Centre-Forward,20,0.9,1.5,-0.6,Jong AZ
Eerste Divisie,23/24,11368,675622,Damienus Reverson,Centre-Forward,20,0.2,0.15,0.05000000000000002,Jong AZ
Eerste Divisie,23/24,11368,704077,Nick Koster,Centre-Forward,21,0.2,0.175,0.025000000000000022,Jong AZ
Eerste Divisie,23/24,202,288259,Michael Verrips,Goalkeeper,27,0.65,0.6,0.050000000000000044,Groningen
Eerste Divisie,23/24,202,215551,Hidde Jurjus,Goalkeeper,30,0.5,0.475,0.025000000000000022,Groningen
Eerste Divisie,23/24,202,719209,Thijmen Blokzijl,Centre-Back,19,0.9,1.5,-0.6,Groningen
Eerste Divisie,23/24,202,458405,Radinio Balker,Centre-Back,25,0.8,1.0,-0.19999999999999996,Groningen
Eerste Divisie,23/24,202,412933,Liam van Gelderen,Centre-Back,23,0.2,0.6,-0.39999999999999997,Groningen
Eerste Divisie,23/24,202,420215,Nordin Musampa,Centre-Back,22,0.15,0.4,-0.25,Groningen
Eerste Divisie,23/24,202,664809,Isak Dybvik Määttä,Left-Back,22,0.45,0.55,-0.10000000000000003,Groningen
Eerste Divisie,23/24,202,237244,Marco Rente,Right-Back,27,0.75,0.6,0.15000000000000002,Groningen
Eerste Divisie,23/24,202,671735,Jorg Schreuders,Right-Back,19,0.65,0.175,0.47500000000000003,Groningen
Eerste Divisie,23/24,202,258513,Laros Duarte,Defensive Midfield,27,0.9,0.8,0.09999999999999998,Groningen
Eerste Divisie,23/24,202,187293,Joey Pelupessy,Defensive Midfield,31,0.3,0.375,-0.07500000000000001,Groningen
Eerste Divisie,23/24,202,418557,Johan Hove,Central Midfield,23,1.3,2.3,-0.9999999999999998,Groningen
Eerste Divisie,23/24,202,540333,Tomas Suslov,Attacking Midfield,22,7.0,2.0,5.0,Groningen
Eerste Divisie,23/24,202,601495,Luciano Valente,Attacking Midfield,20,0.85,0.5,0.35,Groningen
Eerste Divisie,23/24,202,671738,Thom van Bergen,Attacking Midfield,20,0.65,0.2,0.45,Groningen
Eerste Divisie,23/24,202,369653,Daleho Irandust,Attacking Midfield,26,0.5,0.7,-0.19999999999999996,Groningen
Eerste Divisie,23/24,202,410854,Ragnar Oratmangoen,Left Winger,26,0.45,0.45,0.0,Groningen
Eerste Divisie,23/24,202,513332,Kian Slor,Left Winger,22,0.1,0.1,0.0,Groningen
Eerste Divisie,23/24,202,387996,Rui Mendes,Right Winger,24,0.6,0.7,-0.09999999999999998,Groningen
Eerste Divisie,23/24,202,579289,Paulos Abraham,Centre-Forward,21,1.2,0.7,0.5,Groningen
Eerste Divisie,23/24,202,513330,Romano Postema,Centre-Forward,22,0.75,0.45,0.3,Groningen
Eerste Divisie,23/24,132,195546,Roy Kortsmit,Goalkeeper,31,0.35,0.3,0.04999999999999999,NAC Breda
Eerste Divisie,23/24,132,601262,Pepijn van de Merbel,Goalkeeper,22,0.25,0.025,0.225,NAC Breda
Eerste Divisie,23/24,132,554530,Tein Troost,Goalkeeper,22,0.25,0.1,0.15,NAC Breda
Eerste Divisie,23/24,132,559331,Aron van Lare,Goalkeeper,21,0.025,0.025,0.0,NAC Breda
Eerste Divisie,23/24,132,823992,Rowan Besselink,Centre-Back,19,0.3,0.15,0.15,NAC Breda
Eerste Divisie,23/24,132,271816,Victor Wernersson,Centre-Back,28,0.25,0.35,-0.09999999999999998,NAC Breda
Eerste Divisie,23/24,132,91251,Cuco Martina,Centre-Back,34,0.2,0.3,-0.09999999999999998,NAC Breda
Eerste Divisie,23/24,132,428502,Boy Kemper,Left-Back,25,0.5,0.45,0.04999999999999999,NAC Breda
Eerste Divisie,23/24,132,351216,Manel Royo,Left-Back,30,0.35,0.225,0.12499999999999997,NAC Breda
Eerste Divisie,23/24,132,406091,Boyd Lucassen,Right-Back,25,0.45,0.55,-0.10000000000000003,NAC Breda
Eerste Divisie,23/24,132,823995,Stef de Wijs,Right-Back,21,0.025,0.025,0.0,NAC Breda
Eerste Divisie,23/24,132,596158,Casper Staring,Defensive Midfield,23,0.4,0.275,0.125,NAC Breda
Eerste Divisie,23/24,132,274640,Javier Vet,Defensive Midfield,30,0.225,0.325,-0.1,NAC Breda
Eerste Divisie,23/24,132,617019,Matthew Garbett,Central Midfield,22,0.45,0.3,0.15000000000000002,NAC Breda
Eerste Divisie,23/24,132,587289,Sabir Agougil,Central Midfield,22,0.25,0.35,-0.09999999999999998,NAC Breda
Eerste Divisie,23/24,132,579298,Adam Kaied,Central Midfield,22,0.15,0.25,-0.1,NAC Breda
Eerste Divisie,23/24,132,568373,Aimé Omgba,Attacking Midfield,21,1.5,0.15,1.35,NAC Breda
Eerste Divisie,23/24,132,595774,Boris van Schuppen,Attacking Midfield,22,0.15,0.3,-0.15,NAC Breda
Eerste Divisie,23/24,132,396003,Thomas Marijnissen,Left Winger,25,0.1,0.05,0.05,NAC Breda
Eerste Divisie,23/24,132,469082,Roy Kuijpers,Right Winger,24,0.375,0.3,0.07500000000000001,NAC Breda
Eerste Divisie,23/24,132,330909,Jort van der Sande,Centre-Forward,28,0.55,0.4,0.15000000000000002,NAC Breda
Eerste Divisie,23/24,132,205655,Elías Már Ómarsson,Centre-Forward,29,0.5,0.6,-0.09999999999999998,NAC Breda
Eerste Divisie,23/24,132,124863,Tom Boere,Centre-Forward,31,0.325,0.3,0.025000000000000022,NAC Breda
Eerste Divisie,23/24,1455,335997,Luca Plogmann,Goalkeeper,24,0.5,0.225,0.275,Dordrecht
Eerste Divisie,23/24,1455,390814,Trevor Doornbusch,Goalkeeper,24,0.1,0.125,-0.024999999999999994,Dordrecht
Eerste Divisie,23/24,1455,1026477,Tijn Baltussen,Goalkeeper,19,0.025,0.025,0.0,Dordrecht
Eerste Divisie,23/24,1455,578421,Ruben Kluivert,Centre-Back,23,0.6,0.5,0.09999999999999998,Dordrecht
Eerste Divisie,23/24,1455,497176,Jop van der Avert,Centre-Back,24,0.4,0.2,0.2,Dordrecht
Eerste Divisie,23/24,1455,685445,Bartłomiej Smolarczyk,Centre-Back,20,0.2,0.025,0.17500000000000002,Dordrecht
Eerste Divisie,23/24,1455,277112,Elso Brito,Left-Back,30,0.2,0.175,0.025000000000000022,Dordrecht
Eerste Divisie,23/24,1455,491292,Ilias Bronkhorst,Right-Back,27,0.35,0.225,0.12499999999999997,Dordrecht
Eerste Divisie,23/24,1455,361086,Abdallah Aberkane,Right-Back,24,0.2,0.275,-0.07500000000000001,Dordrecht
Eerste Divisie,23/24,1455,189650,Tim Receveur,Defensive Midfield,32,0.15,0.25,-0.1,Dordrecht
Eerste Divisie,23/24,1455,942960,Daniel van Vianen,Defensive Midfield,21,0.075,0.025,0.049999999999999996,Dordrecht
Eerste Divisie,23/24,1455,488296,Rocco Shein,Central Midfield,20,0.45,0.275,0.175,Dordrecht
Eerste Divisie,23/24,1455,454569,Benjamin Reemst,Central Midfield,24,0.1,0.15,-0.04999999999999999,Dordrecht
Eerste Divisie,23/24,1455,264857,Jari Schuurman,Attacking Midfield,27,0.55,0.35,0.20000000000000007,Dordrecht
Eerste Divisie,23/24,1455,422760,Mathis Suray,Left Winger,22,0.8,0.225,0.5750000000000001,Dordrecht
Eerste Divisie,23/24,1455,800272,Boubakar Camara,Right Winger,23,0.15,0.3,-0.15,Dordrecht
Eerste Divisie,23/24,1455,540653,Malhory Noc,Right Winger,26,0.125,0.2,-0.07500000000000001,Dordrecht
Eerste Divisie,23/24,1455,514280,Pepijn Doesburg,Centre-Forward,23,0.225,0.075,0.15000000000000002,Dordrecht
Eerste Divisie,23/24,192,485588,Calvin Raatsie,Goalkeeper,22,0.4,0.2,0.2,Roda JC
Eerste Divisie,23/24,192,335027,Koen Bucker,Goalkeeper,28,0.35,0.175,0.175,Roda JC
Eerste Divisie,23/24,192,342012,Rody de Boer,Goalkeeper,26,0.2,0.35,-0.14999999999999997,Roda JC
Eerste Divisie,23/24,192,417671,Loek Hamers,Goalkeeper,24,0.05,0.025,0.025,Roda JC
Eerste Divisie,23/24,192,251975,Brian Koglin,Centre-Back,27,0.425,0.3,0.125,Roda JC
Eerste Divisie,23/24,192,47740,Nils Röseler,Centre-Back,32,0.2,0.4,-0.2,Roda JC
Eerste Divisie,23/24,192,324111,Teun Bijleveld,Left-Back,26,0.45,0.325,0.125,Roda JC
Eerste Divisie,23/24,192,393240,Boyd Reith,Right-Back,25,0.6,0.4,0.19999999999999996,Roda JC
Eerste Divisie,23/24,192,355685,Orhan Džepar,Defensive Midfield,28,0.35,0.325,0.024999999999999967,Roda JC
Eerste Divisie,23/24,192,673344,Wesley Spieringhs,Central Midfield,22,0.4,0.2,0.2,Roda JC
Eerste Divisie,23/24,192,123140,Niek Vossebelt,Central Midfield,32,0.1,0.3,-0.19999999999999998,Roda JC
Eerste Divisie,23/24,192,730816,Fabio Sposito,Central Midfield,22,0.05,0.025,0.025,Roda JC
Eerste Divisie,23/24,192,597104,Walid Ould-Chikh,Attacking Midfield,24,0.8,0.4,0.4,Roda JC
Eerste Divisie,23/24,192,292805,Lennerd Daneels,Left Winger,26,0.325,0.35,-0.024999999999999967,Roda JC
Eerste Divisie,23/24,192,747016,Sami Ouaissa,Right Winger,19,0.7,0.25,0.44999999999999996,Roda JC
Eerste Divisie,23/24,192,462087,Arjen van der Heide,Right Winger,22,0.5,0.45,0.04999999999999999,Roda JC
Eerste Divisie,23/24,192,395519,Metehan Güclü,Centre-Forward,25,0.225,0.3,-0.07499999999999998,Roda JC
Eerste Divisie,23/24,403,190687,Joshua Smits,Goalkeeper,31,0.45,0.3,0.15000000000000002,Willem II
Eerste Divisie,23/24,403,477476,Connor van den Berg,Goalkeeper,23,0.05,0.05,0.0,Willem II
Eerste Divisie,23/24,403,458734,Tommy St. Jago,Centre-Back,24,0.7,0.7,0.0,Willem II
Eerste Divisie,23/24,403,79194,Erik Schouten,Centre-Back,32,0.3,0.325,-0.025000000000000022,Willem II
Eerste Divisie,23/24,403,88074,Freek Heerkens,Centre-Back,34,0.125,0.3,-0.175,Willem II
Eerste Divisie,23/24,403,619780,Niels van Berkel,Left-Back,22,0.35,0.075,0.27499999999999997,Willem II
Eerste Divisie,23/24,403,540928,Valentino Vermeulen,Right-Back,22,0.25,0.45,-0.2,Willem II
Eerste Divisie,23/24,403,292817,Matthias Verreth,Defensive Midfield,26,0.7,0.45,0.24999999999999994,Willem II
Eerste Divisie,23/24,403,524043,Jesse Bosch,Defensive Midfield,24,0.65,0.6,0.050000000000000044,Willem II
Eerste Divisie,23/24,403,577455,Ringo Meerveld,Attacking Midfield,21,1.3,0.65,0.65,Willem II
Eerste Divisie,23/24,403,441216,Thijs Oosting,Attacking Midfield,24,0.7,0.6,0.09999999999999998,Willem II
Eerste Divisie,23/24,403,485592,Max de Waal,Attacking Midfield,22,0.25,0.4,-0.15000000000000002,Willem II
Eerste Divisie,23/24,403,594035,Dani Mathieu,Attacking Midfield,23,0.1,0.025,0.07500000000000001,Willem II
Eerste Divisie,23/24,403,367981,Max Svensson,Left Winger,26,0.4,0.5,-0.09999999999999998,Willem II
Eerste Divisie,23/24,403,317593,Patrick Joosten,Left Winger,28,0.325,0.4,-0.07500000000000001,Willem II
Eerste Divisie,23/24,403,159375,Joeri Schroijen,Left Winger,33,0.15,0.2,-0.05000000000000002,Willem II
Eerste Divisie,23/24,403,288233,Nick Doodeman,Right Winger,27,0.5,0.45,0.04999999999999999,Willem II
Eerste Divisie,23/24,403,400644,Jeredy Hilterman,Centre-Forward,26,0.7,0.55,0.1499999999999999,Willem II
Eerste Divisie,23/24,403,56490,Jeremy Bokila,Centre-Forward,35,0.125,0.15,-0.024999999999999994,Willem II
Eerste Divisie,23/24,403,110906,Michael de Leeuw,Centre-Forward,37,0.075,0.25,-0.175,Willem II
Eerste Divisie,23/24,133,258362,Yanick van Osch,Goalkeeper,27,0.45,0.5,-0.04999999999999999,Cambuur
Eerste Divisie,23/24,133,412946,Daan Reiziger,Goalkeeper,23,0.15,0.35,-0.19999999999999998,Cambuur
Eerste Divisie,23/24,133,667902,Brett Minnema,Goalkeeper,22,0.05,0.05,0.0,Cambuur
Eerste Divisie,23/24,133,371461,Marco Tol,Centre-Back,26,0.45,0.5,-0.04999999999999999,Cambuur
Eerste Divisie,23/24,133,899710,Floris Smand,Centre-Back,21,0.4,0.35,0.050000000000000044,Cambuur
Eerste Divisie,23/24,133,228478,Leon Bergsma,Centre-Back,27,0.35,0.55,-0.20000000000000007,Cambuur
Eerste Divisie,23/24,133,435821,Alex Bangura,Left-Back,24,1.0,0.9,0.09999999999999998,Cambuur
Eerste Divisie,23/24,133,480457,Thomas Poll,Left-Back,22,0.325,0.3,0.025000000000000022,Cambuur
Eerste Divisie,23/24,133,587333,Sekou Sylla,Left-Back,25,0.25,0.175,0.07500000000000001,Cambuur
Eerste Divisie,23/24,133,648541,Gabi Caschili,Right-Back,20,0.4,0.1,0.30000000000000004,Cambuur
Eerste Divisie,23/24,133,766810,Jhondly van der Meer,Right-Back,22,0.1,0.1,0.0,Cambuur
Eerste Divisie,23/24,133,377720,Daniël van Kaam,Defensive Midfield,24,0.55,0.7,-0.1499999999999999,Cambuur
Eerste Divisie,23/24,133,424330,Jeremy van Mullem,Defensive Midfield,25,0.3,0.375,-0.07500000000000001,Cambuur
Eerste Divisie,23/24,133,766807,Vincent Pichel,Central Midfield,22,0.025,0.05,-0.025,Cambuur
Eerste Divisie,23/24,133,559335,Fedde de Jong,Attacking Midfield,21,0.6,0.65,-0.050000000000000044,Cambuur
Eerste Divisie,23/24,133,258511,Michael Breij,Right Winger,27,0.6,0.45,0.14999999999999997,Cambuur
Eerste Divisie,23/24,133,412940,Remco Balk,Right Winger,23,0.5,0.4,0.09999999999999998,Cambuur
Eerste Divisie,23/24,133,386164,Silvester van der Water,Right Winger,27,0.45,0.7,-0.24999999999999994,Cambuur
Eerste Divisie,23/24,133,703772,Milan Smit,Centre-Forward,21,0.75,0.175,0.575,Cambuur
Eerste Divisie,23/24,133,342152,Roberts Uldrikis,Centre-Forward,26,0.6,0.55,0.04999999999999993,Cambuur
Eerste Divisie,23/24,17596,205128,Mattijs Branderhorst,Goalkeeper,30,0.6,0.7,-0.09999999999999998,Jong Utrecht
Eerste Divisie,23/24,17596,485588,Calvin Raatsie,Goalkeeper,22,0.4,0.2,0.2,Jong Utrecht
Eerste Divisie,23/24,17596,607133,Kevin Gadellaa,Goalkeeper,21,0.2,0.025,0.17500000000000002,Jong Utrecht
Eerste Divisie,23/24,17596,315235,Thijmen Nijhuis,Goalkeeper,25,0.15,0.2,-0.05000000000000002,Jong Utrecht
Eerste Divisie,23/24,17596,691975,Joshua Mukeh,Centre-Back,21,0.35,0.15,0.19999999999999998,Jong Utrecht
Eerste Divisie,23/24,17596,765467,Jozhua Vertrouwd,Centre-Back,19,0.15,0.075,0.075,Jong Utrecht
Eerste Divisie,23/24,17596,541020,Yannick Leliendal,Left-Back,22,0.5,0.2,0.3,Jong Utrecht
Eerste Divisie,23/24,17596,703658,Joshua Rawlins,Right-Back,20,0.25,0.35,-0.09999999999999998,Jong Utrecht
Eerste Divisie,23/24,17596,653729,Achraf Boumenjal,Right-Back,21,0.125,0.025,0.1,Jong Utrecht
Eerste Divisie,23/24,17596,559325,Gibson Yah,Defensive Midfield,20,0.4,0.2,0.2,Jong Utrecht
Eerste Divisie,23/24,17596,656796,Ivar Jenner,Central Midfield,20,0.35,0.025,0.32499999999999996,Jong Utrecht
Eerste Divisie,23/24,17596,804773,Olivier van Eldik,Central Midfield,20,0.2,0.15,0.05000000000000002,Jong Utrecht
Eerste Divisie,23/24,17596,775994,Lynden Edhart,Left Winger,18,0.3,0.15,0.15,Jong Utrecht
Eerste Divisie,23/24,17596,654902,Aurelio Oehlers,Right Winger,20,0.15,0.025,0.125,Jong Utrecht
Eerste Divisie,23/24,17596,565434,Anthony Descotte,Centre-Forward,20,0.5,0.5,0.0,Jong Utrecht
Eerste Divisie,23/24,17596,667007,Mees Rijks,Centre-Forward,21,0.35,0.3,0.04999999999999999,Jong Utrecht
Eerste Divisie,23/24,1268,548934,Hugo Wentges,Goalkeeper,22,0.4,0.4,0.0,ADO Den Haag
Eerste Divisie,23/24,1268,559319,Kilian Nikièma,Goalkeeper,21,0.3,0.1,0.19999999999999998,ADO Den Haag
Eerste Divisie,23/24,1268,119061,Tim Coremans,Goalkeeper,33,0.1,0.2,-0.1,ADO Den Haag
Eerste Divisie,23/24,1268,701509,David van de Riet,Goalkeeper,22,0.025,0.025,0.0,ADO Den Haag
Eerste Divisie,23/24,1268,719382,Matteo Waem,Centre-Back,24,0.65,0.325,0.325,ADO Den Haag
Eerste Divisie,23/24,1268,811805,Tyrese Asante,Centre-Back,22,0.45,0.45,0.0,ADO Den Haag
Eerste Divisie,23/24,1268,710999,Silvinho Esajas,Centre-Back,21,0.3,0.025,0.27499999999999997,ADO Den Haag
Eerste Divisie,23/24,1268,651785,Gylermo Siereveld,Centre-Back,22,0.3,0.05,0.25,ADO Den Haag
Eerste Divisie,23/24,1268,269585,Daryl Werker,Centre-Back,30,0.175,0.325,-0.15000000000000002,ADO Den Haag
Eerste Divisie,23/24,1268,373977,Amir Absalem,Left-Back,27,0.35,0.3,0.04999999999999999,ADO Den Haag
Eerste Divisie,23/24,1268,57328,Bart van Hintum,Left-Back,37,0.1,0.275,-0.17500000000000002,ADO Den Haag
Eerste Divisie,23/24,1268,374213,Jari Vlak,Central Midfield,25,0.65,0.5,0.15000000000000002,ADO Den Haag
Eerste Divisie,23/24,1268,518304,Dhoraso Klas,Central Midfield,23,0.275,0.325,-0.04999999999999999,ADO Den Haag
Eerste Divisie,23/24,1268,686095,Sacha Komljenovic,Central Midfield,21,0.125,0.075,0.05,ADO Den Haag
Eerste Divisie,23/24,1268,811430,Malik Sellouki,Attacking Midfield,24,0.3,0.25,0.04999999999999999,ADO Den Haag
Eerste Divisie,23/24,1268,790420,Rafael Struick,Left Winger,21,0.075,0.025,0.049999999999999996,ADO Den Haag
Eerste Divisie,23/24,1268,177821,Daryl van Mieghem,Right Winger,34,0.4,0.5,-0.09999999999999998,ADO Den Haag
Eerste Divisie,23/24,1268,330909,Jort van der Sande,Centre-Forward,28,0.55,0.4,0.15000000000000002,ADO Den Haag
Eerste Divisie,23/24,1268,271743,Henk Veerman,Centre-Forward,33,0.45,0.5,-0.04999999999999999,ADO Den Haag
Eerste Divisie,23/24,1283,152460,Eric Oelschlägel,Goalkeeper,28,0.35,0.4,-0.050000000000000044,Emmen
Eerste Divisie,23/24,1283,409346,Jan Hoekstra,Goalkeeper,25,0.35,0.35,0.0,Emmen
Eerste Divisie,23/24,1283,452619,Kyan van Dorp,Goalkeeper,24,0.05,0.05,0.0,Emmen
Eerste Divisie,23/24,1283,566930,Julius Dirksen,Centre-Back,21,0.55,0.45,0.10000000000000003,Emmen
Eerste Divisie,23/24,1283,412939,Dennis Vos,Centre-Back,22,0.35,0.35,0.0,Emmen
Eerste Divisie,23/24,1283,155806,Mike te Wierik,Centre-Back,32,0.325,0.4,-0.07500000000000001,Emmen
Eerste Divisie,23/24,1283,255748,Michaël Heylen,Centre-Back,30,0.25,0.25,0.0,Emmen
Eerste Divisie,23/24,1283,124866,Lorenzo Burnet,Left-Back,33,0.15,0.25,-0.1,Emmen
Eerste Divisie,23/24,1283,315156,Robin Schouten,Right-Back,26,0.3,0.3,0.0,Emmen
Eerste Divisie,23/24,1283,362276,Faris Hammouti,Right-Back,27,0.225,0.25,-0.024999999999999994,Emmen
Eerste Divisie,23/24,1283,82332,Maikel Kieftenbeld,Defensive Midfield,34,0.175,0.375,-0.2,Emmen
Eerste Divisie,23/24,1283,536480,Lucas Bernadou,Central Midfield,23,0.65,0.75,-0.09999999999999998,Emmen
Eerste Divisie,23/24,1283,374213,Jari Vlak,Central Midfield,25,0.65,0.5,0.15000000000000002,Emmen
Eerste Divisie,23/24,1283,303939,Ahmed El Messaoudi,Central Midfield,28,0.6,0.6,0.0,Emmen
Eerste Divisie,23/24,1283,275949,Jorrit Smeets,Central Midfield,29,0.25,0.45,-0.2,Emmen
Eerste Divisie,23/24,1283,263555,Jeff Hardeveld,Left Midfield,29,0.35,0.3,0.04999999999999999,Emmen
Eerste Divisie,23/24,1283,556870,Ben Scholte,Attacking Midfield,22,0.3,0.15,0.15,Emmen
Eerste Divisie,23/24,1283,593824,Patrick Brouwer,Attacking Midfield,23,0.25,0.1,0.15,Emmen
Eerste Divisie,23/24,1283,353149,DJ Buffonge,Attacking Midfield,25,0.1,0.15,-0.04999999999999999,Emmen
Eerste Divisie,23/24,1283,361071,Bradly van Hoeven,Left Winger,24,0.275,0.35,-0.07499999999999996,Emmen
Eerste Divisie,23/24,1283,538966,Chardi Landu,Left Winger,23,0.15,0.1,0.04999999999999999,Emmen
Eerste Divisie,23/24,1283,387996,Rui Mendes,Right Winger,24,0.6,0.7,-0.09999999999999998,Emmen
Eerste Divisie,23/24,1283,412954,Vicente Besuijen,Right Winger,23,0.5,0.6,-0.09999999999999998,Emmen
Eerste Divisie,23/24,1283,315140,Joey Konings,Centre-Forward,26,0.325,0.375,-0.04999999999999999,Emmen
Eerste Divisie,23/24,1283,583816,Maarten Pouwels,Centre-Forward,25,0.25,0.25,0.0,Emmen
Eerste Divisie,23/24,404,328874,Joey Roggeveen,Goalkeeper,26,0.1,0.1,0.0,Den Bosch
Eerste Divisie,23/24,404,1013923,Lars Vrolijks,Goalkeeper,19,0.025,0.025,0.0,Den Bosch
Eerste Divisie,23/24,404,633124,Teun van Grunsven,Centre-Back,24,0.3,0.25,0.04999999999999999,Den Bosch
Eerste Divisie,23/24,404,417827,Victor van den Bogert,Centre-Back,24,0.275,0.275,0.0,Den Bosch
Eerste Divisie,23/24,404,577462,Stan Maas,Centre-Back,23,0.2,0.075,0.125,Den Bosch
Eerste Divisie,23/24,404,639974,Nick de Groot,Left-Back,22,0.3,0.075,0.22499999999999998,Den Bosch
Eerste Divisie,23/24,404,469084,Rik Mulders,Right-Back,23,0.45,0.3,0.15000000000000002,Den Bosch
Eerste Divisie,23/24,404,362276,Faris Hammouti,Right-Back,27,0.225,0.25,-0.024999999999999994,Den Bosch
Eerste Divisie,23/24,404,530891,Dennis Gyamfi,Right-Back,22,0.175,0.05,0.12499999999999999,Den Bosch
Eerste Divisie,23/24,404,228370,Gedion Zelalem,Defensive Midfield,27,0.3,0.15,0.15,Den Bosch
Eerste Divisie,23/24,404,436583,Steven van der Heijden,Defensive Midfield,25,0.225,0.275,-0.05000000000000002,Den Bosch
Eerste Divisie,23/24,404,596180,Yuya Ikeshita,Central Midfield,22,0.225,0.275,-0.05000000000000002,Den Bosch
Eerste Divisie,23/24,404,430817,Anass Ahannach,Attacking Midfield,26,0.275,0.4,-0.125,Den Bosch
Eerste Divisie,23/24,404,892983,Ryan Leijten,Attacking Midfield,20,0.175,0.25,-0.07500000000000001,Den Bosch
Eerste Divisie,23/24,404,99508,Danny Verbeek,Attacking Midfield,33,0.15,0.25,-0.1,Den Bosch
Eerste Divisie,23/24,404,697898,Vieiri Kotzebue,Left Winger,21,0.15,0.075,0.075,Den Bosch
Eerste Divisie,23/24,404,633258,Tomas Kalinauskas,Left Winger,24,0.125,0.1,0.024999999999999994,Den Bosch
Eerste Divisie,23/24,404,682252,Sebastiaan van Bakel,Left Winger,23,0.1,0.15,-0.04999999999999999,Den Bosch
Eerste Divisie,23/24,642,514287,Thijs Jansen,Goalkeeper,22,0.45,0.45,0.0,De Graafschap
Eerste Divisie,23/24,642,436061,Mees Bakker,Goalkeeper,23,0.225,0.1,0.125,De Graafschap
Eerste Divisie,23/24,642,587606,Ties Wieggers,Goalkeeper,21,0.025,0.025,0.0,De Graafschap
Eerste Divisie,23/24,642,559334,Rio Hillen,Centre-Back,21,0.5,0.4,0.09999999999999998,De Graafschap
Eerste Divisie,23/24,642,226026,Xandro Schenk,Centre-Back,31,0.4,0.2,0.2,De Graafschap
Eerste Divisie,23/24,642,663649,Joran Hardeman,Centre-Back,22,0.3,0.025,0.27499999999999997,De Graafschap
Eerste Divisie,23/24,642,324702,Jan Lammers,Centre-Back,29,0.2,0.3,-0.09999999999999998,De Graafschap
Eerste Divisie,23/24,642,805451,Maas Willemsen,Centre-Back,21,0.125,0.025,0.1,De Graafschap
Eerste Divisie,23/24,642,746974,Levi Schoppema,Left-Back,20,0.2,0.025,0.17500000000000002,De Graafschap
Eerste Divisie,23/24,642,38003,Alexander Büttner,Left-Back,35,0.175,0.3,-0.125,De Graafschap
Eerste Divisie,23/24,642,102660,Jeffry Fortes,Right-Back,35,0.175,0.35,-0.175,De Graafschap
Eerste Divisie,23/24,642,935210,Jim van der Logt,Right-Back,20,0.025,0.025,0.0,De Graafschap
Eerste Divisie,23/24,642,900072,Philip Brittijn,Defensive Midfield,20,0.65,0.5,0.15000000000000002,De Graafschap
Eerste Divisie,23/24,642,508636,Donny Warmerdam,Defensive Midfield,22,0.5,0.25,0.25,De Graafschap
Eerste Divisie,23/24,642,129543,Lion Kaak,Defensive Midfield,33,0.175,0.3,-0.125,De Graafschap
Eerste Divisie,23/24,642,579756,Simon Colyn,Attacking Midfield,22,0.6,0.4,0.19999999999999996,De Graafschap
Eerste Divisie,23/24,642,793702,Tristan van Gilst,Attacking Midfield,21,0.25,0.025,0.225,De Graafschap
Eerste Divisie,23/24,642,746976,Anis Yadir,Attacking Midfield,19,0.15,0.025,0.125,De Graafschap
Eerste Divisie,23/24,642,864112,Başar Önal,Left Winger,19,1.0,0.4,0.6,De Graafschap
Eerste Divisie,23/24,642,216815,Mimoun Mahi,Left Winger,30,0.4,0.7,-0.29999999999999993,De Graafschap
Eerste Divisie,23/24,642,653724,Ezra van der Heiden,Right Winger,20,0.075,0.025,0.049999999999999996,De Graafschap
Eerste Divisie,23/24,642,704771,Devin Haen,Centre-Forward,20,0.4,0.3,0.10000000000000003,De Graafschap
Eerste Divisie,23/24,1426,426142,Jan de Boer,Goalkeeper,24,0.25,0.075,0.175,VVV-Venlo
Eerste Divisie,23/24,1426,159143,Delano van Crooij,Goalkeeper,33,0.225,0.2,0.024999999999999994,VVV-Venlo
Eerste Divisie,23/24,1426,554422,Jens Craenmehr,Goalkeeper,22,0.05,0.05,0.0,VVV-Venlo
Eerste Divisie,23/24,1426,309843,Rick Ketting,Centre-Back,28,0.425,0.4,0.024999999999999967,VVV-Venlo
Eerste Divisie,23/24,1426,786426,Dylan Timber,Centre-Back,24,0.2,0.025,0.17500000000000002,VVV-Venlo
Eerste Divisie,23/24,1426,168787,Roel Janssen,Centre-Back,34,0.15,0.2,-0.05000000000000002,VVV-Venlo
Eerste Divisie,23/24,1426,675981,Stan Henderikx,Centre-Back,20,0.125,0.025,0.1,VVV-Venlo
Eerste Divisie,23/24,1426,515388,Sem Dirks,Centre-Back,23,0.125,0.2,-0.07500000000000001,VVV-Venlo
Eerste Divisie,23/24,1426,457092,Simon Janssen,Left-Back,23,0.55,0.425,0.12500000000000006,VVV-Venlo
Eerste Divisie,23/24,1426,361078,Robin Lathouwers,Right-Back,24,0.225,0.15,0.07500000000000001,VVV-Venlo
Eerste Divisie,23/24,1426,187296,Moreno Rutten,Right-Back,31,0.2,0.325,-0.125,VVV-Venlo
Eerste Divisie,23/24,1426,618343,Joep Kluskens,Defensive Midfield,21,0.25,0.1,0.15,VVV-Venlo
Eerste Divisie,23/24,1426,187288,Robert Klaasen,Defensive Midfield,30,0.2,0.325,-0.125,VVV-Venlo
Eerste Divisie,23/24,1426,409514,Elias Sierra,Central Midfield,22,0.45,0.25,0.2,VVV-Venlo
Eerste Divisie,23/24,1426,339080,Richard Sedlacek,Central Midfield,25,0.275,0.3,-0.024999999999999967,VVV-Venlo
Eerste Divisie,23/24,1426,918365,Levi Smans,Attacking Midfield,21,0.75,0.3,0.45,VVV-Venlo
Eerste Divisie,23/24,1426,508643,Soulyman Allouch,Left Winger,22,0.5,0.5,0.0,VVV-Venlo
Eerste Divisie,23/24,1426,675979,Thijme Verheijen,Left Winger,21,0.25,0.25,0.0,VVV-Venlo
Eerste Divisie,23/24,1426,258335,Martijn Berden,Right Winger,26,0.3,0.3,0.0,VVV-Venlo
Eerste Divisie,23/24,1426,514280,Pepijn Doesburg,Centre-Forward,23,0.225,0.075,0.15000000000000002,VVV-Venlo
Eerste Divisie,23/24,3892,736097,Jort Borgmans,Goalkeeper,21,0.125,0.05,0.075,Eindhoven
Eerste Divisie,23/24,3892,355860,Maarten Peijnenburg,Centre-Back,27,0.35,0.475,-0.125,Eindhoven
Eerste Divisie,23/24,3892,341678,Collin Seedorf,Centre-Back,29,0.325,0.35,-0.024999999999999967,Eindhoven
Eerste Divisie,23/24,3892,451297,Luuk Wouters,Centre-Back,25,0.3,0.175,0.125,Eindhoven
Eerste Divisie,23/24,3892,170720,Mawouna Amevor,Centre-Back,32,0.25,0.4,-0.15000000000000002,Eindhoven
Eerste Divisie,23/24,3892,504078,Rodrigo Rêgo,Centre-Back,22,0.125,0.225,-0.1,Eindhoven
Eerste Divisie,23/24,3892,576682,Jasper Dahlhaus,Left-Back,22,0.45,0.5,-0.04999999999999999,Eindhoven
Eerste Divisie,23/24,3892,486347,Tibo Persyn,Right-Back,22,0.35,0.7,-0.35,Eindhoven
Eerste Divisie,23/24,3892,415085,Justin Ogenia,Right-Back,25,0.275,0.2,0.07500000000000001,Eindhoven
Eerste Divisie,23/24,3892,288256,Sven van Doorm,Defensive Midfield,27,0.3,0.35,-0.04999999999999999,Eindhoven
Eerste Divisie,23/24,3892,640566,Dyon Dorenbosch,Central Midfield,21,0.4,0.025,0.375,Eindhoven
Eerste Divisie,23/24,3892,746987,Sven Simons,Central Midfield,20,0.4,0.025,0.375,Eindhoven
Eerste Divisie,23/24,3892,585317,Yassine Azzagari,Central Midfield,22,0.1,0.225,-0.125,Eindhoven
Eerste Divisie,23/24,3892,380118,Ozan Kökcü,Attacking Midfield,25,0.55,0.35,0.20000000000000007,Eindhoven
Eerste Divisie,23/24,3892,548937,Evan Rottier,Attacking Midfield,22,0.475,0.35,0.125,Eindhoven
Eerste Divisie,23/24,3892,207043,Joey Sleegers,Left Winger,29,0.4,0.55,-0.15000000000000002,Eindhoven
Eerste Divisie,23/24,3892,578402,Pjotr Kestens,Left Winger,22,0.15,0.2,-0.05000000000000002,Eindhoven
Eerste Divisie,23/24,3892,664808,August Priske,Centre-Forward,20,0.2,0.15,0.05000000000000002,Eindhoven
Eerste Divisie,23/24,3892,211331,Mart Lieder,Centre-Forward,34,0.1,0.2,-0.1,Eindhoven
Eerste Divisie,23/24,500,159896,Wouter van der Steen,Goalkeeper,34,0.25,0.425,-0.175,Helmond Sport
Eerste Divisie,23/24,500,535741,Robin Mantel,Goalkeeper,23,0.05,0.075,-0.024999999999999994,Helmond Sport
Eerste Divisie,23/24,500,456335,Flor Van den Eynden,Centre-Back,23,0.375,0.325,0.04999999999999999,Helmond Sport
Eerste Divisie,23/24,500,422407,Gabriël Culhaci,Left-Back,24,0.3,0.275,0.024999999999999967,Helmond Sport
Eerste Divisie,23/24,500,429929,Bryan van Hove,Left-Back,24,0.25,0.225,0.024999999999999994,Helmond Sport
Eerste Divisie,23/24,500,203940,Bram van Vlerken,Right-Back,28,0.35,0.325,0.024999999999999967,Helmond Sport
Eerste Divisie,23/24,500,494282,Mees Kreekels,Right-Back,22,0.25,0.175,0.07500000000000001,Helmond Sport
Eerste Divisie,23/24,500,195359,Doke Schmidt,Right-Back,32,0.2,0.275,-0.07500000000000001,Helmond Sport
Eerste Divisie,23/24,500,272707,Elmo Lieftink,Defensive Midfield,30,0.225,0.45,-0.225,Helmond Sport
Eerste Divisie,23/24,500,805491,Lucas Vankerkhoven,Defensive Midfield,22,0.15,0.125,0.024999999999999994,Helmond Sport
Eerste Divisie,23/24,500,158540,Michael Chacón,Defensive Midfield,30,0.15,0.4,-0.25,Helmond Sport
Eerste Divisie,23/24,500,490385,Mohammed Amin Doudah,Central Midfield,21,0.35,0.35,0.0,Helmond Sport
Eerste Divisie,23/24,500,159375,Joeri Schroijen,Left Winger,33,0.15,0.2,-0.05000000000000002,Helmond Sport
Eerste Divisie,23/24,500,371980,Mohamed Mallahi,Right Winger,24,0.25,0.275,-0.025000000000000022,Helmond Sport
Eerste Divisie,23/24,500,381974,Arno Van Keilegom,Right Winger,25,0.225,0.275,-0.05000000000000002,Helmond Sport
Eerste Divisie,23/24,500,123521,Peter van Ooijen,Right Winger,32,0.15,0.375,-0.225,Helmond Sport
Eerste Divisie,23/24,500,377729,Martijn Kaars,Centre-Forward,25,0.65,0.4,0.25,Helmond Sport
Eerste Divisie,23/24,500,269502,Håkon Lorentzen,Centre-Forward,26,0.275,0.25,0.025000000000000022,Helmond Sport
Eerste Divisie,23/24,384,538073,Romain Matthys,Goalkeeper,25,0.4,0.4,0.0,MVV
Eerste Divisie,23/24,384,548806,Thijs Lambrix,Goalkeeper,22,0.075,0.025,0.049999999999999996,MVV
Eerste Divisie,23/24,384,58359,Özgür Aktaş,Centre-Back,27,0.4,0.325,0.07500000000000001,MVV
Eerste Divisie,23/24,384,698082,Bryant Nieling,Centre-Back,21,0.3,0.025,0.27499999999999997,MVV
Eerste Divisie,23/24,384,844506,Lars Schenk,Left-Back,22,0.275,0.175,0.10000000000000003,MVV
Eerste Divisie,23/24,384,163665,Leroy Labylle,Left-Back,33,0.125,0.15,-0.024999999999999994,MVV
Eerste Divisie,23/24,384,595700,Tim Zeegers,Right-Back,24,0.175,0.175,0.0,MVV
Eerste Divisie,23/24,384,364246,Nicky Souren,Defensive Midfield,24,0.5,0.4,0.09999999999999998,MVV
Eerste Divisie,23/24,384,714078,Marko Kleinen,Central Midfield,22,0.4,0.25,0.15000000000000002,MVV
Eerste Divisie,23/24,384,957322,Nabil El Basri,Central Midfield,20,0.325,0.025,0.3,MVV
Eerste Divisie,23/24,384,944065,Saul Penders,Central Midfield,21,0.1,0.075,0.02500000000000001,MVV
Eerste Divisie,23/24,384,415989,Mart Remans,Attacking Midfield,26,0.325,0.3,0.025000000000000022,MVV
Eerste Divisie,23/24,384,594240,Tunahan Taşçı,Right Winger,22,0.3,0.15,0.15,MVV
Eerste Divisie,23/24,384,453121,Koen Kostons,Centre-Forward,24,0.75,0.5,0.25,MVV
Eerste Divisie,23/24,384,676411,Dailon Livramento,Centre-Forward,23,0.5,0.05,0.45,MVV
Eerste Divisie,23/24,1228,206743,Mike Havekotte,Goalkeeper,28,0.3,0.3,0.0,TOP Oss
Eerste Divisie,23/24,1228,401029,Roshon van Eijma,Centre-Back,26,0.35,0.3,0.04999999999999999,TOP Oss
Eerste Divisie,23/24,1228,547312,Xander Lambrix,Centre-Back,24,0.325,0.35,-0.024999999999999967,TOP Oss
Eerste Divisie,23/24,1228,266414,Lars Nieuwpoort,Centre-Back,29,0.225,0.175,0.05000000000000002,TOP Oss
Eerste Divisie,23/24,1228,554395,Vasileios Pavlidis,Centre-Back,21,0.15,0.15,0.0,TOP Oss
Eerste Divisie,23/24,1228,113996,Calvin Mac-Intosch,Centre-Back,34,0.125,0.2,-0.07500000000000001,TOP Oss
Eerste Divisie,23/24,1228,557412,Guus Gertsen,Centre-Back,21,0.025,0.025,0.0,TOP Oss
Eerste Divisie,23/24,1228,594277,Jonathan Mulder,Left-Back,22,0.275,0.2,0.07500000000000001,TOP Oss
Eerste Divisie,23/24,1228,502132,Ilounga Pata,Right-Back,23,0.275,0.2,0.07500000000000001,TOP Oss
Eerste Divisie,23/24,1228,618036,Joshua Eijgenraam,Defensive Midfield,22,0.225,0.3,-0.07499999999999998,TOP Oss
Eerste Divisie,23/24,1228,299121,Rick Dekker,Defensive Midfield,29,0.2,0.4,-0.2,TOP Oss
Eerste Divisie,23/24,1228,514283,Ömer Gündüz,Defensive Midfield,23,0.075,0.175,-0.09999999999999999,TOP Oss
Eerste Divisie,23/24,1228,591879,Sven Zitman,Central Midfield,22,0.15,0.1,0.04999999999999999,TOP Oss
Eerste Divisie,23/24,1228,524033,Thijs van Leeuwen,Attacking Midfield,22,0.25,0.2,0.04999999999999999,TOP Oss
Eerste Divisie,23/24,1228,234910,Giovanni Korte,Right Winger,30,0.25,0.4,-0.15000000000000002,TOP Oss
Eerste Divisie,23/24,1228,565019,Arthur Allemeersch,Centre-Forward,22,0.275,0.15,0.12500000000000003,TOP Oss
Eerste Divisie,23/24,1228,435088,Delano Ladan,Centre-Forward,24,0.15,0.175,-0.024999999999999994,TOP Oss
Eerste Divisie,23/24,1434,271549,Ronald Koeman Jr.,Goalkeeper,29,0.275,0.2,0.07500000000000001,Telstar
Eerste Divisie,23/24,1434,471797,Joey Houweling,Goalkeeper,24,0.1,0.075,0.02500000000000001,Telstar
Eerste Divisie,23/24,1434,250440,Danny Bakker,Centre-Back,29,0.325,0.55,-0.22500000000000003,Telstar
Eerste Divisie,23/24,1434,347038,Thomas Oude Kotte,Centre-Back,28,0.3,0.3,0.0,Telstar
Eerste Divisie,23/24,1434,748604,Devon Koswal,Centre-Back,20,0.2,0.1,0.1,Telstar
Eerste Divisie,23/24,1434,520102,Jorginho Soares,Centre-Back,24,0.15,0.05,0.09999999999999999,Telstar
Eerste Divisie,23/24,1434,113872,Mitch Apau,Centre-Back,34,0.125,0.15,-0.024999999999999994,Telstar
Eerste Divisie,23/24,1434,533172,Jay Kruiver,Right-Back,23,0.225,0.15,0.07500000000000001,Telstar
Eerste Divisie,23/24,1434,438689,Robin Polley,Right-Back,25,0.125,0.125,0.0,Telstar
Eerste Divisie,23/24,1434,767840,Yaël Liesdek,Right-Back,22,0.125,0.2,-0.07500000000000001,Telstar
Eerste Divisie,23/24,1434,404694,Mees Kaandorp,Central Midfield,26,0.225,0.275,-0.05000000000000002,Telstar
Eerste Divisie,23/24,1434,124889,Tom Overtoom,Central Midfield,33,0.15,0.175,-0.024999999999999994,Telstar
Eerste Divisie,23/24,1434,779754,Jayden Turfkruier,Left Midfield,21,0.325,0.15,0.17500000000000002,Telstar
Eerste Divisie,23/24,1434,512993,Christos Giousis,Left Winger,25,0.325,0.6,-0.27499999999999997,Telstar
Eerste Divisie,23/24,1434,410719,Alex Plat,Left Winger,26,0.3,0.325,-0.025000000000000022,Telstar
Eerste Divisie,23/24,1434,473170,Cain Seedorf,Left Winger,24,0.25,0.2,0.04999999999999999,Telstar
Eerste Divisie,23/24,1434,476648,Yahya Boussakou,Right Winger,24,0.1,0.125,-0.024999999999999994,Telstar
Eerste Divisie,23/24,1434,186282,Danzell Gravenberch,Centre-Forward,30,0.2,0.25,-0.04999999999999999,Telstar
Eerste Divisie,23/24,1434,412958,Mohammed Tahiri,Centre-Forward,23,0.15,0.175,-0.024999999999999994,Telstar
Eerste Divisie,23/24,1434,699758,Quinten van den Heerik,Centre-Forward,22,0.1,0.05,0.05,Telstar
Eerste Divisie,24/25,9715,333640,Joël Drommel,Goalkeeper,28,1.5,2.5,-1.0,Jong PSV
Eerste Divisie,24/25,9715,654919,Kjell Peersman,Goalkeeper,21,0.5,0.3,0.2,Jong PSV
Eerste Divisie,24/25,9715,723005,Niek Schiks,Goalkeeper,21,0.25,0.25,0.0,Jong PSV
Eerste Divisie,24/25,9715,729011,Roy Steur,Goalkeeper,20,0.15,0.175,-0.024999999999999994,Jong PSV
Eerste Divisie,24/25,9715,720805,Tijn Smolenaars,Goalkeeper,20,0.1,0.075,0.02500000000000001,Jong PSV
Eerste Divisie,24/25,9715,339337,Armando Obispo,Centre-Back,26,3.0,3.5,-0.5,Jong PSV
Eerste Divisie,24/25,9715,738481,Emmanuel van de Blaak,Centre-Back,20,0.45,0.45,0.0,Jong PSV
Eerste Divisie,24/25,9715,765027,Muhlis Dağaşan,Centre-Back,20,0.25,0.175,0.07500000000000001,Jong PSV
Eerste Divisie,24/25,9715,654918,Matteo Dams,Left-Back,21,4.5,0.35,4.15,Jong PSV
Eerste Divisie,24/25,9715,539665,Fredrik Oppegård,Left-Back,22,0.6,0.6,0.0,Jong PSV
Eerste Divisie,24/25,9715,575367,Richard Ledezma,Right-Back,24,3.0,0.9,2.1,Jong PSV
Eerste Divisie,24/25,9715,816974,Tygo Land,Defensive Midfield,19,2.0,3.0,-1.0,Jong PSV
Eerste Divisie,24/25,9715,910493,Enzo Geerts,Defensive Midfield,20,0.25,0.2,0.04999999999999999,Jong PSV
Eerste Divisie,24/25,9715,775980,Tim van den Heuvel,Central Midfield,20,0.3,0.25,0.04999999999999999,Jong PSV
Eerste Divisie,24/25,9715,813437,Isaac Babadi,Attacking Midfield,20,3.0,6.0,-3.0,Jong PSV
Eerste Divisie,24/25,9715,1019468,Dantaye Gilbert,Attacking Midfield,20,0.25,0.25,0.0,Jong PSV
Eerste Divisie,24/25,9715,646673,Iggy Houben,Attacking Midfield,20,0.1,0.225,-0.125,Jong PSV
Eerste Divisie,24/25,9715,593837,Couhaib Driouech,Left Winger,23,4.0,4.0,0.0,Jong PSV
Eerste Divisie,24/25,9715,775978,Emir Bars,Left Winger,20,0.325,0.325,0.0,Jong PSV
Eerste Divisie,24/25,9715,646669,Jamal Gonzaga,Left Winger,20,0.1,0.15,-0.04999999999999999,Jong PSV
Eerste Divisie,24/25,9715,565424,Johan Bakayoko,Right Winger,22,30.0,45.0,-15.0,Jong PSV
Eerste Divisie,24/25,9715,921345,Tay Abed,Right Winger,20,0.75,0.25,0.5,Jong PSV
Eerste Divisie,24/25,9715,738492,Jevon Simons,Right Winger,19,0.3,0.6,-0.3,Jong PSV
Eerste Divisie,24/25,9715,627207,Ricardo Pepi,Centre-Forward,22,16.0,12.0,4.0,Jong PSV
Eerste Divisie,24/25,9715,746988,Jesper Uneken,Centre-Forward,20,0.6,0.5,0.09999999999999998,Jong PSV
Eerste Divisie,24/25,9715,594039,Fodé Fofana,Centre-Forward,22,0.2,0.35,-0.14999999999999997,Jong PSV
Eerste Divisie,24/25,8817,448705,Diant Ramaj,Goalkeeper,23,7.0,18.0,-11.0,Jong Ajax
Eerste Divisie,24/25,8817,635129,Charlie Setford,Goalkeeper,21,0.4,0.6,-0.19999999999999996,Jong Ajax
Eerste Divisie,24/25,8817,662131,Ahmetcan Kaplan,Centre-Back,22,5.0,10.0,-5.0,Jong Ajax
Eerste Divisie,24/25,8817,765743,Dies Janse,Centre-Back,19,0.9,0.3,0.6000000000000001,Jong Ajax
Eerste Divisie,24/25,8817,891835,Nick Verschuren,Centre-Back,20,0.4,0.3,0.10000000000000003,Jong Ajax
Eerste Divisie,24/25,8817,819211,Ethan Butera,Left-Back,19,0.7,0.8,-0.10000000000000009,Jong Ajax
Eerste Divisie,24/25,8817,720791,Olivier Aertssen,Right-Back,20,0.75,0.6,0.15000000000000002,Jong Ajax
Eerste Divisie,24/25,8817,749618,Diyae Jermoumi,Right-Back,20,0.2,0.275,-0.07500000000000001,Jong Ajax
Eerste Divisie,24/25,8817,559324,Youri Regeer,Defensive Midfield,21,6.0,3.5,2.5,Jong Ajax
Eerste Divisie,24/25,8817,510310,Sivert Mannsverk,Defensive Midfield,23,4.0,6.0,-2.0,Jong Ajax
Eerste Divisie,24/25,8817,738476,Silvano Vos,Defensive Midfield,20,1.4,2.5,-1.1,Jong Ajax
Eerste Divisie,24/25,8817,787907,Benjamin Tahirović,Central Midfield,22,3.0,5.0,-2.0,Jong Ajax
Eerste Divisie,24/25,8817,646699,Julian Brandes,Central Midfield,21,0.35,0.4,-0.050000000000000044,Jong Ajax
Eerste Divisie,24/25,8817,646700,Nassef Chourak,Central Midfield,20,0.3,0.325,-0.025000000000000022,Jong Ajax
Eerste Divisie,24/25,8817,775243,Rida Chahid,Central Midfield,20,0.15,0.2,-0.05000000000000002,Jong Ajax
Eerste Divisie,24/25,8817,891854,Gerald Alders,Right Midfield,20,0.275,0.2,0.07500000000000001,Jong Ajax
Eerste Divisie,24/25,8817,694186,Kristian Hlynsson,Attacking Midfield,21,4.0,7.0,-3.0,Jong Ajax
Eerste Divisie,24/25,8817,706889,Jaydon Banel,Left Winger,20,1.0,1.2,-0.19999999999999996,Jong Ajax
Eerste Divisie,24/25,8817,704773,Amourricho van Axel Dongen,Left Winger,20,0.4,0.6,-0.19999999999999996,Jong Ajax
Eerste Divisie,24/25,8817,738474,David Kalokoh,Left Winger,20,0.25,0.3,-0.04999999999999999,Jong Ajax
Eerste Divisie,24/25,8817,610429,Christian Rasmussen,Right Winger,22,1.5,2.0,-0.5,Jong Ajax
Eerste Divisie,24/25,8817,672647,Rico Speksnijder,Right Winger,20,0.2,0.2,0.0,Jong Ajax
Eerste Divisie,24/25,8817,705831,Yoram Boerhout,Right Winger,20,0.2,0.2,0.0,Jong Ajax
Eerste Divisie,24/25,8817,720799,Julian Rijkhoff,Centre-Forward,20,0.65,1.5,-0.85,Jong Ajax
Eerste Divisie,24/25,11368,704772,Rome-Jayden Owusu-Oduro,Goalkeeper,20,6.0,0.9,5.1,Jong AZ
Eerste Divisie,24/25,11368,738514,Tristan Kuijsten,Goalkeeper,20,0.3,0.3,0.0,Jong AZ
Eerste Divisie,24/25,11368,116471,Hobie Verhulst,Goalkeeper,32,0.2,0.4,-0.2,Jong AZ
Eerste Divisie,24/25,11368,595935,Sem Westerveld,Goalkeeper,22,0.2,0.4,-0.2,Jong AZ
Eerste Divisie,24/25,11368,635371,Daniël Deen,Goalkeeper,22,0.125,0.15,-0.024999999999999994,Jong AZ
Eerste Divisie,24/25,11368,820331,Arouna Kabba,Goalkeeper,20,0.05,0.05,0.0,Jong AZ
Eerste Divisie,24/25,11368,646704,Maxim Dekker,Centre-Back,21,1.0,0.8,0.19999999999999996,Jong AZ
Eerste Divisie,24/25,11368,801031,Lewis Schouten,Centre-Back,21,0.4,0.6,-0.19999999999999996,Jong AZ
Eerste Divisie,24/25,11368,595937,Jorn Berkhout,Centre-Back,23,0.3,0.2,0.09999999999999998,Jong AZ
Eerste Divisie,24/25,11368,595936,Misha Engel,Centre-Back,22,0.25,0.25,0.0,Jong AZ
Eerste Divisie,24/25,11368,1008564,Billy van Duijl,Centre-Back,19,0.2,0.1,0.1,Jong AZ
Eerste Divisie,24/25,11368,929132,Jeremiah Esajas,Left-Back,20,0.225,0.15,0.07500000000000001,Jong AZ
Eerste Divisie,24/25,11368,577394,Denso Kasius,Right-Back,22,4.0,2.0,2.0,Jong AZ
Eerste Divisie,24/25,11368,646705,Sem Dekkers,Right-Back,21,0.25,0.3,-0.04999999999999999,Jong AZ
Eerste Divisie,24/25,11368,653510,Jurre van Aken,Right-Back,22,0.225,0.325,-0.1,Jong AZ
Eerste Divisie,24/25,11368,801029,Enoch Mastoras,Defensive Midfield,19,0.5,0.5,0.0,Jong AZ
Eerste Divisie,24/25,11368,675623,Job Kalisvaart,Defensive Midfield,21,0.35,0.1,0.24999999999999997,Jong AZ
Eerste Divisie,24/25,11368,702447,Nick Twisk,Defensive Midfield,22,0.2,0.15,0.05000000000000002,Jong AZ
Eerste Divisie,24/25,11368,595940,Zico Buurmeester,Central Midfield,23,3.5,0.7,2.8,Jong AZ
Eerste Divisie,24/25,11368,747017,Dave Kwakman,Central Midfield,20,2.0,0.7,1.3,Jong AZ
Eerste Divisie,24/25,11368,859035,Kees Smit,Attacking Midfield,19,5.0,0.8,4.2,Jong AZ
Eerste Divisie,24/25,11368,735701,Ruben van Bommel,Left Winger,20,8.0,5.0,3.0,Jong AZ
Eerste Divisie,24/25,11368,800995,Ro-Zangelo Daal,Left Winger,21,0.75,0.5,0.25,Jong AZ
Eerste Divisie,24/25,11368,718303,Ernest Poku,Right Winger,21,4.0,1.3,2.7,Jong AZ
Eerste Divisie,24/25,11368,747720,Jayden Addai,Right Winger,19,1.5,1.0,0.5,Jong AZ
Eerste Divisie,24/25,11368,727211,Jayen Gerold,Right Winger,21,0.25,0.1,0.15,Jong AZ
Eerste Divisie,24/25,11368,678546,Mexx Meerdink,Centre-Forward,21,8.0,0.9,7.1,Jong AZ
Eerste Divisie,24/25,11368,728864,Lequincio Zeefuik,Centre-Forward,20,0.85,1.0,-0.15000000000000002,Jong AZ
Eerste Divisie,24/25,17596,729010,Tom de Graaff,Goalkeeper,20,0.3,0.4,-0.10000000000000003,Jong Utrecht
Eerste Divisie,24/25,17596,802540,Andreas Dithmer,Goalkeeper,19,0.2,0.2,0.0,Jong Utrecht
Eerste Divisie,24/25,17596,607133,Kevin Gadellaa,Goalkeeper,22,0.15,0.2,-0.05000000000000002,Jong Utrecht
Eerste Divisie,24/25,17596,931018,Wessel Kooy,Centre-Back,20,0.35,0.35,0.0,Jong Utrecht
Eerste Divisie,24/25,17596,691975,Joshua Mukeh,Centre-Back,22,0.25,0.35,-0.09999999999999998,Jong Utrecht
Eerste Divisie,24/25,17596,775244,Neal Viereck,Centre-Back,21,0.25,0.15,0.1,Jong Utrecht
Eerste Divisie,24/25,17596,670824,Michel Driezen,Centre-Back,21,0.1,0.1,0.0,Jong Utrecht
Eerste Divisie,24/25,17596,682562,Björn Hardley,Centre-Back,22,0.1,0.15,-0.04999999999999999,Jong Utrecht
Eerste Divisie,24/25,17596,937571,Per Kloosterboer,Centre-Back,20,0.1,0.05,0.05,Jong Utrecht
Eerste Divisie,24/25,17596,940072,Nazjir Held,Left-Back,19,0.35,0.4,-0.050000000000000044,Jong Utrecht
Eerste Divisie,24/25,17596,848494,Jesper van Riel,Left-Back,20,0.15,0.05,0.09999999999999999,Jong Utrecht
Eerste Divisie,24/25,17596,931021,Sil van der Wegen,Right-Back,20,0.325,0.25,0.07500000000000001,Jong Utrecht
Eerste Divisie,24/25,17596,613449,Rickson van Hees,Right-Back,23,0.3,0.25,0.04999999999999999,Jong Utrecht
Eerste Divisie,24/25,17596,653729,Achraf Boumenjal,Right-Back,22,0.1,0.125,-0.024999999999999994,Jong Utrecht
Eerste Divisie,24/25,17596,685657,Silas Andersen,Defensive Midfield,21,0.7,0.4,0.29999999999999993,Jong Utrecht
Eerste Divisie,24/25,17596,559325,Gibson Yah,Defensive Midfield,21,0.3,0.4,-0.10000000000000003,Jong Utrecht
Eerste Divisie,24/25,17596,940095,Nordin Bukala,Defensive Midfield,19,0.275,0.1,0.17500000000000002,Jong Utrecht
Eerste Divisie,24/25,17596,738475,Oualid Agougil,Defensive Midfield,19,0.25,0.4,-0.15000000000000002,Jong Utrecht
Eerste Divisie,24/25,17596,610428,Oscar Fraulo,Central Midfield,21,3.5,3.0,0.5,Jong Utrecht
Eerste Divisie,24/25,17596,656796,Ivar Jenner,Central Midfield,21,0.3,0.35,-0.04999999999999999,Jong Utrecht
Eerste Divisie,24/25,17596,795738,Paxten Aaronson,Attacking Midfield,21,8.0,4.5,3.5,Jong Utrecht
Eerste Divisie,24/25,17596,738479,Rafik El Arguioui,Attacking Midfield,19,0.35,0.2,0.14999999999999997,Jong Utrecht
Eerste Divisie,24/25,17596,875581,Adrian Blake,Left Winger,19,0.75,0.5,0.25,Jong Utrecht
Eerste Divisie,24/25,17596,775994,Lynden Edhart,Left Winger,19,0.3,0.3,0.0,Jong Utrecht
Eerste Divisie,24/25,17596,723008,Miliano Jonathans,Right Winger,21,0.9,0.35,0.55,Jong Utrecht
Eerste Divisie,24/25,17596,926975,Emil Rohd,Right Winger,20,0.25,0.2,0.04999999999999999,Jong Utrecht
Eerste Divisie,24/25,17596,814835,Mees Akkerman,Right Winger,20,0.2,0.15,0.05000000000000002,Jong Utrecht
Eerste Divisie,24/25,17596,565434,Anthony Descotte,Centre-Forward,21,0.65,0.5,0.15000000000000002,Jong Utrecht
Eerste Divisie,24/25,798,485588,Calvin Raatsie,Goalkeeper,23,0.7,0.4,0.29999999999999993,Excelsior
Eerste Divisie,24/25,798,796490,Pascal Kuiper,Goalkeeper,21,0.075,0.075,0.0,Excelsior
Eerste Divisie,24/25,798,605395,Casper Widell,Centre-Back,22,0.8,0.7,0.10000000000000009,Excelsior
Eerste Divisie,24/25,798,361207,Kik Pierie,Centre-Back,24,0.7,0.8,-0.10000000000000009,Excelsior
Eerste Divisie,24/25,798,618038,Serano Seymor,Centre-Back,23,0.275,0.35,-0.07499999999999996,Excelsior
Eerste Divisie,24/25,798,288449,Django Warmerdam,Left-Back,29,0.45,0.65,-0.2,Excelsior
Eerste Divisie,24/25,798,491292,Ilias Bronkhorst,Right-Back,28,0.5,0.35,0.15000000000000002,Excelsior
Eerste Divisie,24/25,798,496873,Xander Blomme,Defensive Midfield,23,0.45,0.55,-0.10000000000000003,Excelsior
Eerste Divisie,24/25,798,618036,Joshua Eijgenraam,Defensive Midfield,23,0.25,0.225,0.024999999999999994,Excelsior
Eerste Divisie,24/25,798,608889,Mathijs Tielemans,Central Midfield,23,0.6,0.8,-0.20000000000000007,Excelsior
Eerste Divisie,24/25,798,595238,Lennard Hartjes,Central Midfield,22,0.5,0.5,0.0,Excelsior
Eerste Divisie,24/25,798,536477,Arthur Zagré,Left Midfield,23,0.9,1.3,-0.4,Excelsior
Eerste Divisie,24/25,798,378316,Lance Duijvestijn,Attacking Midfield,26,0.85,0.7,0.15000000000000002,Excelsior
Eerste Divisie,24/25,798,578544,Noah Naujoks,Attacking Midfield,23,0.6,0.45,0.14999999999999997,Excelsior
Eerste Divisie,24/25,798,746838,Zach Booth,Left Winger,21,0.4,0.5,-0.09999999999999998,Excelsior
Eerste Divisie,24/25,798,553217,Jacky Donkor,Left Winger,26,0.4,0.225,0.17500000000000002,Excelsior
Eerste Divisie,24/25,798,806284,Rayvien Rosario,Left Winger,21,0.1,0.075,0.02500000000000001,Excelsior
Eerste Divisie,24/25,798,608407,Derensili Sanches Fernandes,Right Winger,24,0.6,0.45,0.14999999999999997,Excelsior
Eerste Divisie,24/25,798,585334,Oscar Uddenäs,Right Winger,22,0.35,0.65,-0.30000000000000004,Excelsior
Eerste Divisie,24/25,798,764863,Richie Omorowa,Centre-Forward,21,0.5,0.4,0.09999999999999998,Excelsior
Eerste Divisie,24/25,798,183397,Mike van Duinen,Centre-Forward,33,0.15,0.2,-0.05000000000000002,Excelsior
Eerste Divisie,24/25,1455,461963,Celton Biai,Goalkeeper,24,0.65,0.5,0.15000000000000002,Dordrecht
Eerste Divisie,24/25,1455,1026477,Tijn Baltussen,Goalkeeper,20,0.025,0.025,0.0,Dordrecht
Eerste Divisie,24/25,1455,685445,Bartłomiej Smolarczyk,Centre-Back,21,0.65,0.2,0.45,Dordrecht
Eerste Divisie,24/25,1455,497176,Jop van der Avert,Centre-Back,25,0.25,0.4,-0.15000000000000002,Dordrecht
Eerste Divisie,24/25,1455,469851,John Hilton,Left-Back,24,0.4,0.45,-0.04999999999999999,Dordrecht
Eerste Divisie,24/25,1455,703775,Chiel Olde Keizer,Left-Back,22,0.1,0.05,0.05,Dordrecht
Eerste Divisie,24/25,1455,313097,Léo Seydoux,Right-Back,27,0.325,0.4,-0.07500000000000001,Dordrecht
Eerste Divisie,24/25,1455,942960,Daniel van Vianen,Defensive Midfield,22,0.65,0.075,0.5750000000000001,Dordrecht
Eerste Divisie,24/25,1455,488296,Rocco Shein,Central Midfield,21,0.9,0.45,0.45,Dordrecht
Eerste Divisie,24/25,1455,264857,Jari Schuurman,Attacking Midfield,28,0.6,0.55,0.04999999999999993,Dordrecht
Eerste Divisie,24/25,1455,556870,Ben Scholte,Attacking Midfield,23,0.25,0.3,-0.04999999999999999,Dordrecht
Eerste Divisie,24/25,1455,697898,Vieiri Kotzebue,Left Winger,22,0.3,0.15,0.15,Dordrecht
Eerste Divisie,24/25,1455,470715,Joshua Pynadath,Left Winger,23,0.15,0.05,0.09999999999999999,Dordrecht
Eerste Divisie,24/25,1455,964251,Joseph Amuzu,Left Winger,20,0.15,0.3,-0.15,Dordrecht
Eerste Divisie,24/25,1455,975138,Korede Osundina,Right Winger,21,0.45,0.35,0.10000000000000003,Dordrecht
Eerste Divisie,24/25,1455,704771,Devin Haen,Centre-Forward,21,0.85,0.4,0.44999999999999996,Dordrecht
Eerste Divisie,24/25,1455,354058,Rene Kriwak,Centre-Forward,26,0.35,0.5,-0.15000000000000002,Dordrecht
Eerste Divisie,24/25,133,514287,Thijs Jansen,Goalkeeper,23,0.5,0.45,0.04999999999999999,Cambuur
Eerste Divisie,24/25,133,412946,Daan Reiziger,Goalkeeper,24,0.1,0.15,-0.04999999999999999,Cambuur
Eerste Divisie,24/25,133,667902,Brett Minnema,Goalkeeper,23,0.05,0.05,0.0,Cambuur
Eerste Divisie,24/25,133,698082,Bryant Nieling,Centre-Back,22,0.55,0.3,0.25000000000000006,Cambuur
Eerste Divisie,24/25,133,228478,Leon Bergsma,Centre-Back,28,0.3,0.35,-0.04999999999999999,Cambuur
Eerste Divisie,24/25,133,899710,Floris Smand,Centre-Back,22,0.25,0.4,-0.15000000000000002,Cambuur
Eerste Divisie,24/25,133,480457,Thomas Poll,Left-Back,23,0.3,0.325,-0.025000000000000022,Cambuur
Eerste Divisie,24/25,133,913289,Tyrique Mercera,Right-Back,21,0.45,0.1,0.35,Cambuur
Eerste Divisie,24/25,133,666526,Sturla Ottesen,Right-Back,24,0.35,0.4,-0.050000000000000044,Cambuur
Eerste Divisie,24/25,133,648541,Gabi Caschili,Right-Back,21,0.3,0.4,-0.10000000000000003,Cambuur
Eerste Divisie,24/25,133,1149884,Wiebe Kooistra,Right-Back,18,0.2,0.3,-0.09999999999999998,Cambuur
Eerste Divisie,24/25,133,364246,Nicky Souren,Defensive Midfield,25,0.4,0.5,-0.09999999999999998,Cambuur
Eerste Divisie,24/25,133,424330,Jeremy van Mullem,Defensive Midfield,26,0.35,0.3,0.04999999999999999,Cambuur
Eerste Divisie,24/25,133,82332,Maikel Kieftenbeld,Defensive Midfield,35,0.125,0.175,-0.04999999999999999,Cambuur
Eerste Divisie,24/25,133,720056,Marcel Schaapman,Defensive Midfield,23,0.05,0.05,0.0,Cambuur
Eerste Divisie,24/25,133,963510,Matthias Nartey,Attacking Midfield,20,0.35,0.125,0.22499999999999998,Cambuur
Eerste Divisie,24/25,133,559335,Fedde de Jong,Attacking Midfield,22,0.3,0.6,-0.3,Cambuur
Eerste Divisie,24/25,133,1087336,Yoram van der Veen,Left Winger,20,0.05,0.05,0.0,Cambuur
Eerste Divisie,24/25,133,412940,Remco Balk,Right Winger,24,0.7,0.5,0.19999999999999996,Cambuur
Eerste Divisie,24/25,133,386164,Silvester van der Water,Right Winger,28,0.375,0.45,-0.07500000000000001,Cambuur
Eerste Divisie,24/25,133,703772,Milan Smit,Centre-Forward,22,1.5,0.75,0.75,Cambuur
Eerste Divisie,24/25,133,400644,Jeredy Hilterman,Centre-Forward,27,0.5,0.7,-0.19999999999999996,Cambuur
Eerste Divisie,24/25,133,110906,Michael de Leeuw,Centre-Forward,38,0.05,0.075,-0.024999999999999994,Cambuur
Eerste Divisie,24/25,192,335027,Koen Bucker,Goalkeeper,29,0.25,0.35,-0.09999999999999998,Roda JC
Eerste Divisie,24/25,192,430475,Issam El Maach,Goalkeeper,25,0.2,0.075,0.125,Roda JC
Eerste Divisie,24/25,192,158104,Nick Marsman,Goalkeeper,34,0.175,0.25,-0.07500000000000001,Roda JC
Eerste Divisie,24/25,192,976481,Jordy Steins,Goalkeeper,19,0.025,0.025,0.0,Roda JC
Eerste Divisie,24/25,192,347038,Thomas Oude Kotte,Centre-Back,29,0.45,0.3,0.15000000000000002,Roda JC
Eerste Divisie,24/25,192,251975,Brian Koglin,Centre-Back,28,0.35,0.425,-0.07500000000000001,Roda JC
Eerste Divisie,24/25,192,47740,Nils Röseler,Centre-Back,33,0.175,0.2,-0.025000000000000022,Roda JC
Eerste Divisie,24/25,192,575993,Koen Jansen,Left-Back,21,0.3,0.35,-0.04999999999999999,Roda JC
Eerste Divisie,24/25,192,533172,Jay Kruiver,Right-Back,24,0.45,0.225,0.225,Roda JC
Eerste Divisie,24/25,192,451576,Nathan Markelo,Right-Back,26,0.15,0.25,-0.1,Roda JC
Eerste Divisie,24/25,192,775979,Reda El Meliani,Right-Back,20,0.05,0.125,-0.075,Roda JC
Eerste Divisie,24/25,192,452054,Joey Müller,Defensive Midfield,24,0.4,0.45,-0.04999999999999999,Roda JC
Eerste Divisie,24/25,192,355685,Orhan Džepar,Defensive Midfield,29,0.4,0.35,0.050000000000000044,Roda JC
Eerste Divisie,24/25,192,548228,Lucas Beerten,Defensive Midfield,22,0.35,0.275,0.07499999999999996,Roda JC
Eerste Divisie,24/25,192,673344,Wesley Spieringhs,Central Midfield,23,0.4,0.4,0.0,Roda JC
Eerste Divisie,24/25,192,264748,Rodney Kongolo,Central Midfield,27,0.35,0.5,-0.15000000000000002,Roda JC
Eerste Divisie,24/25,192,892983,Ryan Leijten,Attacking Midfield,21,0.25,0.175,0.07500000000000001,Roda JC
Eerste Divisie,24/25,192,336325,Enrique Peña Zauner,Left Winger,25,0.4,0.75,-0.35,Roda JC
Eerste Divisie,24/25,192,486043,Thibo Baeten,Left Winger,23,0.4,0.6,-0.19999999999999996,Roda JC
Eerste Divisie,24/25,192,473170,Cain Seedorf,Left Winger,25,0.325,0.25,0.07500000000000001,Roda JC
Eerste Divisie,24/25,192,593411,Patriot Sejdiu,Right Winger,25,0.45,0.6,-0.14999999999999997,Roda JC
Eerste Divisie,24/25,192,462087,Arjen van der Heide,Right Winger,23,0.4,0.5,-0.09999999999999998,Roda JC
Eerste Divisie,24/25,192,258511,Michael Breij,Right Winger,28,0.4,0.6,-0.19999999999999996,Roda JC
Eerste Divisie,24/25,192,892531,Khaled Razak,Right Winger,19,0.2,0.2,0.0,Roda JC
Eerste Divisie,24/25,192,515396,Iman Griffith,Right Winger,23,0.2,0.4,-0.2,Roda JC
Eerste Divisie,24/25,192,687267,Saydou Bangura,Centre-Forward,22,0.2,0.15,0.05000000000000002,Roda JC
Eerste Divisie,24/25,642,190687,Joshua Smits,Goalkeeper,32,0.4,0.45,-0.04999999999999999,De Graafschap
Eerste Divisie,24/25,642,587606,Ties Wieggers,Goalkeeper,22,0.2,0.025,0.17500000000000002,De Graafschap
Eerste Divisie,24/25,642,740040,Sten Kremers,Goalkeeper,21,0.05,0.2,-0.15000000000000002,De Graafschap
Eerste Divisie,24/25,642,559334,Rio Hillen,Centre-Back,22,0.6,0.5,0.09999999999999998,De Graafschap
Eerste Divisie,24/25,642,805451,Maas Willemsen,Centre-Back,22,0.5,0.125,0.375,De Graafschap
Eerste Divisie,24/25,642,823992,Rowan Besselink,Centre-Back,20,0.35,0.3,0.04999999999999999,De Graafschap
Eerste Divisie,24/25,642,663649,Joran Hardeman,Centre-Back,23,0.25,0.3,-0.04999999999999999,De Graafschap
Eerste Divisie,24/25,642,746974,Levi Schoppema,Left-Back,21,0.3,0.2,0.09999999999999998,De Graafschap
Eerste Divisie,24/25,642,102660,Jeffry Fortes,Right-Back,36,0.125,0.175,-0.04999999999999999,De Graafschap
Eerste Divisie,24/25,642,508636,Donny Warmerdam,Defensive Midfield,23,0.55,0.5,0.050000000000000044,De Graafschap
Eerste Divisie,24/25,642,900072,Philip Brittijn,Defensive Midfield,21,0.5,0.65,-0.15000000000000002,De Graafschap
Eerste Divisie,24/25,642,943870,Stan Wevers,Defensive Midfield,21,0.1,0.1,0.0,De Graafschap
Eerste Divisie,24/25,642,129543,Lion Kaak,Defensive Midfield,34,0.075,0.175,-0.09999999999999999,De Graafschap
Eerste Divisie,24/25,642,793702,Tristan van Gilst,Attacking Midfield,22,0.65,0.25,0.4,De Graafschap
Eerste Divisie,24/25,642,579756,Simon Colyn,Attacking Midfield,23,0.5,0.6,-0.09999999999999998,De Graafschap
Eerste Divisie,24/25,642,443308,Reuven Niemeijer,Attacking Midfield,30,0.3,0.4,-0.10000000000000003,De Graafschap
Eerste Divisie,24/25,642,746976,Anis Yadir,Attacking Midfield,20,0.1,0.15,-0.04999999999999999,De Graafschap
Eerste Divisie,24/25,642,508642,Ibrahim El Kadiri,Left Winger,23,0.4,0.15,0.25,De Graafschap
Eerste Divisie,24/25,642,216815,Mimoun Mahi,Left Winger,31,0.25,0.4,-0.15000000000000002,De Graafschap
Eerste Divisie,24/25,642,650472,Blnd Hassan,Left Winger,21,0.075,0.05,0.024999999999999994,De Graafschap
Eerste Divisie,24/25,642,462087,Arjen van der Heide,Right Winger,23,0.4,0.5,-0.09999999999999998,De Graafschap
Eerste Divisie,24/25,642,864678,Sam Bisselink,Right Winger,21,0.225,0.05,0.175,De Graafschap
Eerste Divisie,24/25,642,475446,Giovanni Büttner,Right Winger,26,0.1,0.15,-0.04999999999999999,De Graafschap
Eerste Divisie,24/25,642,930983,Jesse van de Haar,Centre-Forward,20,0.45,0.325,0.125,De Graafschap
Eerste Divisie,24/25,642,96472,Ralf Seuntjens,Centre-Forward,36,0.05,0.075,-0.024999999999999994,De Graafschap
Eerste Divisie,24/25,724,790669,Kayne van Oevelen,Goalkeeper,21,0.7,0.05,0.6499999999999999,Volendam
Eerste Divisie,24/25,724,434861,Barry Lauwers,Goalkeeper,25,0.15,0.15,0.0,Volendam
Eerste Divisie,24/25,724,640432,Xavier Mbuyamba,Centre-Back,23,1.0,1.0,0.0,Volendam
Eerste Divisie,24/25,724,387199,Benaissa Benamar,Centre-Back,28,0.5,0.55,-0.050000000000000044,Volendam
Eerste Divisie,24/25,724,710999,Silvinho Esajas,Centre-Back,22,0.25,0.3,-0.04999999999999999,Volendam
Eerste Divisie,24/25,724,170720,Mawouna Amevor,Centre-Back,33,0.225,0.25,-0.024999999999999994,Volendam
Eerste Divisie,24/25,724,541020,Yannick Leliendal,Left-Back,23,0.75,0.5,0.25,Volendam
Eerste Divisie,24/25,724,790411,Déron Payne,Right-Back,22,0.65,0.275,0.375,Volendam
Eerste Divisie,24/25,724,670779,Daniël Beukers,Right-Back,21,0.1,0.1,0.0,Volendam
Eerste Divisie,24/25,724,940095,Nordin Bukala,Defensive Midfield,19,0.275,0.1,0.17500000000000002,Volendam
Eerste Divisie,24/25,724,765468,Milan de Haan,Central Midfield,21,0.35,0.45,-0.10000000000000003,Volendam
Eerste Divisie,24/25,724,929347,Imran Nazih,Central Midfield,19,0.1,0.15,-0.04999999999999999,Volendam
Eerste Divisie,24/25,724,1055234,Mika van der Horst,Central Midfield,20,0.05,0.025,0.025,Volendam
Eerste Divisie,24/25,724,410719,Alex Plat,Left Winger,27,0.5,0.3,0.2,Volendam
Eerste Divisie,24/25,724,241324,Bilal Ould-Chikh,Right Winger,27,0.9,0.6,0.30000000000000004,Volendam
Eerste Divisie,24/25,724,654902,Aurelio Oehlers,Right Winger,21,0.3,0.15,0.15,Volendam
Eerste Divisie,24/25,724,271743,Henk Veerman,Centre-Forward,34,0.35,0.45,-0.10000000000000003,Volendam
Eerste Divisie,24/25,724,186763,Robert Mühren,Centre-Forward,36,0.25,0.3,-0.04999999999999999,Volendam
Eerste Divisie,24/25,724,702834,Quincy Hoeve,Centre-Forward,22,0.1,0.125,-0.024999999999999994,Volendam
Eerste Divisie,24/25,724,727531,Koen Blommestijn,Centre-Forward,25,0.1,0.1,0.0,Volendam
Eerste Divisie,24/25,1268,559319,Kilian Nikièma,Goalkeeper,22,0.4,0.3,0.10000000000000003,ADO Den Haag
Eerste Divisie,24/25,1268,548934,Hugo Wentges,Goalkeeper,23,0.15,0.4,-0.25,ADO Den Haag
Eerste Divisie,24/25,1268,119061,Tim Coremans,Goalkeeper,34,0.1,0.1,0.0,ADO Den Haag
Eerste Divisie,24/25,1268,701509,David van de Riet,Goalkeeper,23,0.025,0.025,0.0,ADO Den Haag
Eerste Divisie,24/25,1268,719382,Matteo Waem,Centre-Back,25,0.65,0.65,0.0,ADO Den Haag
Eerste Divisie,24/25,1268,266615,Daniel Granli,Centre-Back,31,0.25,0.275,-0.025000000000000022,ADO Den Haag
Eerste Divisie,24/25,1268,710999,Silvinho Esajas,Centre-Back,22,0.25,0.3,-0.04999999999999999,ADO Den Haag
Eerste Divisie,24/25,1268,587333,Sekou Sylla,Left-Back,26,0.3,0.25,0.04999999999999999,ADO Den Haag
Eerste Divisie,24/25,1268,278761,Kürsad Sürmeli,Defensive Midfield,29,0.15,0.3,-0.15,ADO Den Haag
Eerste Divisie,24/25,1268,374213,Jari Vlak,Central Midfield,26,0.7,0.65,0.04999999999999993,ADO Den Haag
Eerste Divisie,24/25,1268,148376,Lasse Vigen,Central Midfield,30,0.3,0.5,-0.2,ADO Den Haag
Eerste Divisie,24/25,1268,928630,Finn de Bruin,Central Midfield,21,0.2,0.075,0.125,ADO Den Haag
Eerste Divisie,24/25,1268,548937,Evan Rottier,Attacking Midfield,23,0.45,0.475,-0.024999999999999967,ADO Den Haag
Eerste Divisie,24/25,1268,760508,Joel Ideho,Left Winger,21,0.5,0.4,0.09999999999999998,ADO Den Haag
Eerste Divisie,24/25,1268,790420,Rafael Struick,Left Winger,22,0.15,0.075,0.075,ADO Den Haag
Eerste Divisie,24/25,1268,177821,Daryl van Mieghem,Right Winger,35,0.25,0.4,-0.15000000000000002,ADO Den Haag
Eerste Divisie,24/25,1268,186228,Alex Schalk,Centre-Forward,32,0.325,0.4,-0.07500000000000001,ADO Den Haag
Eerste Divisie,24/25,404,601262,Pepijn van de Merbel,Goalkeeper,23,0.35,0.25,0.09999999999999998,Den Bosch
Eerste Divisie,24/25,404,436061,Mees Bakker,Goalkeeper,24,0.15,0.225,-0.07500000000000001,Den Bosch
Eerste Divisie,24/25,404,675981,Stan Henderikx,Centre-Back,21,0.5,0.125,0.375,Den Bosch
Eerste Divisie,24/25,404,633124,Teun van Grunsven,Centre-Back,25,0.45,0.3,0.15000000000000002,Den Bosch
Eerste Divisie,24/25,404,417827,Victor van den Bogert,Centre-Back,25,0.275,0.275,0.0,Den Bosch
Eerste Divisie,24/25,404,577462,Stan Maas,Centre-Back,24,0.25,0.2,0.04999999999999999,Den Bosch
Eerste Divisie,24/25,404,445449,Ricardo Henning,Centre-Back,24,0.15,0.325,-0.17500000000000002,Den Bosch
Eerste Divisie,24/25,404,949911,Mees Laros,Left-Back,20,0.6,0.2,0.39999999999999997,Den Bosch
Eerste Divisie,24/25,404,639974,Nick de Groot,Left-Back,23,0.4,0.3,0.10000000000000003,Den Bosch
Eerste Divisie,24/25,404,469084,Rik Mulders,Right-Back,24,0.45,0.45,0.0,Den Bosch
Eerste Divisie,24/25,404,562701,Sheddy Barglan,Right-Back,22,0.175,0.05,0.12499999999999999,Den Bosch
Eerste Divisie,24/25,404,528866,Shalva Ogbaidze,Central Midfield,22,0.15,0.225,-0.07500000000000001,Den Bosch
Eerste Divisie,24/25,404,596180,Yuya Ikeshita,Central Midfield,23,0.15,0.225,-0.07500000000000001,Den Bosch
Eerste Divisie,24/25,404,524033,Thijs van Leeuwen,Attacking Midfield,23,0.3,0.25,0.04999999999999999,Den Bosch
Eerste Divisie,24/25,404,949914,Rein van Hedel,Attacking Midfield,20,0.15,0.05,0.09999999999999999,Den Bosch
Eerste Divisie,24/25,404,99508,Danny Verbeek,Attacking Midfield,34,0.1,0.15,-0.04999999999999999,Den Bosch
Eerste Divisie,24/25,404,697898,Vieiri Kotzebue,Left Winger,22,0.3,0.15,0.15,Den Bosch
Eerste Divisie,24/25,404,1031875,Ilias Boumassaoudi,Left Winger,20,0.225,0.3,-0.07499999999999998,Den Bosch
Eerste Divisie,24/25,404,949924,Yannick Keijser,Left Winger,20,0.025,0.025,0.0,Den Bosch
Eerste Divisie,24/25,404,358261,Konstantinos Doumtsios,Centre-Forward,27,0.275,0.25,0.025000000000000022,Den Bosch
Eerste Divisie,24/25,404,186282,Danzell Gravenberch,Centre-Forward,31,0.25,0.2,0.04999999999999999,Den Bosch
Eerste Divisie,24/25,1426,426142,Jan de Boer,Goalkeeper,25,0.35,0.25,0.09999999999999998,VVV-Venlo
Eerste Divisie,24/25,1426,390814,Trevor Doornbusch,Goalkeeper,25,0.15,0.1,0.04999999999999999,VVV-Venlo
Eerste Divisie,24/25,1426,159143,Delano van Crooij,Goalkeeper,34,0.125,0.225,-0.1,VVV-Venlo
Eerste Divisie,24/25,1426,695876,Tim Schrick,Goalkeeper,21,0.025,0.025,0.0,VVV-Venlo
Eerste Divisie,24/25,1426,309843,Rick Ketting,Centre-Back,29,0.375,0.425,-0.04999999999999999,VVV-Venlo
Eerste Divisie,24/25,1426,618038,Serano Seymor,Centre-Back,23,0.275,0.35,-0.07499999999999996,VVV-Venlo
Eerste Divisie,24/25,1426,786426,Dylan Timber,Centre-Back,25,0.125,0.2,-0.07500000000000001,VVV-Venlo
Eerste Divisie,24/25,1426,168787,Roel Janssen,Centre-Back,35,0.1,0.15,-0.04999999999999999,VVV-Venlo
Eerste Divisie,24/25,1426,457092,Simon Janssen,Left-Back,24,0.45,0.55,-0.10000000000000003,VVV-Venlo
Eerste Divisie,24/25,1426,619780,Niels van Berkel,Left-Back,23,0.25,0.35,-0.09999999999999998,VVV-Venlo
Eerste Divisie,24/25,1426,150663,Sylian Mokono,Right-Back,26,0.275,0.15,0.12500000000000003,VVV-Venlo
Eerste Divisie,24/25,1426,361078,Robin Lathouwers,Right-Back,25,0.175,0.225,-0.05000000000000002,VVV-Venlo
Eerste Divisie,24/25,1426,961483,Diego van Zutphen,Right-Back,20,0.15,0.15,0.0,VVV-Venlo
Eerste Divisie,24/25,1426,618343,Joep Kluskens,Defensive Midfield,22,0.2,0.25,-0.04999999999999999,VVV-Venlo
Eerste Divisie,24/25,1426,339080,Richard Sedlacek,Central Midfield,26,0.35,0.275,0.07499999999999996,VVV-Venlo
Eerste Divisie,24/25,1426,409514,Elias Sierra,Central Midfield,23,0.35,0.45,-0.10000000000000003,VVV-Venlo
Eerste Divisie,24/25,1426,994653,Mohammed Odriss,Central Midfield,20,0.1,0.15,-0.04999999999999999,VVV-Venlo
Eerste Divisie,24/25,1426,485592,Max de Waal,Attacking Midfield,23,0.2,0.25,-0.04999999999999999,VVV-Venlo
Eerste Divisie,24/25,1426,675979,Thijme Verheijen,Left Winger,22,0.2,0.25,-0.04999999999999999,VVV-Venlo
Eerste Divisie,24/25,1426,258335,Martijn Berden,Right Winger,27,0.275,0.3,-0.024999999999999967,VVV-Venlo
Eerste Divisie,24/25,1426,618102,Lasse Wehmeyer,Right Winger,22,0.2,0.2,0.0,VVV-Venlo
Eerste Divisie,24/25,1426,358261,Konstantinos Doumtsios,Centre-Forward,27,0.275,0.25,0.025000000000000022,VVV-Venlo
Eerste Divisie,24/25,1426,514280,Pepijn Doesburg,Centre-Forward,24,0.225,0.225,0.0,VVV-Venlo
Eerste Divisie,24/25,1434,271549,Ronald Koeman Jr.,Goalkeeper,30,0.45,0.275,0.175,Telstar
Eerste Divisie,24/25,1434,471797,Joey Houweling,Goalkeeper,25,0.075,0.1,-0.02500000000000001,Telstar
Eerste Divisie,24/25,1434,949878,Lukas van Ingen,Goalkeeper,21,0.025,0.025,0.0,Telstar
Eerste Divisie,24/25,1434,250440,Danny Bakker,Centre-Back,30,0.45,0.325,0.125,Telstar
Eerste Divisie,24/25,1434,748604,Devon Koswal,Centre-Back,21,0.35,0.2,0.14999999999999997,Telstar
Eerste Divisie,24/25,1434,515388,Sem Dirks,Centre-Back,24,0.2,0.125,0.07500000000000001,Telstar
Eerste Divisie,24/25,1434,113872,Mitch Apau,Centre-Back,35,0.1,0.125,-0.024999999999999994,Telstar
Eerste Divisie,24/25,1434,694039,Nils Rossen,Defensive Midfield,20,0.35,0.075,0.27499999999999997,Telstar
Eerste Divisie,24/25,1434,404694,Mees Kaandorp,Central Midfield,27,0.25,0.225,0.024999999999999994,Telstar
Eerste Divisie,24/25,1434,124889,Tom Overtoom,Central Midfield,34,0.075,0.15,-0.075,Telstar
Eerste Divisie,24/25,1434,263555,Jeff Hardeveld,Left Midfield,30,0.45,0.35,0.10000000000000003,Telstar
Eerste Divisie,24/25,1434,779754,Jayden Turfkruier,Left Midfield,22,0.3,0.325,-0.025000000000000022,Telstar
Eerste Divisie,24/25,1434,473170,Cain Seedorf,Left Winger,25,0.325,0.25,0.07500000000000001,Telstar
Eerste Divisie,24/25,1434,272698,Mohamed Hamdaoui,Left Winger,32,0.3,0.275,0.024999999999999967,Telstar
Eerste Divisie,24/25,1434,516761,Achraf Douiri,Left Winger,25,0.15,0.2,-0.05000000000000002,Telstar
Eerste Divisie,24/25,1434,519651,Zakaria Eddahchouri,Centre-Forward,25,0.8,0.45,0.35000000000000003,Telstar
Eerste Divisie,24/25,1434,444380,Youssef El Kachati,Centre-Forward,25,0.8,0.225,0.5750000000000001,Telstar
Eerste Divisie,24/25,499,646708,Mikki van Sas,Goalkeeper,21,0.4,0.4,0.0,Vitesse
Eerste Divisie,24/25,499,738480,Tom Bramel,Goalkeeper,19,0.25,0.025,0.225,Vitesse
Eerste Divisie,24/25,499,742719,Sep van der Heijden,Goalkeeper,20,0.025,0.025,0.0,Vitesse
Eerste Divisie,24/25,499,805149,Giovanni van Zwam,Centre-Back,21,0.3,0.1,0.19999999999999998,Vitesse
Eerste Divisie,24/25,499,420215,Nordin Musampa,Centre-Back,23,0.1,0.15,-0.04999999999999999,Vitesse
Eerste Divisie,24/25,499,38003,Alexander Büttner,Left-Back,36,0.1,0.175,-0.07499999999999998,Vitesse
Eerste Divisie,24/25,499,1030525,Mats Egbring,Right-Back,18,0.3,0.075,0.22499999999999998,Vitesse
Eerste Divisie,24/25,499,494282,Mees Kreekels,Right-Back,23,0.175,0.25,-0.07500000000000001,Vitesse
Eerste Divisie,24/25,499,607164,Enzo Cornelisse,Defensive Midfield,23,0.35,0.375,-0.025000000000000022,Vitesse
Eerste Divisie,24/25,499,559336,Loek Postma,Defensive Midfield,22,0.25,0.25,0.0,Vitesse
Eerste Divisie,24/25,499,608889,Mathijs Tielemans,Central Midfield,23,0.6,0.8,-0.20000000000000007,Vitesse
Eerste Divisie,24/25,499,747243,Gyan de Regt,Left Winger,21,0.35,0.4,-0.050000000000000044,Vitesse
Eerste Divisie,24/25,499,723008,Miliano Jonathans,Right Winger,21,0.9,0.35,0.55,Vitesse
Eerste Divisie,24/25,499,475446,Giovanni Büttner,Right Winger,26,0.1,0.15,-0.04999999999999999,Vitesse
Eerste Divisie,24/25,499,1096365,Andy Visser,Centre-Forward,20,0.2,0.15,0.05000000000000002,Vitesse
Eerste Divisie,24/25,499,602597,Simon van Duivenbooden,Centre-Forward,23,0.15,0.15,0.0,Vitesse
Eerste Divisie,24/25,1283,409346,Jan Hoekstra,Goalkeeper,26,0.125,0.35,-0.22499999999999998,Emmen
Eerste Divisie,24/25,1283,463526,Robin Jalving,Goalkeeper,25,0.05,0.05,0.0,Emmen
Eerste Divisie,24/25,1283,412939,Dennis Vos,Centre-Back,23,0.35,0.35,0.0,Emmen
Eerste Divisie,24/25,1283,155806,Mike te Wierik,Centre-Back,33,0.275,0.325,-0.04999999999999999,Emmen
Eerste Divisie,24/25,1283,520102,Jorginho Soares,Centre-Back,25,0.15,0.15,0.0,Emmen
Eerste Divisie,24/25,1283,936570,Gijs Bolk,Centre-Back,20,0.025,0.025,0.0,Emmen
Eerste Divisie,24/25,1283,362276,Faris Hammouti,Right-Back,28,0.25,0.225,0.024999999999999994,Emmen
Eerste Divisie,24/25,1283,315156,Robin Schouten,Right-Back,27,0.2,0.3,-0.09999999999999998,Emmen
Eerste Divisie,24/25,1283,590775,Djenahro Nunumete,Central Midfield,23,0.225,0.1,0.125,Emmen
Eerste Divisie,24/25,1283,538966,Chardi Landu,Left Winger,24,0.125,0.15,-0.024999999999999994,Emmen
Eerste Divisie,24/25,1283,315140,Joey Konings,Centre-Forward,27,0.25,0.325,-0.07500000000000001,Emmen
Eerste Divisie,24/25,500,159896,Wouter van der Steen,Goalkeeper,35,0.175,0.25,-0.07500000000000001,Helmond Sport
Eerste Divisie,24/25,500,687560,Tom Hendriks,Goalkeeper,23,0.05,0.05,0.0,Helmond Sport
Eerste Divisie,24/25,500,456335,Flor Van den Eynden,Centre-Back,24,0.325,0.375,-0.04999999999999999,Helmond Sport
Eerste Divisie,24/25,500,373977,Amir Absalem,Left-Back,28,0.35,0.35,0.0,Helmond Sport
Eerste Divisie,24/25,500,429929,Bryan van Hove,Left-Back,25,0.275,0.25,0.025000000000000022,Helmond Sport
Eerste Divisie,24/25,500,646705,Sem Dekkers,Right-Back,21,0.25,0.3,-0.04999999999999999,Helmond Sport
Eerste Divisie,24/25,500,415085,Justin Ogenia,Right-Back,26,0.2,0.275,-0.07500000000000001,Helmond Sport
Eerste Divisie,24/25,500,694318,Enrik Ostrc,Defensive Midfield,23,0.275,0.35,-0.07499999999999996,Helmond Sport
Eerste Divisie,24/25,500,700145,Michel Ludwig,Central Midfield,20,0.3,0.3,0.0,Helmond Sport
Eerste Divisie,24/25,500,490385,Mohammed Amin Doudah,Central Midfield,22,0.3,0.35,-0.04999999999999999,Helmond Sport
Eerste Divisie,24/25,500,292805,Lennerd Daneels,Left Winger,27,0.325,0.325,0.0,Helmond Sport
Eerste Divisie,24/25,500,995875,Tarik Essakkati,Left Winger,19,0.25,0.125,0.125,Helmond Sport
Eerste Divisie,24/25,500,864678,Sam Bisselink,Right Winger,21,0.225,0.05,0.175,Helmond Sport
Eerste Divisie,24/25,500,371980,Mohamed Mallahi,Right Winger,25,0.225,0.25,-0.024999999999999994,Helmond Sport
Eerste Divisie,24/25,500,226100,Anthony van den Hurk,Centre-Forward,32,0.25,0.25,0.0,Helmond Sport
Eerste Divisie,24/25,3892,277242,Jorn Brondeel,Goalkeeper,31,0.3,0.3,0.0,Eindhoven
Eerste Divisie,24/25,3892,736097,Jort Borgmans,Goalkeeper,22,0.125,0.125,0.0,Eindhoven
Eerste Divisie,24/25,3892,1019546,Nino Fancito,Goalkeeper,20,0.025,0.025,0.0,Eindhoven
Eerste Divisie,24/25,3892,341678,Collin Seedorf,Centre-Back,30,0.325,0.325,0.0,Eindhoven
Eerste Divisie,24/25,3892,621733,Farouq Limouri,Centre-Back,22,0.3,0.4,-0.10000000000000003,Eindhoven
Eerste Divisie,24/25,3892,355860,Maarten Peijnenburg,Centre-Back,28,0.2,0.35,-0.14999999999999997,Eindhoven
Eerste Divisie,24/25,3892,486347,Tibo Persyn,Right-Back,23,0.3,0.35,-0.04999999999999999,Eindhoven
Eerste Divisie,24/25,3892,361122,Achraf El Bouchataoui,Defensive Midfield,25,0.3,0.325,-0.025000000000000022,Eindhoven
Eerste Divisie,24/25,3892,655017,Maarten Swerts,Defensive Midfield,21,0.075,0.175,-0.09999999999999999,Eindhoven
Eerste Divisie,24/25,3892,640566,Dyon Dorenbosch,Central Midfield,22,0.35,0.4,-0.050000000000000044,Eindhoven
Eerste Divisie,24/25,3892,564448,Daan Huisman,Central Midfield,22,0.35,0.35,0.0,Eindhoven
Eerste Divisie,24/25,3892,746987,Sven Simons,Central Midfield,21,0.325,0.4,-0.07500000000000001,Eindhoven
Eerste Divisie,24/25,3892,595774,Boris van Schuppen,Attacking Midfield,23,0.55,0.15,0.4,Eindhoven
Eerste Divisie,24/25,3892,548937,Evan Rottier,Attacking Midfield,23,0.45,0.475,-0.024999999999999967,Eindhoven
Eerste Divisie,24/25,3892,207043,Joey Sleegers,Left Winger,30,0.3,0.4,-0.10000000000000003,Eindhoven
Eerste Divisie,24/25,3892,864118,Julian Kwaaitaal,Right Winger,20,0.2,0.25,-0.04999999999999999,Eindhoven
Eerste Divisie,24/25,3892,315140,Joey Konings,Centre-Forward,27,0.25,0.325,-0.07500000000000001,Eindhoven
Eerste Divisie,24/25,384,538073,Romain Matthys,Goalkeeper,26,0.4,0.4,0.0,MVV
Eerste Divisie,24/25,384,548806,Thijs Lambrix,Goalkeeper,23,0.05,0.075,-0.024999999999999994,MVV
Eerste Divisie,24/25,384,567544,Wout Coomans,Centre-Back,23,0.35,0.25,0.09999999999999998,MVV
Eerste Divisie,24/25,384,58359,Özgür Aktaş,Centre-Back,28,0.325,0.4,-0.07500000000000001,MVV
Eerste Divisie,24/25,384,844506,Lars Schenk,Left-Back,23,0.3,0.275,0.024999999999999967,MVV
Eerste Divisie,24/25,384,595700,Tim Zeegers,Right-Back,25,0.25,0.175,0.07500000000000001,MVV
Eerste Divisie,24/25,384,1034646,Andréa Librici,Right-Back,20,0.175,0.25,-0.07500000000000001,MVV
Eerste Divisie,24/25,384,1148222,Kanou Sy,Right-Back,19,0.1,0.15,-0.04999999999999999,MVV
Eerste Divisie,24/25,384,187288,Robert Klaasen,Defensive Midfield,31,0.25,0.2,0.04999999999999999,MVV
Eerste Divisie,24/25,384,714078,Marko Kleinen,Central Midfield,23,0.35,0.4,-0.050000000000000044,MVV
Eerste Divisie,24/25,384,957322,Nabil El Basri,Central Midfield,21,0.325,0.325,0.0,MVV
Eerste Divisie,24/25,384,944065,Saul Penders,Central Midfield,22,0.1,0.1,0.0,MVV
Eerste Divisie,24/25,384,119066,Bryan Smeets,Attacking Midfield,32,0.25,0.3,-0.04999999999999999,MVV
Eerste Divisie,24/25,384,671668,Ferre Slegers,Attacking Midfield,20,0.25,0.375,-0.125,MVV
Eerste Divisie,24/25,384,1143493,Rayan Buifrahi,Left Winger,20,0.3,0.3,0.0,MVV
Eerste Divisie,24/25,384,808767,Camil Mmaee,Right Winger,21,0.4,0.1,0.30000000000000004,MVV
Eerste Divisie,24/25,1228,206743,Mike Havekotte,Goalkeeper,29,0.3,0.3,0.0,TOP Oss
Eerste Divisie,24/25,1228,383705,Mark Spenkelink,Goalkeeper,28,0.1,0.125,-0.024999999999999994,TOP Oss
Eerste Divisie,24/25,1228,591878,Devin Remie,Goalkeeper,22,0.05,0.05,0.0,TOP Oss
Eerste Divisie,24/25,1228,766138,Max van Herk,Goalkeeper,26,0.025,0.025,0.0,TOP Oss
Eerste Divisie,24/25,1228,547312,Xander Lambrix,Centre-Back,25,0.35,0.325,0.024999999999999967,TOP Oss
Eerste Divisie,24/25,1228,566091,Thomas Cox,Centre-Back,23,0.15,0.075,0.075,TOP Oss
Eerste Divisie,24/25,1228,113996,Calvin Mac-Intosch,Centre-Back,35,0.05,0.125,-0.075,TOP Oss
Eerste Divisie,24/25,1228,775986,Julian Kuijpers,Left-Back,20,0.3,0.1,0.19999999999999998,TOP Oss
Eerste Divisie,24/25,1228,594277,Jonathan Mulder,Left-Back,23,0.2,0.275,-0.07500000000000001,TOP Oss
Eerste Divisie,24/25,1228,360514,Giovanni Troupée,Right-Back,27,0.25,0.25,0.0,TOP Oss
Eerste Divisie,24/25,1228,706896,Marcelencio Esajas,Central Midfield,23,0.3,0.15,0.15,TOP Oss
Eerste Divisie,24/25,1228,591879,Sven Zitman,Central Midfield,23,0.15,0.15,0.0,TOP Oss
Eerste Divisie,24/25,1228,271646,Karim Loukili,Attacking Midfield,28,0.2,0.25,-0.04999999999999999,TOP Oss
Eerste Divisie,24/25,1228,415989,Mart Remans,Attacking Midfield,27,0.2,0.325,-0.125,TOP Oss
Eerste Divisie,24/25,1228,494283,Enrico Dueñas,Attacking Midfield,24,0.125,0.15,-0.024999999999999994,TOP Oss
Eerste Divisie,24/25,1228,458418,Joshua Zimmerman,Right Winger,24,0.35,0.15,0.19999999999999998,TOP Oss
Eerste Divisie,24/25,1228,234910,Giovanni Korte,Right Winger,31,0.275,0.25,0.025000000000000022,TOP Oss
Eerste Divisie,24/25,1228,794328,Abel Stensrud,Centre-Forward,23,0.275,0.325,-0.04999999999999999,TOP Oss
Eerste Divisie,24/25,1228,565019,Arthur Allemeersch,Centre-Forward,23,0.275,0.275,0.0,TOP Oss
Eerste Divisie,25/26,9715,215094,Nick Olij,Goalkeeper,30,2.0,3.5,-1.5,Jong PSV
Eerste Divisie,25/26,9715,723005,Niek Schiks,Goalkeeper,22,0.5,0.25,0.25,Jong PSV
Eerste Divisie,25/26,9715,720805,Tijn Smolenaars,Goalkeeper,21,0.2,0.1,0.1,Jong PSV
Eerste Divisie,25/26,9715,1146761,Khadim Ngom,Goalkeeper,20,0.05,0.025,0.025,Jong PSV
Eerste Divisie,25/26,9715,800976,Adamo Nagalo,Centre-Back,23,2.8,6.0,-3.2,Jong PSV
Eerste Divisie,25/26,9715,942070,Wessel Kuhn,Centre-Back,19,0.5,0.5,0.0,Jong PSV
Eerste Divisie,25/26,9715,937113,Madi Monamay,Centre-Back,20,0.4,0.4,0.0,Jong PSV
Eerste Divisie,25/26,9715,1088684,Michael Bresser,Centre-Back,19,0.35,0.35,0.0,Jong PSV
Eerste Divisie,25/26,9715,785501,Raf van de Riet,Left-Back,19,0.3,0.225,0.07499999999999998,Jong PSV
Eerste Divisie,25/26,9715,921306,Eus Waayers,Right-Back,20,0.35,0.35,0.0,Jong PSV
Eerste Divisie,25/26,9715,816974,Tygo Land,Defensive Midfield,20,2.5,2.0,0.5,Jong PSV
Eerste Divisie,25/26,9715,1024739,Jordy Bawuah,Defensive Midfield,19,0.5,0.35,0.15000000000000002,Jong PSV
Eerste Divisie,25/26,9715,766069,Yiandro Raap,Defensive Midfield,19,0.25,0.075,0.175,Jong PSV
Eerste Divisie,25/26,9715,987376,Joël van den Berg,Central Midfield,19,1.5,0.1,1.4,Jong PSV
Eerste Divisie,25/26,9715,775980,Tim van den Heuvel,Central Midfield,21,0.15,0.3,-0.15,Jong PSV
Eerste Divisie,25/26,9715,813437,Isaac Babadi,Attacking Midfield,21,1.5,3.0,-1.5,Jong PSV
Eerste Divisie,25/26,9715,1024747,Nicolas Verkooijen,Attacking Midfield,19,0.6,0.125,0.475,Jong PSV
Eerste Divisie,25/26,9715,987364,Jim Koller,Attacking Midfield,19,0.5,0.3,0.2,Jong PSV
Eerste Divisie,25/26,9715,763948,Dele Thomas,Left Winger,18,1.0,0.25,0.75,Jong PSV
Eerste Divisie,25/26,9715,925862,Esmir Bajraktarevic,Right Winger,21,8.0,3.0,5.0,Jong PSV
Eerste Divisie,25/26,9715,921345,Tay Abed,Right Winger,21,1.0,0.75,0.25,Jong PSV
Eerste Divisie,25/26,11368,704772,Rome-Jayden Owusu-Oduro,Goalkeeper,21,6.0,6.0,0.0,Jong AZ
Eerste Divisie,25/26,11368,116471,Hobie Verhulst,Goalkeeper,33,0.15,0.2,-0.05000000000000002,Jong AZ
Eerste Divisie,25/26,11368,635371,Daniël Deen,Goalkeeper,23,0.1,0.125,-0.024999999999999994,Jong AZ
Eerste Divisie,25/26,11368,929128,Koen Schilder,Goalkeeper,20,0.025,0.025,0.0,Jong AZ
Eerste Divisie,25/26,11368,1008564,Billy van Duijl,Centre-Back,20,1.5,0.2,1.3,Jong AZ
Eerste Divisie,25/26,11368,646704,Maxim Dekker,Centre-Back,22,0.65,1.0,-0.35,Jong AZ
Eerste Divisie,25/26,11368,929130,Mathijs Menu,Centre-Back,21,0.25,0.125,0.125,Jong AZ
Eerste Divisie,25/26,11368,848757,Rayan Atikallah,Centre-Back,19,0.1,0.2,-0.1,Jong AZ
Eerste Divisie,25/26,11368,748541,Joeri Oud,Centre-Back,21,0.05,0.05,0.0,Jong AZ
Eerste Divisie,25/26,11368,929132,Jeremiah Esajas,Left-Back,21,0.275,0.225,0.05000000000000002,Jong AZ
Eerste Divisie,25/26,11368,957241,Elijah Dijkstra,Right-Back,19,6.0,0.7,5.3,Jong AZ
Eerste Divisie,25/26,11368,646705,Sem Dekkers,Right-Back,22,0.25,0.25,0.0,Jong AZ
Eerste Divisie,25/26,11368,988406,Kasper Boogaard,Defensive Midfield,20,2.5,0.2,2.3,Jong AZ
Eerste Divisie,25/26,11368,702447,Nick Twisk,Defensive Midfield,23,0.25,0.2,0.04999999999999999,Jong AZ
Eerste Divisie,25/26,11368,801029,Enoch Mastoras,Defensive Midfield,20,0.25,0.5,-0.25,Jong AZ
Eerste Divisie,25/26,11368,747017,Dave Kwakman,Central Midfield,21,1.5,2.0,-0.5,Jong AZ
Eerste Divisie,25/26,11368,929133,Rio Robbemond,Central Midfield,21,0.4,0.2,0.2,Jong AZ
Eerste Divisie,25/26,11368,1106292,Yassin Hamdi,Central Midfield,21,0.05,0.025,0.025,Jong AZ
Eerste Divisie,25/26,11368,942065,Julian Oerip,Attacking Midfield,19,0.3,0.25,0.04999999999999999,Jong AZ
Eerste Divisie,25/26,11368,1015875,Tómas Johannessen,Attacking Midfield,19,0.1,0.1,0.0,Jong AZ
Eerste Divisie,25/26,11368,800995,Ro-Zangelo Daal,Left Winger,22,3.0,0.75,2.25,Jong AZ
Eerste Divisie,25/26,11368,990008,Wassim Bouziane,Left Winger,19,0.45,0.15,0.30000000000000004,Jong AZ
Eerste Divisie,25/26,11368,576094,Kevin Toppenberg,Left Winger,21,0.4,0.15,0.25,Jong AZ
Eerste Divisie,25/26,11368,1078350,Ayoub Oufkir,Right Winger,20,3.0,0.25,2.75,Jong AZ
Eerste Divisie,25/26,11368,990009,Jasper Hartog,Right Winger,20,0.4,0.15,0.25,Jong AZ
Eerste Divisie,25/26,11368,678546,Mexx Meerdink,Centre-Forward,22,8.0,8.0,0.0,Jong AZ
Eerste Divisie,25/26,11368,728864,Lequincio Zeefuik,Centre-Forward,21,0.85,0.85,0.0,Jong AZ
Eerste Divisie,25/26,11368,926491,Sem van Duijn,Centre-Forward,22,0.8,0.325,0.47500000000000003,Jong AZ
Eerste Divisie,25/26,11368,738488,Anthony Smits,Centre-Forward,21,0.225,0.225,0.0,Jong AZ
Eerste Divisie,25/26,8817,1015401,Paul Reverson,Goalkeeper,21,0.35,0.35,0.0,Jong Ajax
Eerste Divisie,25/26,8817,635129,Charlie Setford,Goalkeeper,22,0.2,0.4,-0.2,Jong Ajax
Eerste Divisie,25/26,8817,662131,Ahmetcan Kaplan,Centre-Back,23,7.0,5.0,2.0,Jong Ajax
Eerste Divisie,25/26,8817,987366,Aaron Bouwman,Centre-Back,18,3.5,0.35,3.15,Jong Ajax
Eerste Divisie,25/26,8817,987355,Lucas Jetten,Left-Back,19,0.6,0.7,-0.09999999999999998,Jong Ajax
Eerste Divisie,25/26,8817,819211,Ethan Butera,Left-Back,20,0.5,0.7,-0.19999999999999996,Jong Ajax
Eerste Divisie,25/26,8817,1025412,Ryan van de Pavert,Right-Back,20,0.2,0.2,0.0,Jong Ajax
Eerste Divisie,25/26,8817,1105532,Jorthy Mokio,Defensive Midfield,18,8.0,8.0,0.0,Jong Ajax
Eerste Divisie,25/26,8817,559324,Youri Regeer,Defensive Midfield,22,5.0,6.0,-1.0,Jong Ajax
Eerste Divisie,25/26,8817,904790,Mark Verkuijl,Defensive Midfield,20,0.275,0.325,-0.04999999999999999,Jong Ajax
Eerste Divisie,25/26,8817,1111063,Sean Steur,Central Midfield,18,7.0,0.7,6.3,Jong Ajax
Eerste Divisie,25/26,8817,646700,Nassef Chourak,Central Midfield,21,0.35,0.3,0.04999999999999999,Jong Ajax
Eerste Divisie,25/26,8817,891854,Gerald Alders,Right Midfield,21,0.7,0.275,0.42499999999999993,Jong Ajax
Eerste Divisie,25/26,8817,598491,Rayane Bounida,Attacking Midfield,20,5.0,0.8,4.2,Jong Ajax
Eerste Divisie,25/26,8817,892127,Kayden Wolff,Left Winger,20,0.4,0.3,0.10000000000000003,Jong Ajax
Eerste Divisie,25/26,8817,738474,David Kalokoh,Left Winger,21,0.2,0.25,-0.04999999999999999,Jong Ajax
Eerste Divisie,25/26,8817,949480,Jan Faberski,Right Winger,20,0.5,0.7,-0.19999999999999996,Jong Ajax
Eerste Divisie,25/26,8817,981693,Don-Angelo Konadu,Centre-Forward,20,0.8,0.8,0.0,Jong Ajax
Eerste Divisie,25/26,8817,891833,Skye Vink,Centre-Forward,19,0.35,0.15,0.19999999999999998,Jong Ajax
Eerste Divisie,25/26,403,182891,Thomas Didillon-Hödl,Goalkeeper,30,0.7,0.9,-0.20000000000000007,Willem II
Eerste Divisie,25/26,403,159896,Wouter van der Steen,Goalkeeper,36,0.075,0.175,-0.09999999999999999,Willem II
Eerste Divisie,25/26,403,321095,Raffael Behounek,Centre-Back,29,0.6,0.8,-0.20000000000000007,Willem II
Eerste Divisie,25/26,403,665541,Finn Stam,Centre-Back,23,0.45,0.45,0.0,Willem II
Eerste Divisie,25/26,403,411287,Justin Hoogma,Centre-Back,28,0.45,0.5,-0.04999999999999999,Willem II
Eerste Divisie,25/26,403,1175838,Jens Mathijsen,Centre-Back,18,0.225,0.2,0.024999999999999994,Willem II
Eerste Divisie,25/26,403,494170,Rúnar Thór Sigurgeirsson,Left-Back,26,0.4,0.5,-0.09999999999999998,Willem II
Eerste Divisie,25/26,403,1003716,Per van Loon,Right-Back,21,0.25,0.025,0.225,Willem II
Eerste Divisie,25/26,403,612758,Calvin Twigt,Defensive Midfield,23,0.75,0.6,0.15000000000000002,Willem II
Eerste Divisie,25/26,403,928330,Amine Lachkar,Defensive Midfield,23,0.5,0.7,-0.19999999999999996,Willem II
Eerste Divisie,25/26,403,1054634,Anass Zarrouk,Defensive Midfield,19,0.25,0.25,0.0,Willem II
Eerste Divisie,25/26,403,704075,Gijs Besselink,Central Midfield,22,0.6,0.6,0.0,Willem II
Eerste Divisie,25/26,403,577455,Ringo Meerveld,Attacking Midfield,23,5.0,3.0,2.0,Willem II
Eerste Divisie,25/26,403,264857,Jari Schuurman,Attacking Midfield,29,0.45,0.6,-0.14999999999999997,Willem II
Eerste Divisie,25/26,403,485592,Max de Waal,Attacking Midfield,24,0.1,0.2,-0.1,Willem II
Eerste Divisie,25/26,403,594035,Dani Mathieu,Attacking Midfield,25,0.075,0.075,0.0,Willem II
Eerste Divisie,25/26,403,288233,Nick Doodeman,Right Winger,29,0.6,0.4,0.19999999999999996,Willem II
Eerste Divisie,25/26,403,527279,Emilio Kehrer,Right Winger,24,0.3,0.5,-0.2,Willem II
Eerste Divisie,25/26,403,704771,Devin Haen,Centre-Forward,22,1.5,0.85,0.65,Willem II
Eerste Divisie,25/26,1455,461963,Celton Biai,Goalkeeper,25,0.55,0.65,-0.09999999999999998,Dordrecht
Eerste Divisie,25/26,1455,119061,Tim Coremans,Goalkeeper,35,0.1,0.1,0.0,Dordrecht
Eerste Divisie,25/26,1455,1026477,Tijn Baltussen,Goalkeeper,21,0.025,0.025,0.0,Dordrecht
Eerste Divisie,25/26,1455,593193,Augustin Drakpe,Centre-Back,24,0.75,0.3,0.45,Dordrecht
Eerste Divisie,25/26,1455,612824,Sem Valk,Centre-Back,24,0.4,0.4,0.0,Dordrecht
Eerste Divisie,25/26,1455,822116,Yannis M'Bemba,Centre-Back,24,0.225,0.35,-0.12499999999999997,Dordrecht
Eerste Divisie,25/26,1455,682562,Björn Hardley,Centre-Back,23,0.15,0.1,0.04999999999999999,Dordrecht
Eerste Divisie,25/26,1455,469851,John Hilton,Left-Back,25,0.35,0.4,-0.050000000000000044,Dordrecht
Eerste Divisie,25/26,1455,653510,Jurre van Aken,Right-Back,23,0.275,0.225,0.05000000000000002,Dordrecht
Eerste Divisie,25/26,1455,704693,Lorenzo Codutti,Right-Back,23,0.125,0.225,-0.1,Dordrecht
Eerste Divisie,25/26,1455,942960,Daniel van Vianen,Defensive Midfield,23,0.6,0.65,-0.050000000000000044,Dordrecht
Eerste Divisie,25/26,1455,824201,Lawson Sunderland,Defensive Midfield,24,0.3,0.2,0.09999999999999998,Dordrecht
Eerste Divisie,25/26,1455,814533,Argyris Darelas,Attacking Midfield,22,0.325,0.25,0.07500000000000001,Dordrecht
Eerste Divisie,25/26,1455,636170,Joep van der Sluijs,Attacking Midfield,24,0.225,0.275,-0.05000000000000002,Dordrecht
Eerste Divisie,25/26,1455,1065417,Igor da Silva,Attacking Midfield,22,0.075,0.125,-0.05,Dordrecht
Eerste Divisie,25/26,1455,470715,Joshua Pynadath,Left Winger,24,0.2,0.15,0.05000000000000002,Dordrecht
Eerste Divisie,25/26,1455,474949,Marouane Afaker,Left Winger,27,0.175,0.225,-0.05000000000000002,Dordrecht
Eerste Divisie,25/26,1455,930998,Yannick Eduardo,Centre-Forward,20,2.5,0.2,2.3,Dordrecht
Eerste Divisie,25/26,1455,955224,Stéphano Carrillo,Centre-Forward,20,0.7,2.5,-1.8,Dordrecht
Eerste Divisie,25/26,1455,993912,Jayson Ezeb,Centre-Forward,19,0.075,0.075,0.0,Dordrecht
Eerste Divisie,25/26,133,514287,Thijs Jansen,Goalkeeper,24,0.65,0.5,0.15000000000000002,Cambuur
Eerste Divisie,25/26,133,704252,Jasper Meijster,Goalkeeper,21,0.025,0.025,0.0,Cambuur
Eerste Divisie,25/26,133,289651,Jamal Amofa,Centre-Back,27,0.6,0.5,0.09999999999999998,Cambuur
Eerste Divisie,25/26,133,595937,Jorn Berkhout,Centre-Back,24,0.35,0.3,0.04999999999999999,Cambuur
Eerste Divisie,25/26,133,1182530,Toni Jonker,Centre-Back,20,0.075,0.025,0.049999999999999996,Cambuur
Eerste Divisie,25/26,133,741582,Tomas Galvez,Left-Back,21,0.75,0.4,0.35,Cambuur
Eerste Divisie,25/26,133,648540,Bram Marsman,Left-Back,23,0.2,0.075,0.125,Cambuur
Eerste Divisie,25/26,133,469084,Rik Mulders,Right-Back,25,0.6,0.45,0.14999999999999997,Cambuur
Eerste Divisie,25/26,133,1149884,Wiebe Kooistra,Right-Back,19,0.2,0.2,0.0,Cambuur
Eerste Divisie,25/26,133,749618,Diyae Jermoumi,Right-Back,21,0.15,0.2,-0.05000000000000002,Cambuur
Eerste Divisie,25/26,133,364246,Nicky Souren,Defensive Midfield,26,0.4,0.4,0.0,Cambuur
Eerste Divisie,25/26,133,187507,Mark Diemers,Central Midfield,32,0.6,0.65,-0.050000000000000044,Cambuur
Eerste Divisie,25/26,133,688641,Tony Rölke,Attacking Midfield,23,0.325,0.275,0.04999999999999999,Cambuur
Eerste Divisie,25/26,133,1087336,Yoram van der Veen,Left Winger,21,0.175,0.05,0.12499999999999999,Cambuur
Eerste Divisie,25/26,133,412940,Remco Balk,Right Winger,25,0.65,0.7,-0.04999999999999993,Cambuur
Eerste Divisie,25/26,17596,231650,Michael Brouwer,Goalkeeper,33,0.25,0.4,-0.15000000000000002,Jong Utrecht
Eerste Divisie,25/26,17596,607133,Kevin Gadellaa,Goalkeeper,23,0.25,0.15,0.1,Jong Utrecht
Eerste Divisie,25/26,17596,933914,Mees Eppink,Goalkeeper,20,0.175,0.05,0.12499999999999999,Jong Utrecht
Eerste Divisie,25/26,17596,931018,Wessel Kooy,Centre-Back,21,0.35,0.35,0.0,Jong Utrecht
Eerste Divisie,25/26,17596,691975,Joshua Mukeh,Centre-Back,23,0.3,0.25,0.04999999999999999,Jong Utrecht
Eerste Divisie,25/26,17596,775244,Neal Viereck,Centre-Back,22,0.3,0.25,0.04999999999999999,Jong Utrecht
Eerste Divisie,25/26,17596,937571,Per Kloosterboer,Centre-Back,21,0.275,0.1,0.17500000000000002,Jong Utrecht
Eerste Divisie,25/26,17596,940072,Nazjir Held,Left-Back,20,0.4,0.35,0.050000000000000044,Jong Utrecht
Eerste Divisie,25/26,17596,848494,Jesper van Riel,Left-Back,21,0.1,0.15,-0.04999999999999999,Jong Utrecht
Eerste Divisie,25/26,17596,931021,Sil van der Wegen,Right-Back,21,0.325,0.325,0.0,Jong Utrecht
Eerste Divisie,25/26,17596,738475,Oualid Agougil,Defensive Midfield,20,0.5,0.25,0.25,Jong Utrecht
Eerste Divisie,25/26,17596,938687,Massien Ghaddari,Defensive Midfield,21,0.275,0.275,0.0,Jong Utrecht
Eerste Divisie,25/26,17596,686845,Zidane Iqbal,Central Midfield,23,1.0,4.0,-3.0,Jong Utrecht
Eerste Divisie,25/26,17596,656796,Ivar Jenner,Central Midfield,22,0.3,0.3,0.0,Jong Utrecht
Eerste Divisie,25/26,17596,806305,Noa Dundas,Central Midfield,22,0.3,0.3,0.0,Jong Utrecht
Eerste Divisie,25/26,17596,738479,Rafik El Arguioui,Attacking Midfield,20,0.5,0.35,0.15000000000000002,Jong Utrecht
Eerste Divisie,25/26,17596,875581,Adrian Blake,Left Winger,20,2.0,0.75,1.25,Jong Utrecht
Eerste Divisie,25/26,17596,775994,Lynden Edhart,Left Winger,20,0.15,0.3,-0.15,Jong Utrecht
Eerste Divisie,25/26,17596,723008,Miliano Jonathans,Right Winger,22,0.75,0.9,-0.15000000000000002,Jong Utrecht
Eerste Divisie,25/26,17596,1182916,Björn Menzo,Right Winger,19,0.25,0.125,0.125,Jong Utrecht
Eerste Divisie,25/26,17596,557410,Noah Ohio,Centre-Forward,23,0.6,2.0,-1.4,Jong Utrecht
Eerste Divisie,25/26,17596,885969,Tijn den Boggende,Centre-Forward,20,0.25,0.2,0.04999999999999999,Jong Utrecht
Eerste Divisie,25/26,17596,930983,Jesse van de Haar,Centre-Forward,21,0.25,0.45,-0.2,Jong Utrecht
Eerste Divisie,25/26,1268,559319,Kilian Nikièma,Goalkeeper,23,0.7,0.4,0.29999999999999993,ADO Den Haag
Eerste Divisie,25/26,1268,719382,Matteo Waem,Centre-Back,26,0.8,0.65,0.15000000000000002,ADO Den Haag
Eerste Divisie,25/26,1268,460619,Pascal Mulder,Centre-Back,27,0.5,0.35,0.15000000000000002,ADO Den Haag
Eerste Divisie,25/26,1268,595240,Milan Hokke,Centre-Back,22,0.4,0.15,0.25,ADO Den Haag
Eerste Divisie,25/26,1268,354476,Diogo Tomas,Centre-Back,28,0.4,0.45,-0.04999999999999999,ADO Den Haag
Eerste Divisie,25/26,1268,567485,Taneli Hämäläinen,Centre-Back,25,0.25,0.25,0.0,ADO Den Haag
Eerste Divisie,25/26,1268,587333,Sekou Sylla,Left-Back,27,0.4,0.3,0.10000000000000003,ADO Den Haag
Eerste Divisie,25/26,1268,548935,Steven van der Sloot,Right-Back,23,0.65,0.45,0.2,ADO Den Haag
Eerste Divisie,25/26,1268,494282,Mees Kreekels,Right-Back,24,0.225,0.175,0.05000000000000002,ADO Den Haag
Eerste Divisie,25/26,1268,374213,Jari Vlak,Central Midfield,27,0.9,0.7,0.20000000000000007,ADO Den Haag
Eerste Divisie,25/26,1268,538642,Juho Kilo,Central Midfield,24,0.75,0.5,0.25,ADO Den Haag
Eerste Divisie,25/26,1268,928630,Finn de Bruin,Central Midfield,22,0.175,0.2,-0.025000000000000022,ADO Den Haag
Eerste Divisie,25/26,1268,548937,Evan Rottier,Attacking Midfield,24,0.6,0.45,0.14999999999999997,ADO Den Haag
Eerste Divisie,25/26,1268,703626,Cameron Peupion,Left Winger,23,0.45,0.225,0.225,ADO Den Haag
Eerste Divisie,25/26,1268,848089,Illaijh de Ruijter,Left Winger,19,0.4,0.2,0.2,ADO Den Haag
Eerste Divisie,25/26,1268,1031551,Lorenzo Maasland,Left Winger,21,0.1,0.15,-0.04999999999999999,ADO Den Haag
Eerste Divisie,25/26,1268,433091,Jalen Hawkins,Right Winger,25,0.4,0.5,-0.09999999999999998,ADO Den Haag
Eerste Divisie,25/26,1268,177821,Daryl van Mieghem,Right Winger,36,0.15,0.25,-0.1,ADO Den Haag
Eerste Divisie,25/26,1268,629039,Luka Reischl,Centre-Forward,22,0.8,0.6,0.20000000000000007,ADO Den Haag
Eerste Divisie,25/26,1268,894112,Elias Mohammad,Centre-Forward,23,0.1,0.1,0.0,ADO Den Haag
Eerste Divisie,25/26,723,367443,Jonas Wendlinger,Goalkeeper,25,0.225,0.125,0.1,Almere City
Eerste Divisie,25/26,723,738514,Tristan Kuijsten,Goalkeeper,21,0.175,0.3,-0.125,Almere City
Eerste Divisie,25/26,723,928573,Joël van der Wilt,Goalkeeper,22,0.025,0.025,0.0,Almere City
Eerste Divisie,25/26,723,738481,Emmanuel van de Blaak,Centre-Back,21,0.5,0.45,0.04999999999999999,Almere City
Eerste Divisie,25/26,723,361124,Joey Jacobs,Centre-Back,26,0.3,0.35,-0.04999999999999999,Almere City
Eerste Divisie,25/26,723,484987,Théo Barbet,Centre-Back,25,0.25,0.375,-0.125,Almere City
Eerste Divisie,25/26,723,595936,Misha Engel,Centre-Back,23,0.25,0.25,0.0,Almere City
Eerste Divisie,25/26,723,272706,James Lawrence,Centre-Back,33,0.225,0.3,-0.07499999999999998,Almere City
Eerste Divisie,25/26,723,393240,Boyd Reith,Right-Back,27,0.35,0.4,-0.050000000000000044,Almere City
Eerste Divisie,25/26,723,675623,Job Kalisvaart,Defensive Midfield,22,0.325,0.35,-0.024999999999999967,Almere City
Eerste Divisie,25/26,723,607164,Enzo Cornelisse,Defensive Midfield,24,0.275,0.35,-0.07499999999999996,Almere City
Eerste Divisie,25/26,723,765468,Milan de Haan,Central Midfield,22,0.55,0.35,0.20000000000000007,Almere City
Eerste Divisie,25/26,723,928612,Hamza el Dahri,Central Midfield,21,0.275,0.1,0.17500000000000002,Almere City
Eerste Divisie,25/26,723,410735,Jamie Jacobs,Attacking Midfield,28,0.275,0.4,-0.125,Almere City
Eerste Divisie,25/26,723,585958,Junior Kadile,Left Winger,23,2.0,0.65,1.35,Almere City
Eerste Divisie,25/26,723,536520,Ruben Providence,Left Winger,24,0.3,0.35,-0.04999999999999999,Almere City
Eerste Divisie,25/26,723,692771,Byron Burgering,Right Winger,25,0.5,0.65,-0.15000000000000002,Almere City
Eerste Divisie,25/26,723,290615,Thomas Robinet,Centre-Forward,29,0.8,0.4,0.4,Almere City
Eerste Divisie,25/26,723,720799,Julian Rijkhoff,Centre-Forward,21,0.75,0.65,0.09999999999999998,Almere City
Eerste Divisie,25/26,723,949961,Bas Huisman,Centre-Forward,21,0.25,0.25,0.0,Almere City
Eerste Divisie,25/26,642,587606,Ties Wieggers,Goalkeeper,23,0.325,0.2,0.125,De Graafschap
Eerste Divisie,25/26,642,740040,Sten Kremers,Goalkeeper,22,0.05,0.05,0.0,De Graafschap
Eerste Divisie,25/26,642,823992,Rowan Besselink,Centre-Back,21,0.4,0.35,0.050000000000000044,De Graafschap
Eerste Divisie,25/26,642,936571,Stijn Bultman,Centre-Back,21,0.35,0.3,0.04999999999999999,De Graafschap
Eerste Divisie,25/26,642,663649,Joran Hardeman,Centre-Back,24,0.25,0.25,0.0,De Graafschap
Eerste Divisie,25/26,642,746974,Levi Schoppema,Left-Back,22,0.275,0.3,-0.024999999999999967,De Graafschap
Eerste Divisie,25/26,642,723010,Kaya Symons,Left-Back,21,0.275,0.2,0.07500000000000001,De Graafschap
Eerste Divisie,25/26,642,720189,Nolan Martens,Right-Back,21,0.45,0.3,0.15000000000000002,De Graafschap
Eerste Divisie,25/26,642,1087052,Tim Braem,Defensive Midfield,20,0.3,0.5,-0.2,De Graafschap
Eerste Divisie,25/26,642,738477,Teun Gijselhart,Central Midfield,21,0.65,0.05,0.6,De Graafschap
Eerste Divisie,25/26,642,443308,Reuven Niemeijer,Attacking Midfield,31,0.45,0.3,0.15000000000000002,De Graafschap
Eerste Divisie,25/26,642,559335,Fedde de Jong,Attacking Midfield,23,0.3,0.3,0.0,De Graafschap
Eerste Divisie,25/26,642,508642,Ibrahim El Kadiri,Left Winger,24,0.45,0.4,0.04999999999999999,De Graafschap
Eerste Divisie,25/26,642,462087,Arjen van der Heide,Right Winger,24,0.35,0.4,-0.050000000000000044,De Graafschap
Eerste Divisie,25/26,642,738492,Jevon Simons,Right Winger,20,0.3,0.3,0.0,De Graafschap
Eerste Divisie,25/26,235,383705,Mark Spenkelink,Goalkeeper,29,0.25,0.1,0.15,RKC Waalwijk
Eerste Divisie,25/26,235,258362,Yanick van Osch,Goalkeeper,29,0.175,0.35,-0.175,RKC Waalwijk
Eerste Divisie,25/26,235,738480,Tom Bramel,Goalkeeper,20,0.15,0.25,-0.1,RKC Waalwijk
Eerste Divisie,25/26,235,1004305,Luuk Vogels,Goalkeeper,22,0.025,0.025,0.0,RKC Waalwijk
Eerste Divisie,25/26,235,412933,Liam van Gelderen,Centre-Back,25,0.4,0.5,-0.09999999999999998,RKC Waalwijk
Eerste Divisie,25/26,235,401029,Roshon van Eijma,Centre-Back,28,0.375,0.45,-0.07500000000000001,RKC Waalwijk
Eerste Divisie,25/26,235,451297,Luuk Wouters,Centre-Back,27,0.3,0.25,0.04999999999999999,RKC Waalwijk
Eerste Divisie,25/26,235,349567,Juan Familia-Castillo,Left-Back,26,0.4,0.5,-0.09999999999999998,RKC Waalwijk
Eerste Divisie,25/26,235,940072,Nazjir Held,Left-Back,20,0.4,0.35,0.050000000000000044,RKC Waalwijk
Eerste Divisie,25/26,235,829819,Faissal Al Mazyani,Right-Back,21,0.4,0.65,-0.25,RKC Waalwijk
Eerste Divisie,25/26,235,377720,Daniël van Kaam,Defensive Midfield,26,0.375,0.45,-0.07500000000000001,RKC Waalwijk
Eerste Divisie,25/26,235,393241,Godfried Roemeratoe,Defensive Midfield,26,0.35,0.5,-0.15000000000000002,RKC Waalwijk
Eerste Divisie,25/26,235,559336,Loek Postma,Defensive Midfield,23,0.35,0.25,0.09999999999999998,RKC Waalwijk
Eerste Divisie,25/26,235,720056,Marcel Schaapman,Defensive Midfield,24,0.05,0.05,0.0,RKC Waalwijk
Eerste Divisie,25/26,235,808578,Daouda Weidmann,Central Midfield,23,0.75,0.3,0.45,RKC Waalwijk
Eerste Divisie,25/26,235,886260,Tim van de Loo,Central Midfield,23,0.45,0.6,-0.14999999999999997,RKC Waalwijk
Eerste Divisie,25/26,235,936605,Harrie Kuster,Attacking Midfield,20,0.65,0.125,0.525,RKC Waalwijk
Eerste Divisie,25/26,235,949914,Rein van Hedel,Attacking Midfield,21,0.25,0.15,0.1,RKC Waalwijk
Eerste Divisie,25/26,235,376675,Richard van der Venne,Attacking Midfield,34,0.15,0.225,-0.07500000000000001,RKC Waalwijk
Eerste Divisie,25/26,235,603477,Melle Witteveen,Attacking Midfield,23,0.1,0.05,0.05,RKC Waalwijk
Eerste Divisie,25/26,235,671675,Chris Lokesa,Left Winger,21,0.4,0.4,0.0,RKC Waalwijk
Eerste Divisie,25/26,235,1087336,Yoram van der Veen,Left Winger,21,0.175,0.05,0.12499999999999999,RKC Waalwijk
Eerste Divisie,25/26,235,582131,Denilho Cleonise,Right Winger,24,0.4,0.4,0.0,RKC Waalwijk
Eerste Divisie,25/26,235,469082,Roy Kuijpers,Right Winger,26,0.25,0.275,-0.025000000000000022,RKC Waalwijk
Eerste Divisie,25/26,235,746988,Jesper Uneken,Centre-Forward,21,0.8,0.6,0.20000000000000007,RKC Waalwijk
Eerste Divisie,25/26,235,56523,Michiel Kramer,Centre-Forward,37,0.075,0.125,-0.05,RKC Waalwijk
Eerste Divisie,25/26,1283,388815,Luca Unbehaun,Goalkeeper,25,0.35,0.35,0.0,Emmen
Eerste Divisie,25/26,1283,335027,Koen Bucker,Goalkeeper,30,0.125,0.25,-0.125,Emmen
Eerste Divisie,25/26,1283,460619,Pascal Mulder,Centre-Back,27,0.5,0.35,0.15000000000000002,Emmen
Eerste Divisie,25/26,1283,412939,Dennis Vos,Centre-Back,24,0.3,0.35,-0.04999999999999999,Emmen
Eerste Divisie,25/26,1283,691975,Joshua Mukeh,Centre-Back,23,0.3,0.25,0.04999999999999999,Emmen
Eerste Divisie,25/26,1283,936570,Gijs Bolk,Centre-Back,21,0.3,0.025,0.27499999999999997,Emmen
Eerste Divisie,25/26,1283,895089,Juliën Mesbahi,Centre-Back,20,0.15,0.15,0.0,Emmen
Eerste Divisie,25/26,1283,520102,Jorginho Soares,Centre-Back,26,0.125,0.15,-0.024999999999999994,Emmen
Eerste Divisie,25/26,1283,880604,Tim Geypens,Left-Back,21,0.2,0.075,0.125,Emmen
Eerste Divisie,25/26,1283,588744,Luca Everink,Right-Back,25,0.25,0.2,0.04999999999999999,Emmen
Eerste Divisie,25/26,1283,670779,Daniël Beukers,Right-Back,22,0.2,0.1,0.1,Emmen
Eerste Divisie,25/26,1283,596158,Casper Staring,Defensive Midfield,25,0.35,0.35,0.0,Emmen
Eerste Divisie,25/26,1283,264748,Rodney Kongolo,Central Midfield,28,0.35,0.35,0.0,Emmen
Eerste Divisie,25/26,1283,522253,Torben Rhein,Central Midfield,23,0.3,0.4,-0.10000000000000003,Emmen
Eerste Divisie,25/26,1283,317735,Julius Kade,Central Midfield,27,0.3,0.4,-0.10000000000000003,Emmen
Eerste Divisie,25/26,1283,590775,Djenahro Nunumete,Central Midfield,24,0.225,0.225,0.0,Emmen
Eerste Divisie,25/26,1283,386109,Alaa Bakir,Attacking Midfield,25,0.25,0.25,0.0,Emmen
Eerste Divisie,25/26,1283,538921,Freddy Quispel,Attacking Midfield,25,0.225,0.1,0.125,Emmen
Eerste Divisie,25/26,1283,557611,Noam Emeran,Left Winger,23,0.2,0.2,0.0,Emmen
Eerste Divisie,25/26,1283,433091,Jalen Hawkins,Right Winger,25,0.4,0.5,-0.09999999999999998,Emmen
Eerste Divisie,25/26,1283,513330,Romano Postema,Centre-Forward,24,1.0,0.45,0.55,Emmen
Eerste Divisie,25/26,1283,336331,Franck Evina,Centre-Forward,25,0.25,0.4,-0.15000000000000002,Emmen
Eerste Divisie,25/26,1283,648573,Agon Sadiku,Centre-Forward,23,0.225,0.3,-0.07499999999999998,Emmen
Eerste Divisie,25/26,1283,679414,Antonio Satriano,Centre-Forward,22,0.075,0.15,-0.075,Emmen
Eerste Divisie,25/26,192,653066,Justin Treichel,Goalkeeper,23,0.45,0.4,0.04999999999999999,Roda JC
Eerste Divisie,25/26,192,976481,Jordy Steins,Goalkeeper,20,0.025,0.025,0.0,Roda JC
Eerste Divisie,25/26,192,235274,Dario Van den Buijs,Centre-Back,30,0.35,0.5,-0.15000000000000002,Roda JC
Eerste Divisie,25/26,192,575993,Koen Jansen,Left-Back,22,0.35,0.3,0.04999999999999999,Roda JC
Eerste Divisie,25/26,192,595301,Tim Köther,Left-Back,25,0.225,0.2,0.024999999999999994,Roda JC
Eerste Divisie,25/26,192,533172,Jay Kruiver,Right-Back,25,0.5,0.45,0.04999999999999999,Roda JC
Eerste Divisie,25/26,192,775979,Reda El Meliani,Right-Back,21,0.1,0.05,0.05,Roda JC
Eerste Divisie,25/26,192,452054,Joey Müller,Defensive Midfield,25,0.5,0.4,0.09999999999999998,Roda JC
Eerste Divisie,25/26,192,548228,Lucas Beerten,Defensive Midfield,23,0.3,0.35,-0.04999999999999999,Roda JC
Eerste Divisie,25/26,192,929135,Ilias Splinter,Central Midfield,21,0.05,0.1,-0.05,Roda JC
Eerste Divisie,25/26,192,598575,Joshua Schwirten,Attacking Midfield,24,0.225,0.225,0.0,Roda JC
Eerste Divisie,25/26,192,892983,Ryan Leijten,Attacking Midfield,22,0.125,0.25,-0.125,Roda JC
Eerste Divisie,25/26,192,473170,Cain Seedorf,Left Winger,26,0.275,0.325,-0.04999999999999999,Roda JC
Eerste Divisie,25/26,192,488768,Ilias Takidine,Left Winger,25,0.125,0.1,0.024999999999999994,Roda JC
Eerste Divisie,25/26,192,258511,Michael Breij,Right Winger,29,0.4,0.4,0.0,Roda JC
Eerste Divisie,25/26,192,515396,Iman Griffith,Right Winger,24,0.25,0.2,0.04999999999999999,Roda JC
Eerste Divisie,25/26,192,625002,Jack Cooper-Love,Centre-Forward,24,0.35,0.5,-0.15000000000000002,Roda JC
Eerste Divisie,25/26,192,226100,Anthony van den Hurk,Centre-Forward,33,0.225,0.25,-0.024999999999999994,Roda JC
Eerste Divisie,25/26,384,595935,Sem Westerveld,Goalkeeper,23,0.4,0.2,0.2,MVV
Eerste Divisie,25/26,384,742719,Sep van der Heijden,Goalkeeper,21,0.025,0.025,0.0,MVV
Eerste Divisie,25/26,384,567544,Wout Coomans,Centre-Back,24,0.35,0.35,0.0,MVV
Eerste Divisie,25/26,384,1277872,Simon Francis,Centre-Back,21,0.125,0.25,-0.125,MVV
Eerste Divisie,25/26,384,844506,Lars Schenk,Left-Back,24,0.25,0.3,-0.04999999999999999,MVV
Eerste Divisie,25/26,384,995321,Djairo Tehubijuluw,Left-Back,21,0.125,0.1,0.024999999999999994,MVV
Eerste Divisie,25/26,384,1148222,Kanou Sy,Right-Back,20,0.175,0.1,0.07499999999999998,MVV
Eerste Divisie,25/26,384,187288,Robert Klaasen,Defensive Midfield,32,0.25,0.25,0.0,MVV
Eerste Divisie,25/26,384,480265,Stan Van Dessel,Central Midfield,24,0.45,0.35,0.10000000000000003,MVV
Eerste Divisie,25/26,384,957322,Nabil El Basri,Central Midfield,22,0.325,0.325,0.0,MVV
Eerste Divisie,25/26,384,714078,Marko Kleinen,Central Midfield,24,0.3,0.35,-0.04999999999999999,MVV
Eerste Divisie,25/26,384,671668,Ferre Slegers,Attacking Midfield,21,0.5,0.25,0.25,MVV
Eerste Divisie,25/26,384,1021770,Ilano Silva Timas,Left Winger,23,0.35,0.35,0.0,MVV
Eerste Divisie,25/26,384,675979,Thijme Verheijen,Left Winger,23,0.2,0.2,0.0,MVV
Eerste Divisie,25/26,384,808767,Camil Mmaee,Right Winger,22,0.4,0.4,0.0,MVV
Eerste Divisie,25/26,384,680916,Ayman Kassimi,Right Winger,24,0.1,0.15,-0.04999999999999999,MVV
Eerste Divisie,25/26,384,185400,Sven Braken,Centre-Forward,33,0.175,0.25,-0.07500000000000001,MVV
Eerste Divisie,25/26,384,1039750,Luca Foubert,Centre-Forward,22,0.15,0.1,0.04999999999999999,MVV
Eerste Divisie,25/26,404,601262,Pepijn van de Merbel,Goalkeeper,24,0.4,0.35,0.050000000000000044,Den Bosch
Eerste Divisie,25/26,404,436061,Mees Bakker,Goalkeeper,25,0.1,0.15,-0.04999999999999999,Den Bosch
Eerste Divisie,25/26,404,1136720,Tjemme Bijlsma,Goalkeeper,19,0.075,0.075,0.0,Den Bosch
Eerste Divisie,25/26,404,633124,Teun van Grunsven,Centre-Back,26,0.45,0.45,0.0,Den Bosch
Eerste Divisie,25/26,404,412930,Reda Akmum,Centre-Back,25,0.3,0.25,0.04999999999999999,Den Bosch
Eerste Divisie,25/26,404,577462,Stan Maas,Centre-Back,25,0.25,0.25,0.0,Den Bosch
Eerste Divisie,25/26,404,949911,Mees Laros,Left-Back,21,0.6,0.6,0.0,Den Bosch
Eerste Divisie,25/26,404,639974,Nick de Groot,Left-Back,24,0.4,0.4,0.0,Den Bosch
Eerste Divisie,25/26,404,562701,Sheddy Barglan,Right-Back,23,0.2,0.175,0.025000000000000022,Den Bosch
Eerste Divisie,25/26,404,102660,Jeffry Fortes,Right-Back,37,0.075,0.125,-0.05,Den Bosch
Eerste Divisie,25/26,404,433933,Kevin Felida,Defensive Midfield,26,0.4,0.2,0.2,Den Bosch
Eerste Divisie,25/26,404,1175827,Zaid el Bakkali,Central Midfield,20,0.15,0.025,0.125,Den Bosch
Eerste Divisie,25/26,404,524033,Thijs van Leeuwen,Attacking Midfield,24,0.35,0.3,0.04999999999999999,Den Bosch
Eerste Divisie,25/26,404,99508,Danny Verbeek,Attacking Midfield,35,0.05,0.1,-0.05,Den Bosch
Eerste Divisie,25/26,404,1031875,Ilias Boumassaoudi,Left Winger,21,0.45,0.225,0.225,Den Bosch
Eerste Divisie,25/26,404,480452,Hicham Acheffay,Left Winger,25,0.075,0.225,-0.15000000000000002,Den Bosch
Eerste Divisie,25/26,404,591199,Kévin Monzialo,Right Winger,25,0.9,0.3,0.6000000000000001,Den Bosch
Eerste Divisie,25/26,404,669450,Sebastian Karlsson Grach,Centre-Forward,25,0.25,0.225,0.024999999999999994,Den Bosch
Eerste Divisie,25/26,404,1056828,Denzel Kuijpers,Centre-Forward,22,0.1,0.125,-0.024999999999999994,Den Bosch
Eerste Divisie,25/26,1228,206743,Mike Havekotte,Goalkeeper,30,0.3,0.3,0.0,TOP Oss
Eerste Divisie,25/26,1228,879509,Sil Milder,Goalkeeper,21,0.025,0.025,0.0,TOP Oss
Eerste Divisie,25/26,1228,591878,Devin Remie,Goalkeeper,23,0.025,0.05,-0.025,TOP Oss
Eerste Divisie,25/26,1228,547312,Xander Lambrix,Centre-Back,26,0.7,0.35,0.35,TOP Oss
Eerste Divisie,25/26,1228,497252,Leonel Miguel,Centre-Back,25,0.25,0.225,0.024999999999999994,TOP Oss
Eerste Divisie,25/26,1228,566091,Thomas Cox,Centre-Back,24,0.2,0.15,0.05000000000000002,TOP Oss
Eerste Divisie,25/26,1228,660059,Maxim Mariani,Centre-Back,21,0.175,0.075,0.09999999999999999,TOP Oss
Eerste Divisie,25/26,1228,775986,Julian Kuijpers,Left-Back,21,0.3,0.3,0.0,TOP Oss
Eerste Divisie,25/26,1228,429929,Bryan van Hove,Left-Back,26,0.275,0.275,0.0,TOP Oss
Eerste Divisie,25/26,1228,621732,Delano Vianello,Defensive Midfield,23,0.35,0.15,0.19999999999999998,TOP Oss
Eerste Divisie,25/26,1228,706896,Marcelencio Esajas,Central Midfield,24,0.35,0.3,0.04999999999999999,TOP Oss
Eerste Divisie,25/26,1228,392744,Mitchell van Rooijen,Central Midfield,27,0.25,0.25,0.0,TOP Oss
Eerste Divisie,25/26,1228,824000,Lars Mol,Central Midfield,21,0.25,0.2,0.04999999999999999,TOP Oss
Eerste Divisie,25/26,1228,415989,Mart Remans,Attacking Midfield,28,0.275,0.2,0.07500000000000001,TOP Oss
Eerste Divisie,25/26,1228,576098,Kas de Wit,Attacking Midfield,22,0.15,0.05,0.09999999999999999,TOP Oss
Eerste Divisie,25/26,1228,899740,Mauresmo Hinoke,Left Winger,21,0.4,0.25,0.15000000000000002,TOP Oss
Eerste Divisie,25/26,1228,671736,Fofin Turay,Left Winger,22,0.1,0.1,0.0,TOP Oss
Eerste Divisie,25/26,1228,458418,Joshua Zimmerman,Right Winger,25,0.25,0.35,-0.09999999999999998,TOP Oss
Eerste Divisie,25/26,1228,187298,Luciano Slagveer,Right Winger,32,0.175,0.25,-0.07500000000000001,TOP Oss
Eerste Divisie,25/26,1228,587666,Tijmen Wildeboer,Centre-Forward,24,0.25,0.175,0.07500000000000001,TOP Oss
Eerste Divisie,25/26,1426,531712,Youri Schoonderwaldt,Goalkeeper,26,0.35,0.1,0.24999999999999997,VVV-Venlo
Eerste Divisie,25/26,1426,390814,Trevor Doornbusch,Goalkeeper,26,0.05,0.15,-0.09999999999999999,VVV-Venlo
Eerste Divisie,25/26,1426,846062,Gabin Blancquart,Centre-Back,22,0.45,0.45,0.0,VVV-Venlo
Eerste Divisie,25/26,1426,1054638,Luuk Verheij,Centre-Back,20,0.3,0.2,0.09999999999999998,VVV-Venlo
Eerste Divisie,25/26,1426,1087050,Tijn Joosten,Centre-Back,19,0.175,0.05,0.12499999999999999,VVV-Venlo
Eerste Divisie,25/26,1426,786426,Dylan Timber,Centre-Back,26,0.1,0.125,-0.024999999999999994,VVV-Venlo
Eerste Divisie,25/26,1426,694007,Thomas Reinders,Centre-Back,22,0.1,0.05,0.05,VVV-Venlo
Eerste Divisie,25/26,1426,723581,Yousri el Anbri,Centre-Back,20,0.075,0.15,-0.075,VVV-Venlo
Eerste Divisie,25/26,1426,150663,Sylian Mokono,Right-Back,27,0.25,0.275,-0.025000000000000022,VVV-Venlo
Eerste Divisie,25/26,1426,961483,Diego van Zutphen,Right-Back,21,0.125,0.15,-0.024999999999999994,VVV-Venlo
Eerste Divisie,25/26,1426,1087052,Tim Braem,Defensive Midfield,20,0.3,0.5,-0.2,VVV-Venlo
Eerste Divisie,25/26,1426,618036,Joshua Eijgenraam,Defensive Midfield,24,0.25,0.25,0.0,VVV-Venlo
Eerste Divisie,25/26,1426,370042,Driess Saddiki,Defensive Midfield,29,0.2,0.2,0.0,VVV-Venlo
Eerste Divisie,25/26,1426,618343,Joep Kluskens,Defensive Midfield,23,0.15,0.2,-0.05000000000000002,VVV-Venlo
Eerste Divisie,25/26,1426,994653,Mohammed Odriss,Central Midfield,21,0.2,0.1,0.1,VVV-Venlo
Eerste Divisie,25/26,1426,61612,Navarone Foor,Central Midfield,34,0.15,0.2,-0.05000000000000002,VVV-Venlo
Eerste Divisie,25/26,1426,566933,Naïm Matoug,Attacking Midfield,23,0.225,0.25,-0.024999999999999994,VVV-Venlo
Eerste Divisie,25/26,1426,865293,Layee Kromah,Left Winger,23,0.2,0.2,0.0,VVV-Venlo
Eerste Divisie,25/26,1426,1371849,Bjorn van Zijl,Right Winger,21,0.3,0.125,0.175,VVV-Venlo
Eerste Divisie,25/26,1426,618102,Lasse Wehmeyer,Right Winger,23,0.2,0.2,0.0,VVV-Venlo
Eerste Divisie,25/26,1426,942790,Dean Zandbergen,Centre-Forward,24,0.5,0.225,0.275,VVV-Venlo
Eerste Divisie,25/26,1426,989998,Diego van Oorschot,Centre-Forward,20,0.15,0.1,0.04999999999999999,VVV-Venlo
Eerste Divisie,25/26,3892,736097,Jort Borgmans,Goalkeeper,23,0.3,0.125,0.175,Eindhoven
Eerste Divisie,25/26,3892,277242,Jorn Brondeel,Goalkeeper,32,0.175,0.3,-0.125,Eindhoven
Eerste Divisie,25/26,3892,1019546,Nino Fancito,Goalkeeper,21,0.025,0.025,0.0,Eindhoven
Eerste Divisie,25/26,3892,621733,Farouq Limouri,Centre-Back,23,0.3,0.3,0.0,Eindhoven
Eerste Divisie,25/26,3892,477250,Terrence Douglas,Left-Back,24,0.325,0.3,0.025000000000000022,Eindhoven
Eerste Divisie,25/26,3892,591017,Siem de Moes,Left-Back,22,0.1,0.125,-0.024999999999999994,Eindhoven
Eerste Divisie,25/26,3892,619780,Niels van Berkel,Left-Back,24,0.1,0.25,-0.15,Eindhoven
Eerste Divisie,25/26,3892,496873,Xander Blomme,Defensive Midfield,24,0.3,0.45,-0.15000000000000002,Eindhoven
Eerste Divisie,25/26,3892,746987,Sven Simons,Central Midfield,22,0.45,0.325,0.125,Eindhoven
Eerste Divisie,25/26,3892,564448,Daan Huisman,Central Midfield,23,0.4,0.35,0.050000000000000044,Eindhoven
Eerste Divisie,25/26,3892,640566,Dyon Dorenbosch,Central Midfield,23,0.3,0.35,-0.04999999999999999,Eindhoven
Eerste Divisie,25/26,3892,595774,Boris van Schuppen,Attacking Midfield,24,0.35,0.55,-0.20000000000000007,Eindhoven
Eerste Divisie,25/26,3892,1228735,Tyrese Simons,Left Winger,23,0.325,0.2,0.125,Eindhoven
Eerste Divisie,25/26,3892,957307,Hugo Deenen,Left Winger,21,0.25,0.2,0.04999999999999999,Eindhoven
Eerste Divisie,25/26,3892,351873,Sven Blummel,Right Winger,29,0.325,0.4,-0.07500000000000001,Eindhoven
Eerste Divisie,25/26,3892,111183,Rangelo Janga,Centre-Forward,34,0.175,0.2,-0.025000000000000022,Eindhoven
Eerste Divisie,25/26,3892,159894,Kevin van Veen,Centre-Forward,35,0.1,0.2,-0.1,Eindhoven
Eerste Divisie,25/26,500,548934,Hugo Wentges,Goalkeeper,24,0.1,0.15,-0.04999999999999999,Helmond Sport
Eerste Divisie,25/26,500,1257359,Kevin Aben,Goalkeeper,22,0.05,0.075,-0.024999999999999994,Helmond Sport
Eerste Divisie,25/26,500,456335,Flor Van den Eynden,Centre-Back,25,0.325,0.325,0.0,Helmond Sport
Eerste Divisie,25/26,500,251975,Brian Koglin,Centre-Back,29,0.3,0.35,-0.04999999999999999,Helmond Sport
Eerste Divisie,25/26,500,412939,Dennis Vos,Centre-Back,24,0.3,0.35,-0.04999999999999999,Helmond Sport
Eerste Divisie,25/26,500,480457,Thomas Poll,Left-Back,24,0.3,0.3,0.0,Helmond Sport
Eerste Divisie,25/26,500,373977,Amir Absalem,Left-Back,29,0.3,0.35,-0.04999999999999999,Helmond Sport
Eerste Divisie,25/26,500,646705,Sem Dekkers,Right-Back,22,0.25,0.25,0.0,Helmond Sport
Eerste Divisie,25/26,500,415085,Justin Ogenia,Right-Back,27,0.2,0.2,0.0,Helmond Sport
Eerste Divisie,25/26,500,945685,Alen Dizdarevic,Defensive Midfield,22,0.35,0.325,0.024999999999999967,Helmond Sport
Eerste Divisie,25/26,500,700145,Michel Ludwig,Central Midfield,21,0.125,0.3,-0.175,Helmond Sport
Eerste Divisie,25/26,500,1036574,Helgi Fródi Ingason,Attacking Midfield,20,0.25,0.25,0.0,Helmond Sport
Eerste Divisie,25/26,500,292805,Lennerd Daneels,Left Winger,28,0.325,0.325,0.0,Helmond Sport
Eerste Divisie,25/26,500,995875,Tarik Essakkati,Left Winger,20,0.3,0.25,0.04999999999999999,Helmond Sport
Eerste Divisie,25/26,500,864124,Onesime Zimuangana,Right Winger,20,0.125,0.05,0.075,Helmond Sport
Eerste Divisie,25/26,499,477476,Connor van den Berg,Goalkeeper,25,0.3,0.05,0.25,Vitesse
Eerste Divisie,25/26,499,607141,Marcus Steffen,Centre-Back,23,0.3,0.25,0.04999999999999999,Vitesse
Eerste Divisie,25/26,499,670824,Michel Driezen,Centre-Back,22,0.05,0.1,-0.05,Vitesse
Eerste Divisie,25/26,499,38003,Alexander Büttner,Left-Back,37,0.1,0.1,0.0,Vitesse
Eerste Divisie,25/26,499,703775,Chiel Olde Keizer,Left-Back,23,0.075,0.1,-0.02500000000000001,Vitesse
Eerste Divisie,25/26,499,451576,Nathan Markelo,Right-Back,27,0.25,0.15,0.1,Vitesse
Eerste Divisie,25/26,499,559321,Dillon Hoogewerf,Left Winger,23,0.375,0.15,0.225,Vitesse
Eerste Divisie,25/26,499,827260,Adam Tahaui,Right Winger,20,0.5,0.025,0.475,Vitesse
