league,season,club,matches,possession,possession_against,xg_final,xg_final_against,xg_np,xg_np_against,xgot,xgot_against,shots,shots_against,shots_on_target,shots_on_target_against,shots_inside_box,shots_inside_box_against,big_chances,big_chances_against,corners,corners_against,passes,passes_against,accurate_passes,accurate_passes_against,touches_opp_box,touches_opp_box_against,tackles,tackles_against,interceptions,interceptions_against,clearances,clearances_against,fouls,fouls_against,yellow_cards,yellow_cards_against,red_cards,red_cards_against,saves,saves_against,final_third_entries,final_third_entries_against,ball_recoveries,ball_recoveries_against,dispossessed,dispossessed_against,km_covered,km_covered_against,sprints,sprints_against,opp_half_passes,opp_half_passes_against,pass_accuracy
Eerste Divisie,22/23,ADO Den Haag,38,46.18421052631579,53.81578947368421,1.373068136503937,1.1736194208905728,,,,,13.236842105263158,12.578947368421053,4.657894736842105,4.2105263157894735,9.394736842105264,7.2894736842105265,1.8333333333333333,1.6111111111111112,4.947368421052632,4.447368421052632,395.60526315789474,469.3421052631579,306.55263157894734,374.94736842105266,,,16.842105263157894,15.973684210526315,11.657894736842104,10.552631578947368,17.026315789473685,18.210526315789473,11.026315789473685,11.210526315789474,1.894736842105263,1.605263157894737,0.18421052631578946,0.07894736842105263,2.6842105263157894,3.3421052631578947,61.21052631578947,63.76315789473684,,,9.657894736842104,9.710526315789474,,,,,,,0.7748952304929155
Eerste Divisie,22/23,Almere City,38,53.078947368421055,46.921052631578945,1.3071124605372606,1.0274606063741234,,,,,13.657894736842104,10.710526315789474,4.868421052631579,4.131578947368421,8.5,6.578947368421052,1.7941176470588236,1.411764705882353,4.947368421052632,4.921052631578948,453.7105263157895,396.2631578947368,356.44736842105266,297.6578947368421,,,18.0,15.5,11.026315789473685,12.210526315789474,17.210526315789473,16.94736842105263,12.236842105263158,11.868421052631579,1.7105263157894737,2.0,0.05263157894736842,0.15789473684210525,3.026315789473684,3.289473684210526,68.76315789473684,60.10526315789474,,,9.31578947368421,10.710526315789474,,,,,,,0.7856272838002436
Eerste Divisie,22/23,De Graafschap,38,55.0,45.0,1.4965266285528436,1.1242418369529337,,,,,14.763157894736842,11.026315789473685,5.2368421052631575,3.973684210526316,9.5,7.078947368421052,2.027027027027027,1.5675675675675675,5.7631578947368425,3.8684210526315788,467.9736842105263,387.3421052631579,374.7368421052632,294.13157894736844,,,16.605263157894736,16.736842105263158,9.894736842105264,11.078947368421053,13.236842105263158,23.63157894736842,10.105263157894736,9.81578947368421,1.4210526315789473,1.368421052631579,0.0,0.07894736842105263,2.5789473684210527,3.4473684210526314,67.23684210526316,56.078947368421055,,,9.342105263157896,10.157894736842104,,,,,,,0.8007647753472418
Eerste Divisie,22/23,Den Bosch,38,46.81578947368421,53.18421052631579,0.9254843729697058,1.7072192828848565,,,,,9.342105263157896,14.710526315789474,3.473684210526316,6.157894736842105,6.368421052631579,10.131578947368421,1.1388888888888888,2.7222222222222223,4.421052631578948,5.447368421052632,387.7368421052632,442.10526315789474,292.5263157894737,350.6578947368421,,,18.07894736842105,16.789473684210527,12.473684210526315,8.657894736842104,19.763157894736842,12.710526315789474,10.473684210526315,10.236842105263158,1.763157894736842,1.368421052631579,0.05263157894736842,0.02631578947368421,3.9210526315789473,2.3421052631578947,60.526315789473685,60.31578947368421,,,9.842105263157896,10.605263157894736,,,,,,,0.7544455002036107
Eerste Divisie,22/23,Dordrecht,38,45.89473684210526,54.10526315789474,1.0382692515080465,1.5873475576369234,,,,,10.921052631578947,14.447368421052632,3.710526315789474,6.105263157894737,6.684210526315789,9.526315789473685,1.3157894736842106,2.263157894736842,3.8947368421052633,5.184210526315789,398.10526315789474,466.7368421052632,307.86842105263156,378.2105263157895,,,20.0,16.394736842105264,11.921052631578947,9.842105263157896,18.13157894736842,13.052631578947368,13.526315789473685,10.631578947368421,2.289473684210526,1.736842105263158,0.13157894736842105,0.0,4.2105263157894735,2.6315789473684212,50.78947368421053,64.65789473684211,,,9.421052631578947,9.657894736842104,,,,,,,0.7733342147012163
Eerste Divisie,22/23,Eindhoven,38,44.473684210526315,55.526315789473685,1.2036111503179387,1.0472310864993122,,,,,12.210526315789474,11.368421052631579,4.315789473684211,3.6315789473684212,7.842105263157895,6.421052631578948,1.6571428571428573,1.542857142857143,4.157894736842105,5.131578947368421,388.57894736842104,486.94736842105266,292.4736842105263,389.8421052631579,,,18.894736842105264,20.86842105263158,13.289473684210526,11.789473684210526,19.736842105263158,15.31578947368421,10.710526315789474,11.842105263157896,1.6842105263157894,1.763157894736842,0.18421052631578946,0.02631578947368421,2.324324324324324,2.7837837837837838,53.078947368421055,67.52631578947368,,,12.157894736842104,11.842105263157896,,,,,,,0.7526750643369904
Eerste Divisie,22/23,Helmond Sport,38,46.921052631578945,53.078947368421055,0.974738998337258,1.1416720076810694,,,,,10.447368421052632,11.710526315789474,3.6315789473684212,4.078947368421052,6.7368421052631575,7.657894736842105,1.2,1.5142857142857142,4.052631578947368,5.526315789473684,418.5263157894737,472.07894736842104,323.2105263157895,377.0,,,18.57894736842105,15.710526315789474,12.026315789473685,10.552631578947368,18.710526315789473,14.236842105263158,11.5,9.605263157894736,1.9473684210526316,1.3157894736842106,0.05263157894736842,0.10526315789473684,2.5833333333333335,2.6944444444444446,57.6578947368421,63.21052631578947,,,9.710526315789474,9.894736842105264,,,,,,,0.772258551307847
Eerste Divisie,22/23,Heracles,38,51.36842105263158,48.63157894736842,1.6573340139437174,1.025269407799863,,,,,15.052631578947368,10.210526315789474,6.184210526315789,3.6578947368421053,9.789473684210526,6.315789473684211,2.657142857142857,1.542857142857143,6.157894736842105,3.9473684210526314,418.55263157894734,401.7105263157895,326.8421052631579,311.2631578947368,,,20.31578947368421,16.92105263157895,11.236842105263158,10.736842105263158,13.31578947368421,20.13157894736842,12.368421052631579,10.868421052631579,1.7105263157894737,1.8421052631578947,0.05263157894736842,0.13157894736842105,2.526315789473684,3.5,63.578947368421055,54.21052631578947,,,9.368421052631579,11.447368421052632,,,,,,,0.780886513674945
Eerste Divisie,22/23,Jong AZ,38,52.078947368421055,47.921052631578945,1.1819712235443594,1.2709753212201165,,,,,11.552631578947368,13.18421052631579,5.2105263157894735,5.2894736842105265,6.2894736842105265,8.473684210526315,1.911764705882353,1.588235294117647,4.0,5.052631578947368,478.2894736842105,428.60526315789474,385.2894736842105,340.2368421052632,,,18.736842105263158,18.105263157894736,10.605263157894736,11.947368421052632,16.57894736842105,13.210526315789474,10.105263157894736,12.052631578947368,1.631578947368421,1.868421052631579,0.07894736842105263,0.13157894736842105,3.789473684210526,3.5789473684210527,59.94736842105263,60.36842105263158,,,10.157894736842104,10.710526315789474,,,,,,,0.805557083906465
Eerste Divisie,22/23,Jong Ajax,38,61.21052631578947,38.78947368421053,1.283684255215489,1.6492470616650994,,,,,13.947368421052632,15.026315789473685,5.552631578947368,5.473684210526316,7.7631578947368425,10.81578947368421,1.6216216216216217,2.324324324324324,4.342105263157895,5.0,563.6578947368421,343.10526315789474,484.7631578947368,259.2105263157895,,,15.763157894736842,22.31578947368421,8.105263157894736,12.105263157894736,16.63157894736842,16.44736842105263,8.526315789473685,11.289473684210526,1.5,1.7105263157894737,0.13157894736842105,0.13157894736842105,3.5789473684210527,3.6842105263157894,63.86842105263158,53.39473684210526,,,12.157894736842104,8.789473684210526,,,,,,,0.860030813763481
Eerste Divisie,22/23,Jong PSV,38,50.78947368421053,49.21052631578947,1.1920197365012661,1.1917174865796156,,,,,12.210526315789474,13.052631578947368,4.421052631578948,4.315789473684211,7.184210526315789,8.236842105263158,1.7222222222222223,1.3888888888888888,3.6578947368421053,5.105263157894737,465.39473684210526,446.10526315789474,379.86842105263156,356.6578947368421,,,17.657894736842106,19.789473684210527,10.236842105263158,10.657894736842104,19.394736842105264,11.210526315789474,10.026315789473685,10.736842105263158,1.631578947368421,1.4473684210526316,0.0,0.0,2.6315789473684212,2.8157894736842106,50.89473684210526,65.07894736842105,,,10.657894736842104,10.894736842105264,,,,,,,0.8162284421826407
Eerste Divisie,22/23,Jong Utrecht,38,47.63157894736842,52.36842105263158,1.1544444087358705,1.3435856550975296,,,,,12.236842105263158,13.078947368421053,4.026315789473684,5.157894736842105,7.684210526315789,8.5,1.588235294117647,1.9411764705882353,4.315789473684211,5.078947368421052,408.36842105263156,450.2368421052632,320.55263157894734,360.4736842105263,,,17.5,20.894736842105264,11.763157894736842,11.631578947368421,16.55263157894737,12.0,11.447368421052632,10.868421052631579,1.8421052631578947,1.763157894736842,0.10526315789473684,0.05263157894736842,3.4210526315789473,3.1578947368421053,53.78947368421053,62.36842105263158,,,10.736842105263158,11.026315789473685,,,,,,,0.7849594019847919
Eerste Divisie,22/23,MVV,38,48.26315789473684,51.73684210526316,1.403261425099095,1.741813507270764,,,,,11.947368421052632,18.342105263157894,4.631578947368421,6.184210526315789,7.921052631578948,11.973684210526315,2.3513513513513513,2.081081081081081,3.6842105263157894,5.631578947368421,441.63157894736844,466.5,338.8421052631579,366.86842105263156,,,16.0,15.078947368421053,12.921052631578947,11.973684210526315,18.473684210526315,12.026315789473685,11.368421052631579,8.657894736842104,1.868421052631579,1.6842105263157894,0.02631578947368421,0.02631578947368421,4.486486486486487,3.081081081081081,58.28947368421053,69.8157894736842,,,9.526315789473685,9.394736842105264,,,,,,,0.7672506256703611
Eerste Divisie,22/23,NAC Breda,38,49.71052631578947,50.28947368421053,1.1130653812606377,1.3353485841264665,,,,,11.657894736842104,12.078947368421053,4.2105263157894735,4.526315789473684,7.368421052631579,8.526315789473685,1.457142857142857,2.057142857142857,4.947368421052632,4.605263157894737,414.3421052631579,421.1578947368421,310.05263157894734,320.94736842105266,,,19.526315789473685,15.763157894736842,10.552631578947368,10.210526315789474,16.763157894736842,19.86842105263158,10.236842105263158,11.68421052631579,1.605263157894737,1.894736842105263,0.10526315789473684,0.13157894736842105,2.789473684210526,2.5526315789473686,65.21052631578948,61.44736842105263,,,10.078947368421053,10.289473684210526,,,,,,,0.7483010479517307
Eerste Divisie,22/23,PEC Zwolle,38,59.473684210526315,40.526315789473685,1.908832206682133,1.0664215776478594,,,,,18.289473684210527,9.763157894736842,6.815789473684211,4.0,12.657894736842104,6.2368421052631575,2.5135135135135136,1.6216216216216217,5.973684210526316,3.3421052631578947,511.2105263157895,350.1842105263158,404.1578947368421,240.21052631578948,,,15.210526315789474,16.105263157894736,10.31578947368421,13.0,12.552631578947368,23.13157894736842,10.868421052631579,10.447368421052632,1.3421052631578947,1.736842105263158,0.05263157894736842,0.07894736842105263,2.945945945945946,4.27027027027027,77.3157894736842,57.0,,,10.342105263157896,8.868421052631579,,,,,,,0.7905899310202821
Eerste Divisie,22/23,Roda JC,38,53.578947368421055,46.421052631578945,1.302905156140496,1.1647992863212735,,,,,13.236842105263158,11.236842105263158,5.026315789473684,4.473684210526316,8.236842105263158,7.0,1.75,1.7222222222222223,5.026315789473684,4.526315789473684,458.05263157894734,400.39473684210526,364.10526315789474,304.3157894736842,,,14.052631578947368,18.07894736842105,8.578947368421053,10.473684210526315,14.81578947368421,19.68421052631579,11.289473684210526,11.842105263157896,1.6842105263157894,2.0526315789473686,0.05263157894736842,0.07894736842105263,3.0,3.7027027027027026,63.526315789473685,58.473684210526315,,,9.447368421052632,8.18421052631579,,,,,,,0.7948983109272665
Eerste Divisie,22/23,TOP Oss,38,41.44736842105263,58.55263157894737,0.9245330178273691,1.6607089657502356,,,,,9.052631578947368,16.157894736842106,3.3684210526315788,6.184210526315789,5.7894736842105265,9.789473684210526,1.3333333333333333,2.5277777777777777,3.710526315789474,5.131578947368421,361.63157894736844,514.2894736842105,261.42105263157896,417.3157894736842,,,19.657894736842106,17.57894736842105,12.18421052631579,12.657894736842104,18.342105263157894,13.131578947368421,11.973684210526315,10.631578947368421,1.736842105263158,1.394736842105263,0.05263157894736842,0.05263157894736842,4.157894736842105,2.1578947368421053,62.78947368421053,69.10526315789474,,,9.526315789473685,11.157894736842104,,,,,,,0.7228933197496725
Eerste Divisie,22/23,Telstar,38,47.23684210526316,52.76315789473684,1.2212391779030363,1.1450400442856399,,,,,11.5,11.631578947368421,4.052631578947368,4.0,7.368421052631579,7.078947368421052,1.9166666666666667,1.6666666666666667,4.657894736842105,3.8947368421052633,398.1578947368421,450.60526315789474,305.2894736842105,358.39473684210526,,,16.63157894736842,19.68421052631579,11.631578947368421,10.5,15.578947368421053,17.81578947368421,12.210526315789474,13.921052631578947,1.3157894736842106,1.763157894736842,0.05263157894736842,0.07894736842105263,2.5789473684210527,2.8421052631578947,67.44736842105263,61.18421052631579,,,11.894736842105264,9.921052631578947,,,,,,,0.7667547918043622
Eerste Divisie,22/23,VVV-Venlo,38,47.28947368421053,52.71052631578947,1.3484414650177567,1.2250412047758317,,,,,13.736842105263158,12.947368421052632,5.0,4.526315789473684,9.078947368421053,7.868421052631579,1.8235294117647058,1.7058823529411764,5.342105263157895,5.2894736842105265,428.7631578947368,482.7368421052632,333.5263157894737,390.94736842105266,,,17.289473684210527,17.263157894736842,11.289473684210526,10.447368421052632,17.55263157894737,17.605263157894736,10.289473684210526,11.210526315789474,1.4736842105263157,1.736842105263158,0.02631578947368421,0.05263157894736842,3.0526315789473686,3.4473684210526314,57.36842105263158,63.5,,,10.105263157894736,10.394736842105264,,,,,,,0.7778800711962193
Eerste Divisie,22/23,Willem II,38,51.55263157894737,48.44736842105263,1.4286458471172225,0.8104284122553519,,,,,13.947368421052632,9.68421052631579,4.815789473684211,3.1315789473684212,8.789473684210526,5.447368421052632,2.138888888888889,0.8888888888888888,6.052631578947368,2.9210526315789473,456.44736842105266,438.2894736842105,357.5,336.7368421052632,,,16.13157894736842,15.921052631578947,9.894736842105264,10.578947368421053,13.605263157894736,23.605263157894736,9.789473684210526,10.657894736842104,1.5526315789473684,1.5526315789473684,0.05263157894736842,0.02631578947368421,2.0789473684210527,3.0789473684210527,67.05263157894737,58.73684210526316,,,9.473684210526315,9.263157894736842,,,,,,,0.7832228307869703
Eerste Divisie,23/24,ADO Den Haag,38,52.28947368421053,47.71052631578947,1.4457933638446552,1.1165849553637288,,,,,13.5,10.763157894736842,5.2894736842105265,4.052631578947368,8.710526315789474,6.605263157894737,2.108108108108108,1.6486486486486487,6.078947368421052,4.605263157894737,422.5263157894737,387.9736842105263,324.0,295.42105263157896,,,15.631578947368421,14.342105263157896,9.842105263157896,9.868421052631579,14.81578947368421,22.05263157894737,11.842105263157896,10.394736842105264,1.868421052631579,1.736842105263158,0.07894736842105263,0.05263157894736842,2.5789473684210527,3.289473684210526,70.8157894736842,55.68421052631579,58.68421052631579,56.39473684210526,8.105263157894736,8.447368421052632,,,,,,,0.7668161434977578
Eerste Divisie,23/24,Cambuur,38,51.36842105263158,48.63157894736842,1.562293178535535,1.3763718898383481,,,,,14.342105263157896,13.578947368421053,5.605263157894737,5.052631578947368,9.236842105263158,8.763157894736842,2.3157894736842106,1.7894736842105263,6.105263157894737,5.078947368421052,407.0,391.2105263157895,307.60526315789474,296.9736842105263,39.0,18.0,15.18421052631579,13.342105263157896,9.526315789473685,9.0,17.605263157894736,19.81578947368421,11.868421052631579,10.473684210526315,1.868421052631579,1.9210526315789473,0.05263157894736842,0.10526315789473684,3.1315789473684212,3.710526315789474,62.39473684210526,59.55263157894737,56.23684210526316,56.973684210526315,7.842105263157895,8.236842105263158,,,,,,,0.7557868873658348
Eerste Divisie,23/24,De Graafschap,38,52.36842105263158,47.63157894736842,1.4237424786008808,1.2198336716928389,,,,,13.868421052631579,11.921052631578947,5.2894736842105265,4.315789473684211,9.210526315789474,7.394736842105263,1.8918918918918919,1.7837837837837838,6.131578947368421,4.578947368421052,430.2105263157895,396.63157894736844,335.8157894736842,304.57894736842104,22.0,10.0,13.763157894736842,16.13157894736842,8.5,10.131578947368421,16.92105263157895,21.526315789473685,9.605263157894736,9.447368421052632,1.4736842105263157,1.3421052631578947,0.02631578947368421,0.02631578947368421,2.8947368421052633,3.6315789473684212,67.26315789473684,55.68421052631579,57.55263157894737,58.6578947368421,8.868421052631579,8.447368421052632,,,,,,,0.7805847810129679
Eerste Divisie,23/24,Den Bosch,38,44.63157894736842,55.36842105263158,1.00161774531505,1.2173570326564258,,,,,10.026315789473685,13.473684210526315,3.236842105263158,5.052631578947368,6.368421052631579,8.368421052631579,1.4857142857142858,1.3714285714285714,4.7105263157894735,5.552631578947368,381.92105263157896,477.63157894736844,292.05263157894734,387.7631578947368,,,16.31578947368421,16.342105263157894,9.289473684210526,9.394736842105264,18.55263157894737,16.236842105263158,10.578947368421053,11.18421052631579,1.9736842105263157,1.605263157894737,0.07894736842105263,0.05263157894736842,3.1578947368421053,2.236842105263158,48.973684210526315,63.921052631578945,55.026315789473685,58.78947368421053,9.81578947368421,9.605263157894736,,,,,,,0.7646937228691518
Eerste Divisie,23/24,Dordrecht,38,52.473684210526315,47.526315789473685,1.4098990473046284,1.3853917638110134,,,,,15.473684210526315,15.236842105263158,5.447368421052632,5.078947368421052,8.973684210526315,8.921052631578947,1.7297297297297298,1.7027027027027026,5.368421052631579,5.394736842105263,417.07894736842104,376.5,323.05263157894734,282.94736842105266,22.5,24.5,16.789473684210527,15.763157894736842,9.973684210526315,10.921052631578947,18.894736842105264,17.157894736842106,11.447368421052632,11.81578947368421,2.0526315789473686,1.5,0.07894736842105263,0.07894736842105263,3.6842105263157894,3.473684210526316,57.86842105263158,60.81578947368421,60.36842105263158,59.31578947368421,8.921052631578947,10.131578947368421,,,,,,,0.7745599091425327
Eerste Divisie,23/24,Eindhoven,38,46.26315789473684,53.73684210526316,1.2694394918967642,1.295640894177964,,,,,12.552631578947368,14.026315789473685,4.684210526315789,5.078947368421052,8.578947368421053,8.210526315789474,1.5675675675675675,1.6216216216216217,4.421052631578948,6.5,399.5,466.2894736842105,306.7368421052632,376.10526315789474,22.5625,22.0625,15.631578947368421,13.342105263157896,9.631578947368421,8.421052631578947,20.289473684210527,19.0,9.447368421052632,10.578947368421053,1.5,1.263157894736842,0.05263157894736842,0.05263157894736842,3.5789473684210527,3.473684210526316,55.73684210526316,70.02631578947368,57.921052631578945,60.26315789473684,7.578947368421052,8.868421052631579,,,,,,,0.7678018575851393
Eerste Divisie,23/24,Emmen,38,50.05263157894737,49.94736842105263,1.2703549574862343,1.1758133269929416,,,,,13.842105263157896,12.763157894736842,4.7105263157894735,4.342105263157895,7.947368421052632,8.31578947368421,1.6216216216216217,1.2972972972972974,4.631578947368421,5.631578947368421,434.2105263157895,428.6578947368421,328.89473684210526,324.8157894736842,17.0,28.666666666666668,16.973684210526315,13.157894736842104,11.105263157894736,10.236842105263158,20.210526315789473,21.394736842105264,12.131578947368421,10.842105263157896,1.7105263157894737,1.7894736842105263,0.07894736842105263,0.05263157894736842,2.8157894736842106,3.1315789473684212,68.07894736842105,63.473684210526315,59.921052631578945,60.921052631578945,7.526315789473684,9.605263157894736,,,,,,,0.7574545454545455
Eerste Divisie,23/24,Groningen,38,53.71052631578947,46.28947368421053,1.5981938144018142,0.7787476452203945,,,,,16.342105263157894,8.052631578947368,5.552631578947368,2.526315789473684,10.368421052631579,5.078947368421052,2.1666666666666665,1.0833333333333333,6.947368421052632,3.1578947368421053,458.2631578947368,398.6578947368421,358.4736842105263,292.5,30.333333333333332,8.333333333333334,14.868421052631579,15.68421052631579,10.368421052631579,10.68421052631579,11.842105263157896,21.657894736842106,10.894736842105264,10.973684210526315,1.394736842105263,1.9736842105263157,0.05263157894736842,0.02631578947368421,1.736842105263158,3.6578947368421053,73.5,52.60526315789474,61.71052631578947,58.60526315789474,8.552631578947368,8.421052631578947,,,,,,,0.7822441713563799
Eerste Divisie,23/24,Helmond Sport,38,48.578947368421055,51.421052631578945,1.1393263466951968,1.3920327028961517,,,,,11.526315789473685,13.552631578947368,4.2631578947368425,5.605263157894737,7.105263157894737,8.578947368421053,1.4736842105263157,1.8421052631578947,5.157894736842105,5.105263157894737,427.05263157894734,452.10526315789474,341.94736842105266,362.7368421052632,19.5,23.5,14.18421052631579,15.368421052631579,9.263157894736842,8.763157894736842,17.57894736842105,16.473684210526315,10.342105263157896,10.763157894736842,1.5789473684210527,1.736842105263158,0.05263157894736842,0.05263157894736842,4.078947368421052,2.789473684210526,55.18421052631579,64.60526315789474,57.8421052631579,58.13157894736842,8.921052631578947,7.2631578947368425,,,,,,,0.8007148139018979
Eerste Divisie,23/24,Jong AZ,38,52.81578947368421,47.18421052631579,1.2713722220597856,1.3845928573482518,,,,,12.289473684210526,13.578947368421053,4.7368421052631575,4.7631578947368425,7.342105263157895,8.973684210526315,2.0,1.9714285714285715,4.342105263157895,5.5,461.89473684210526,400.1842105263158,376.8157894736842,315.55263157894734,,,17.842105263157894,18.07894736842105,8.894736842105264,10.421052631578947,18.81578947368421,12.157894736842104,10.81578947368421,13.078947368421053,1.894736842105263,2.0789473684210527,0.05263157894736842,0.15789473684210525,3.0526315789473686,3.0789473684210527,57.1578947368421,58.6578947368421,56.8421052631579,57.71052631578947,8.68421052631579,9.473684210526315,,,,,,,0.8158044667274384
Eerste Divisie,23/24,Jong Ajax,38,54.76315789473684,45.23684210526316,1.1867828390522401,1.525158880476182,,,,,12.105263157894736,14.526315789473685,4.7105263157894735,5.921052631578948,6.868421052631579,9.657894736842104,1.7714285714285714,2.142857142857143,4.157894736842105,5.578947368421052,485.94736842105266,393.6842105263158,406.5263157894737,303.9736842105263,30.0,25.5,15.526315789473685,21.86842105263158,9.921052631578947,8.947368421052632,18.263157894736842,12.842105263157896,9.447368421052632,10.973684210526315,1.5789473684210527,1.631578947368421,0.0,0.10526315789473684,4.078947368421052,3.210526315789474,54.473684210526315,56.55263157894737,59.05263157894737,59.526315789473685,11.263157894736842,9.289473684210526,,,,,,,0.836564496913246
Eerste Divisie,23/24,Jong PSV,38,56.73684210526316,43.26315789473684,1.2844645391220455,1.5915997078896291,,,,,12.526315789473685,15.078947368421053,5.2105263157894735,5.921052631578948,7.5,10.394736842105264,1.763157894736842,2.0526315789473686,4.7894736842105265,5.7368421052631575,537.1052631578947,400.2894736842105,444.55263157894734,307.7894736842105,18.0,32.0,15.157894736842104,15.68421052631579,8.710526315789474,9.947368421052632,18.36842105263158,14.552631578947368,10.736842105263158,9.526315789473685,1.5263157894736843,1.131578947368421,0.10526315789473684,0.07894736842105263,3.763157894736842,3.5526315789473686,58.94736842105263,60.0,61.44736842105263,60.473684210526315,8.552631578947368,9.0,,,,,,,0.8276825085742283
Eerste Divisie,23/24,Jong Utrecht,38,45.13157894736842,54.86842105263158,1.0826457328633736,1.6002480056154436,,,,,10.947368421052632,14.552631578947368,4.157894736842105,5.657894736842105,6.842105263157895,9.342105263157896,1.4324324324324325,2.4864864864864864,4.421052631578948,5.447368421052632,399.2631578947368,486.5,299.44736842105266,385.55263157894734,19.5,31.5,15.947368421052632,15.342105263157896,9.868421052631579,11.0,19.105263157894736,14.473684210526315,12.447368421052632,10.868421052631579,2.026315789473684,1.4210526315789473,0.10526315789473684,0.05263157894736842,3.763157894736842,3.236842105263158,58.1578947368421,66.97368421052632,60.31578947368421,61.78947368421053,9.157894736842104,9.31578947368421,,,,,,,0.75
Eerste Divisie,23/24,MVV,38,47.473684210526315,52.526315789473685,1.1664629767342818,1.5617708781964599,,,,,10.763157894736842,16.526315789473685,4.2894736842105265,5.815789473684211,7.2894736842105265,10.18421052631579,1.6944444444444444,2.0,4.052631578947368,5.315789473684211,441.2105263157895,482.92105263157896,343.5263157894737,390.89473684210526,18.5,28.0,13.605263157894736,14.842105263157896,9.210526315789474,11.236842105263158,18.31578947368421,14.605263157894736,11.131578947368421,8.605263157894736,1.263157894736842,1.394736842105263,0.10526315789473684,0.0,4.2894736842105265,2.6842105263157894,56.63157894736842,66.34210526315789,62.8421052631579,62.71052631578947,9.947368421052632,7.7105263157894735,,,,,,,0.7785995467016581
Eerste Divisie,23/24,NAC Breda,38,52.973684210526315,47.026315789473685,1.293037396665105,0.9808701831304512,,,,,13.868421052631579,10.842105263157896,4.421052631578948,3.736842105263158,8.763157894736842,6.2105263157894735,1.6857142857142857,1.2857142857142858,5.2105263157894735,4.026315789473684,461.3421052631579,411.10526315789474,368.1842105263158,319.44736842105266,26.0,16.0,15.342105263157896,14.342105263157896,9.236842105263158,9.631578947368421,16.157894736842106,19.157894736842106,10.736842105263158,11.447368421052632,1.7894736842105263,1.9210526315789473,0.05263157894736842,0.05263157894736842,2.1842105263157894,2.8947368421052633,66.07894736842105,55.78947368421053,58.078947368421055,55.526315789473685,8.289473684210526,8.263157894736842,,,,,,,0.7980719867662996
Eerste Divisie,23/24,Roda JC,38,51.94736842105263,48.05263157894737,1.372946649932702,1.0534915476944469,,,,,14.973684210526315,11.763157894736842,5.894736842105263,4.0,8.578947368421053,7.157894736842105,1.8235294117647058,1.2647058823529411,5.578947368421052,4.684210526315789,451.44736842105266,414.1578947368421,356.7894736842105,318.3421052631579,12.0,26.5,15.868421052631579,15.657894736842104,9.973684210526315,10.921052631578947,16.105263157894736,18.789473684210527,10.131578947368421,12.394736842105264,1.5789473684210527,2.210526315789474,0.05263157894736842,0.13157894736842105,3.1315789473684212,4.0,64.07894736842105,56.81578947368421,61.44736842105263,59.73684210526316,8.342105263157896,9.342105263157896,,,,,,,0.7903235208394054
Eerste Divisie,23/24,TOP Oss,38,39.78947368421053,60.21052631578947,0.9407911576204513,1.4604720388598822,,,,,10.421052631578947,13.552631578947368,3.3157894736842106,5.657894736842105,6.394736842105263,8.052631578947368,1.1081081081081081,2.27027027027027,4.5,5.526315789473684,331.10526315789474,515.1315789473684,241.42105263157896,424.2894736842105,12.0,20.0,16.44736842105263,13.973684210526315,11.289473684210526,8.921052631578947,20.842105263157894,15.605263157894736,11.526315789473685,9.921052631578947,1.7105263157894737,1.2894736842105263,0.05263157894736842,0.07894736842105263,3.789473684210526,2.4210526315789473,58.73684210526316,69.36842105263158,56.81578947368421,59.8421052631579,8.947368421052632,9.052631578947368,,,,,,,0.7291368621840725
Eerste Divisie,23/24,Telstar,38,46.60526315789474,53.39473684210526,1.1647544269895307,1.3827072172217607,,,,,13.131578947368421,12.052631578947368,4.421052631578948,5.052631578947368,7.7368421052631575,7.578947368421052,1.3243243243243243,2.27027027027027,5.394736842105263,5.5,374.57894736842104,436.3421052631579,280.7368421052632,341.7368421052632,,,13.81578947368421,15.18421052631579,10.31578947368421,8.631578947368421,16.342105263157894,17.789473684210527,12.210526315789474,11.552631578947368,1.5789473684210527,1.631578947368421,0.18421052631578946,0.05263157894736842,3.289473684210526,3.1578947368421053,63.578947368421055,63.55263157894737,59.68421052631579,57.94736842105263,9.263157894736842,8.526315789473685,,,,,,,0.7494730925951946
Eerste Divisie,23/24,VVV-Venlo,38,49.5,50.5,1.275817193291988,1.238919404855474,,,,,12.605263157894736,12.5,5.2368421052631575,4.815789473684211,8.31578947368421,7.2368421052631575,1.6111111111111112,1.8055555555555556,4.7894736842105265,5.2368421052631575,430.8421052631579,439.5,342.55263157894734,351.44736842105266,20.75,20.5,15.473684210526315,16.289473684210527,9.5,8.842105263157896,18.81578947368421,18.07894736842105,10.736842105263158,11.736842105263158,1.4736842105263157,1.894736842105263,0.13157894736842105,0.13157894736842105,3.3421052631578947,3.8157894736842106,54.026315789473685,59.76315789473684,56.10526315789474,57.10526315789474,8.973684210526315,8.131578947368421,,,,,,,0.7950769606645492
Eerste Divisie,23/24,Willem II,38,50.526315789473685,49.473684210526315,1.4513479066880088,0.8734788611624833,,,,,13.473684210526315,10.236842105263158,5.105263157894737,3.1315789473684212,8.868421052631579,5.973684210526316,2.1944444444444446,0.9722222222222222,5.7894736842105265,4.421052631578948,452.55263157894734,449.57894736842104,362.2894736842105,358.55263157894734,17.0,23.0,14.263157894736842,13.894736842105264,9.973684210526315,8.473684210526315,16.0,20.473684210526315,9.394736842105264,10.894736842105264,1.5,1.868421052631579,0.02631578947368421,0.07894736842105263,2.263157894736842,3.1578947368421053,66.36842105263158,57.86842105263158,59.526315789473685,57.0,7.315789473684211,7.7368421052631575,,,,,,,0.8005466069663313
Eerste Divisie,24/25,ADO Den Haag,38,49.71052631578947,50.28947368421053,1.6304149866730886,1.1919154546506345,,,,,15.026315789473685,9.921052631578947,5.394736842105263,3.763157894736842,9.052631578947368,6.657894736842105,2.7027027027027026,2.054054054054054,5.052631578947368,3.8947368421052633,389.6842105263158,398.10526315789474,289.7105263157895,299.2368421052632,25.63157894736842,17.68421052631579,17.18421052631579,14.526315789473685,6.657894736842105,9.789473684210526,19.657894736842106,25.81578947368421,13.421052631578947,13.263157894736842,1.763157894736842,2.1315789473684212,0.18421052631578946,0.15789473684210525,2.473684210526316,3.6052631578947367,68.21052631578948,57.89473684210526,53.60526315789474,52.28947368421053,7.315789473684211,8.947368421052632,114.50405405405404,114.34513513513515,186.9189189189189,176.2972972972973,,,0.7434494867639114
Eerste Divisie,24/25,Cambuur,38,55.13157894736842,44.86842105263158,1.6140563612191148,1.1980031544338612,,,,,16.210526315789473,10.921052631578947,5.657894736842105,3.8421052631578947,10.210526315789474,6.842105263157895,2.1578947368421053,1.9210526315789473,5.7894736842105265,3.8947368421052633,450.8421052631579,368.0263157894737,359.2894736842105,279.57894736842104,25.289473684210527,17.63157894736842,16.973684210526315,17.42105263157895,8.289473684210526,9.368421052631579,15.789473684210526,23.236842105263158,11.68421052631579,14.026315789473685,1.7105263157894737,2.289473684210526,0.02631578947368421,0.10526315789473684,2.763157894736842,3.9473684210526314,60.10526315789474,50.0,52.026315789473685,50.421052631578945,8.842105263157896,9.973684210526315,115.2813888888889,115.47805555555556,175.94444444444446,177.27777777777777,,,0.7969297221573663
Eerste Divisie,24/25,De Graafschap,38,53.44736842105263,46.55263157894737,1.637074851235404,1.2061299526071427,,,,,16.026315789473685,11.368421052631579,5.7894736842105265,3.8157894736842106,10.131578947368421,7.552631578947368,2.388888888888889,1.8333333333333333,5.394736842105263,4.105263157894737,444.2894736842105,390.3421052631579,352.07894736842104,297.57894736842104,29.763157894736842,20.13157894736842,18.710526315789473,20.42105263157895,8.473684210526315,9.789473684210526,19.42105263157895,25.18421052631579,11.210526315789474,11.18421052631579,1.5789473684210527,1.605263157894737,0.0,0.07894736842105263,2.5526315789473686,3.8684210526315788,64.65789473684211,57.0,52.473684210526315,53.89473684210526,11.973684210526315,9.81578947368421,117.41558823529412,115.55705882352942,201.41176470588235,188.2058823529412,,,0.7924539477580999
Eerste Divisie,24/25,Den Bosch,38,45.18421052631579,54.81578947368421,1.2977223628999823,1.2162476722178446,,,,,12.263157894736842,13.236842105263158,4.473684210526316,4.447368421052632,7.421052631578948,8.078947368421053,1.9736842105263157,1.394736842105263,5.2631578947368425,5.2631578947368425,364.57894736842104,444.63157894736844,277.1578947368421,354.89473684210526,20.105263157894736,23.526315789473685,18.763157894736842,15.289473684210526,10.605263157894736,8.18421052631579,22.210526315789473,19.526315789473685,12.105263157894736,10.0,1.7105263157894737,1.4736842105263157,0.05263157894736842,0.02631578947368421,3.1052631578947367,3.1052631578947367,55.71052631578947,60.71052631578947,51.578947368421055,50.94736842105263,8.263157894736842,10.578947368421053,111.49303030303031,112.4409090909091,198.24242424242425,197.1818181818182,,,0.7602136567056446
Eerste Divisie,24/25,Dordrecht,38,48.73684210526316,51.26315789473684,1.5226108879547229,1.3893411098371231,,,,,13.763157894736842,12.736842105263158,5.078947368421052,4.394736842105263,9.105263157894736,8.105263157894736,2.289473684210526,2.1842105263157894,5.631578947368421,5.184210526315789,381.8157894736842,401.92105263157896,288.92105263157896,308.60526315789474,24.94736842105263,24.86842105263158,18.973684210526315,17.210526315789473,8.789473684210526,7.7368421052631575,21.763157894736842,23.210526315789473,12.210526315789474,13.789473684210526,1.5263157894736843,1.894736842105263,0.05263157894736842,0.10526315789473684,3.1052631578947367,3.236842105263158,57.8421052631579,59.473684210526315,56.8421052631579,56.13157894736842,9.078947368421053,9.368421052631579,119.02166666666666,115.7863888888889,253.80555555555554,235.33333333333334,,,0.7567027362326831
Eerste Divisie,24/25,Eindhoven,38,44.78947368421053,55.21052631578947,1.305613298070827,1.3607946820690338,,,,,10.763157894736842,13.131578947368421,4.421052631578948,4.657894736842105,7.526315789473684,7.815789473684211,2.1052631578947367,2.0526315789473686,3.3157894736842106,5.684210526315789,403.8157894736842,500.2631578947368,311.44736842105266,411.89473684210526,17.68421052631579,24.263157894736842,16.86842105263158,12.5,10.763157894736842,8.789473684210526,25.710526315789473,18.157894736842106,10.210526315789474,11.578947368421053,1.3421052631578947,1.605263157894737,0.07894736842105263,0.07894736842105263,2.9210526315789473,2.8684210526315788,54.0,68.6842105263158,51.18421052631579,54.39473684210526,7.473684210526316,9.236842105263158,120.76277777777779,113.85666666666667,201.44444444444446,196.66666666666666,,,0.7712609970674487
Eerste Divisie,24/25,Emmen,38,53.76315789473684,46.23684210526316,1.4580680142932796,1.263166424916261,,,,,13.18421052631579,12.342105263157896,4.868421052631579,4.7105263157894735,7.947368421052632,7.421052631578948,2.4324324324324325,1.837837837837838,5.868421052631579,4.605263157894737,439.2105263157895,377.7105263157895,345.86842105263156,283.55263157894734,23.605263157894736,20.0,16.68421052631579,18.07894736842105,9.868421052631579,10.5,21.157894736842106,22.473684210526315,14.473684210526315,11.368421052631579,1.868421052631579,2.026315789473684,0.02631578947368421,0.07894736842105263,3.289473684210526,3.4210526315789473,66.36842105263158,56.21052631578947,51.71052631578947,51.421052631578945,9.526315789473685,9.526315789473685,110.77558823529411,117.1779411764706,177.2058823529412,196.7941176470588,,,0.7874775314559617
Eerste Divisie,24/25,Excelsior,38,54.81578947368421,45.18421052631579,1.763036682017045,0.9871882643215091,,,,,16.92105263157895,9.31578947368421,5.7105263157894735,3.5789473684210527,10.947368421052632,5.473684210526316,2.5526315789473686,1.5263157894736843,6.657894736842105,3.289473684210526,457.3421052631579,376.63157894736844,365.8157894736842,281.42105263157896,28.973684210526315,15.947368421052632,16.289473684210527,18.94736842105263,8.18421052631579,9.473684210526315,15.710526315789474,27.736842105263158,12.81578947368421,9.68421052631579,1.8421052631578947,1.763157894736842,0.02631578947368421,0.05263157894736842,2.5526315789473686,3.736842105263158,67.10526315789474,52.71052631578947,54.0,50.63157894736842,10.526315789473685,9.763157894736842,114.4538888888889,119.05416666666666,241.05555555555554,224.41666666666666,,,0.7998734104378848
Eerste Divisie,24/25,Helmond Sport,38,49.421052631578945,50.578947368421055,1.2750197291046057,1.4035265029829376,,,,,11.973684210526315,13.394736842105264,4.657894736842105,4.7894736842105265,7.578947368421052,8.263157894736842,1.8918918918918919,2.1621621621621623,5.0,5.2894736842105265,398.05263157894734,410.44736842105266,313.5,324.1578947368421,21.68421052631579,24.789473684210527,16.289473684210527,16.63157894736842,9.763157894736842,8.868421052631579,22.894736842105264,22.894736842105264,13.657894736842104,14.026315789473685,1.9736842105263157,1.7105263157894737,0.10526315789473684,0.05263157894736842,3.1842105263157894,3.210526315789474,51.473684210526315,61.36842105263158,48.76315789473684,50.973684210526315,8.868421052631579,8.131578947368421,115.71114285714286,113.8002857142857,220.42857142857142,224.4,,,0.7875842919476398
Eerste Divisie,24/25,Jong AZ,38,56.6578947368421,43.3421052631579,1.3594134969916463,1.5113709007066842,,,,,12.763157894736842,13.894736842105264,5.078947368421052,5.157894736842105,7.552631578947368,9.342105263157896,2.0789473684210527,2.1578947368421053,5.026315789473684,5.7631578947368425,485.7894736842105,359.8157894736842,401.63157894736844,277.2631578947368,26.657894736842106,23.55263157894737,16.86842105263158,22.18421052631579,9.421052631578947,10.5,21.63157894736842,14.894736842105264,13.078947368421053,12.342105263157896,1.763157894736842,1.7894736842105263,0.02631578947368421,0.05263157894736842,3.3421052631578947,3.236842105263158,59.81578947368421,54.921052631578945,55.86842105263158,53.1578947368421,11.263157894736842,8.236842105263158,118.7378125,119.1175,229.25,228.9375,,,0.8267605633802817
Eerste Divisie,24/25,Jong Ajax,38,50.0,50.0,1.098949454647758,1.6350371316260788,,,,,12.447368421052632,15.526315789473685,4.447368421052632,5.526315789473684,6.947368421052632,10.078947368421053,1.263157894736842,2.3157894736842106,5.0,6.526315789473684,420.5263157894737,412.9736842105263,344.0,333.5,22.894736842105264,27.342105263157894,17.157894736842106,19.44736842105263,7.894736842105263,9.210526315789474,23.736842105263158,17.92105263157895,10.921052631578947,15.263157894736842,1.605263157894737,1.9473684210526316,0.10526315789473684,0.07894736842105263,4.2368421052631575,3.473684210526316,51.13157894736842,56.26315789473684,49.10526315789474,50.578947368421055,9.631578947368421,8.631578947368421,118.49090909090908,117.30424242424242,202.5151515151515,204.93939393939394,,,0.8180225281602003
Eerste Divisie,24/25,Jong PSV,38,55.73684210526316,44.26315789473684,1.312176642060343,1.879938081178532,,,,,12.526315789473685,17.473684210526315,4.631578947368421,6.421052631578948,7.684210526315789,11.68421052631579,2.085714285714286,2.8285714285714287,3.973684210526316,6.578947368421052,493.94736842105266,383.8421052631579,410.10526315789474,302.57894736842104,21.44736842105263,31.0,16.44736842105263,18.736842105263158,8.973684210526315,10.526315789473685,22.657894736842106,18.57894736842105,11.447368421052632,12.789473684210526,1.6842105263157894,1.4473684210526316,0.07894736842105263,0.0,4.2368421052631575,3.1842105263157894,57.18421052631579,57.526315789473685,53.13157894736842,52.31578947368421,9.0,9.026315789473685,118.24441176470589,117.70235294117647,202.2941176470588,213.08823529411765,,,0.8302610548748002
Eerste Divisie,24/25,Jong Utrecht,38,44.6578947368421,55.3421052631579,1.0226037205941387,1.6736025715222267,,,,,10.710526315789474,16.31578947368421,3.8684210526315788,5.868421052631579,6.7368421052631575,10.105263157894736,1.3142857142857143,2.6,3.736842105263158,6.868421052631579,391.94736842105266,482.7105263157895,302.7894736842105,391.07894736842104,16.605263157894736,27.86842105263158,17.31578947368421,15.763157894736842,10.157894736842104,8.210526315789474,27.710526315789473,15.368421052631579,12.578947368421053,13.18421052631579,1.605263157894737,1.5,0.18421052631578946,0.02631578947368421,3.710526315789474,2.8947368421052633,48.39473684210526,66.1842105263158,47.68421052631579,50.94736842105263,8.736842105263158,9.5,118.0071875,116.156875,209.96875,208.9375,,,0.7725258493353028
Eerste Divisie,24/25,MVV,38,46.28947368421053,53.71052631578947,1.367777328721639,1.6280433191495407,,,,,11.842105263157896,16.0,4.394736842105263,6.026315789473684,7.684210526315789,9.552631578947368,2.361111111111111,2.4444444444444446,4.842105263157895,5.631578947368421,394.42105263157896,466.55263157894734,305.42105263157896,379.8421052631579,20.157894736842106,24.42105263157895,21.026315789473685,15.289473684210526,10.631578947368421,10.289473684210526,22.763157894736842,19.842105263157894,13.368421052631579,11.052631578947368,1.8157894736842106,1.4210526315789473,0.02631578947368421,0.05263157894736842,4.605263157894737,3.1052631578947367,55.921052631578945,64.71052631578948,55.3421052631579,56.60526315789474,7.973684210526316,11.657894736842104,119.53090909090909,118.21484848484849,212.5151515151515,209.42424242424244,,,0.7743528155858019
Eerste Divisie,24/25,Roda JC,38,50.26315789473684,49.73684210526316,1.4365505005179962,1.3961266181989287,,,,,14.842105263157896,13.526315789473685,5.526315789473684,5.342105263157895,8.605263157894736,8.368421052631579,1.945945945945946,2.0,5.421052631578948,4.552631578947368,415.39473684210526,410.57894736842104,328.44736842105266,322.0,23.0,22.394736842105264,14.710526315789474,19.92105263157895,8.763157894736842,9.368421052631579,18.63157894736842,24.210526315789473,12.421052631578947,11.026315789473685,1.9473684210526316,1.605263157894737,0.07894736842105263,0.05263157894736842,3.789473684210526,4.2105263157894735,60.921052631578945,56.921052631578945,52.8421052631579,50.28947368421053,10.921052631578947,7.684210526315789,119.8269696969697,116.55727272727272,190.9090909090909,184.1818181818182,,,0.7906873614190687
Eerste Divisie,24/25,TOP Oss,38,41.71052631578947,58.28947368421053,0.9558192624937981,1.6491699087369585,,,,,8.842105263157896,18.0,3.0789473684210527,5.868421052631579,5.815789473684211,10.631578947368421,1.542857142857143,2.2,4.7368421052631575,6.184210526315789,333.7105263157895,467.57894736842104,246.28947368421052,382.05263157894734,17.81578947368421,30.236842105263158,17.526315789473685,17.44736842105263,9.342105263157896,10.131578947368421,27.55263157894737,19.763157894736842,14.789473684210526,12.289473684210526,2.0526315789473686,1.5789473684210527,0.05263157894736842,0.05263157894736842,4.2368421052631575,2.289473684210526,58.44736842105263,63.36842105263158,46.1578947368421,48.39473684210526,9.68421052631579,9.68421052631579,116.98777777777777,115.07111111111112,176.91666666666666,185.94444444444446,,,0.7380332781326394
Eerste Divisie,24/25,Telstar,38,49.55263157894737,50.44736842105263,1.5684652707358715,1.1646850876425179,,,,,14.710526315789474,10.921052631578947,5.394736842105263,3.973684210526316,9.342105263157896,6.684210526315789,2.289473684210526,1.7894736842105263,5.473684210526316,4.605263157894737,390.42105263157896,396.2894736842105,310.07894736842104,315.0263157894737,25.92105263157895,18.42105263157895,15.657894736842104,16.0,8.947368421052632,7.921052631578948,19.13157894736842,25.157894736842106,12.947368421052632,13.263157894736842,1.6842105263157894,1.605263157894737,0.0,0.0,2.710526315789474,3.5526315789473686,58.23684210526316,57.21052631578947,49.60526315789474,46.578947368421055,9.5,8.421052631578947,114.11484848484848,112.6130303030303,199.0,197.84848484848484,,,0.794216770018873
Eerste Divisie,24/25,VVV-Venlo,38,45.6578947368421,54.3421052631579,1.3430746620218998,1.5162254468298364,,,,,13.868421052631579,13.263157894736842,4.578947368421052,5.2631578947368425,8.31578947368421,8.81578947368421,1.9722222222222223,2.5,5.526315789473684,5.842105263157895,359.57894736842104,436.5263157894737,272.05263157894734,347.2631578947368,20.94736842105263,22.526315789473685,18.105263157894736,17.710526315789473,9.157894736842104,9.078947368421053,24.81578947368421,22.473684210526315,12.447368421052632,11.210526315789474,1.7105263157894737,1.4473684210526316,0.07894736842105263,0.10526315789473684,3.4210526315789473,3.3947368421052633,56.86842105263158,63.078947368421055,50.5,52.18421052631579,9.210526315789474,8.68421052631579,118.46764705882353,115.66470588235293,182.94117647058823,184.55882352941177,,,0.7565866510538641
Eerste Divisie,24/25,Vitesse,38,53.921052631578945,46.078947368421055,1.3526532096401667,1.573666137776696,,,,,13.868421052631579,13.5,5.0,5.842105263157895,8.710526315789474,8.973684210526315,1.7297297297297298,2.5135135135135136,6.2631578947368425,5.0,430.63157894736844,369.7894736842105,341.9736842105263,281.1578947368421,23.81578947368421,22.763157894736842,19.13157894736842,18.657894736842106,11.552631578947368,8.868421052631579,19.5,24.13157894736842,12.868421052631579,13.421052631578947,1.894736842105263,1.605263157894737,0.07894736842105263,0.02631578947368421,3.9473684210526314,3.6315789473684212,64.44736842105263,54.28947368421053,52.473684210526315,52.8421052631579,10.31578947368421,10.473684210526315,110.15914285714287,116.27657142857143,181.34285714285716,191.22857142857143,,,0.7941212417501833
Eerste Divisie,24/25,Volendam,38,50.55263157894737,49.44736842105263,1.831829106667091,1.3087514071560726,,,,,14.921052631578947,12.68421052631579,5.7894736842105265,4.552631578947368,11.263157894736842,8.131578947368421,3.0277777777777777,1.9444444444444444,5.552631578947368,4.7631578947368425,419.1842105263158,410.44736842105266,334.13157894736844,328.0263157894737,26.289473684210527,23.86842105263158,17.94736842105263,16.44736842105263,9.31578947368421,8.947368421052632,18.36842105263158,20.236842105263158,10.263157894736842,14.157894736842104,1.1578947368421053,1.7894736842105263,0.07894736842105263,0.15789473684210525,3.236842105263158,3.4473684210526314,57.94736842105263,56.26315789473684,51.18421052631579,51.078947368421055,9.289473684210526,10.052631578947368,108.95194444444445,114.80777777777777,182.88888888888889,199.72222222222223,,,0.7970996296063783
Eerste Divisie,25/26,ADO Den Haag,38,60.473684210526315,39.526315789473685,1.958684210526316,0.9997368421052633,,,2.0805263157894736,0.886842105263158,19.394736842105264,8.68421052631579,7.078947368421052,3.236842105263158,12.657894736842104,5.342105263157895,2.8421052631578947,1.5,7.315789473684211,3.526315789473684,494.0,325.8421052631579,407.8421052631579,237.76315789473685,35.86842105263158,13.552631578947368,16.5,13.526315789473685,7.552631578947368,9.263157894736842,17.894736842105264,36.71052631578947,15.236842105263158,11.710526315789474,1.5789473684210527,1.8157894736842106,0.0,0.05263157894736842,2.210526315789474,4.7894736842105265,66.44736842105263,43.5,52.18421052631579,47.71052631578947,7.2105263157894735,7.394736842105263,114.80882352941177,116.13176470588235,185.41176470588235,181.55882352941177,,,0.8255913062007245
Eerste Divisie,25/26,Almere City,38,48.13157894736842,51.86842105263158,1.83,1.4844736842105262,,,1.7636842105263157,1.4594736842105263,16.394736842105264,13.578947368421053,6.078947368421052,4.842105263157895,10.342105263157896,8.921052631578947,2.6315789473684212,1.9473684210526316,6.921052631578948,4.2894736842105265,407.63157894736844,441.2894736842105,323.86842105263156,358.3421052631579,28.289473684210527,22.657894736842106,15.368421052631579,17.05263157894737,8.921052631578947,9.605263157894736,26.342105263157894,30.210526315789473,11.842105263157896,9.263157894736842,1.5,1.3157894736842106,0.05263157894736842,0.05263157894736842,3.1052631578947367,3.9473684210526314,58.21052631578947,58.13157894736842,52.578947368421055,51.89473684210526,6.868421052631579,7.157894736842105,113.80133333333333,114.61366666666666,224.6,227.56666666666666,,,0.7945125887669464
Eerste Divisie,25/26,Cambuur,38,57.71052631578947,42.28947368421053,1.7163157894736842,1.2773684210526315,,,1.86,1.2307894736842107,14.81578947368421,12.657894736842104,5.7631578947368425,4.526315789473684,9.552631578947368,8.131578947368421,2.972972972972973,1.864864864864865,6.342105263157895,3.6315789473684212,485.5,349.07894736842104,407.42105263157896,272.92105263157896,29.13157894736842,20.526315789473685,14.578947368421053,17.92105263157895,8.078947368421053,9.078947368421053,20.5,23.55263157894737,10.105263157894736,16.736842105263158,1.605263157894737,2.289473684210526,0.05263157894736842,0.05263157894736842,3.210526315789474,3.6315789473684212,54.55263157894737,46.94736842105263,51.23684210526316,50.23684210526316,8.605263157894736,7.868421052631579,114.8835294117647,117.12323529411765,185.41176470588235,188.5,,,0.8391782752452708
Eerste Divisie,25/26,De Graafschap,38,56.026315789473685,43.973684210526315,2.0857894736842106,1.5847368421052632,,,2.286578947368421,1.5060526315789473,17.736842105263158,16.05263157894737,7.131578947368421,5.2105263157894735,11.842105263157896,10.31578947368421,2.6842105263157894,2.026315789473684,6.578947368421052,5.7368421052631575,447.0263157894737,349.94736842105266,369.44736842105266,269.89473684210526,29.86842105263158,27.36842105263158,16.57894736842105,16.342105263157894,8.263157894736842,6.868421052631579,29.657894736842106,27.842105263157894,11.973684210526315,10.31578947368421,1.4736842105263157,1.736842105263158,0.02631578947368421,0.05263157894736842,3.6842105263157894,5.0,53.973684210526315,52.1578947368421,50.026315789473685,49.36842105263158,7.7894736842105265,8.394736842105264,116.03457142857143,115.51657142857142,205.54285714285714,200.31428571428572,,,0.8264555248130924
Eerste Divisie,25/26,Den Bosch,38,47.5,52.5,1.5436842105263158,1.5978947368421053,,,1.605,1.6671052631578949,13.18421052631579,15.447368421052632,5.131578947368421,5.7631578947368425,8.710526315789474,10.289473684210526,2.1315789473684212,2.3684210526315788,5.315789473684211,6.5,374.2894736842105,416.86842105263156,292.86842105263156,339.4736842105263,25.81578947368421,27.657894736842106,17.394736842105264,13.421052631578947,8.552631578947368,7.894736842105263,28.42105263157895,27.842105263157894,11.447368421052632,11.657894736842104,1.736842105263158,1.894736842105263,0.05263157894736842,0.07894736842105263,3.8684210526315788,3.473684210526316,53.3421052631579,54.578947368421055,50.026315789473685,51.421052631578945,7.2368421052631575,10.289473684210526,116.02085714285714,114.66942857142857,204.0857142857143,209.5142857142857,,,0.7824650214441398
Eerste Divisie,25/26,Dordrecht,38,48.28947368421053,51.71052631578947,1.4842105263157894,1.3539473684210528,,,1.1242105263157895,1.3739473684210526,14.736842105263158,12.763157894736842,4.684210526315789,4.7894736842105265,9.736842105263158,7.7105263157894735,2.289473684210526,2.236842105263158,6.026315789473684,5.2894736842105265,370.8421052631579,402.7631578947368,288.36842105263156,317.89473684210526,24.973684210526315,22.0,17.68421052631579,18.210526315789473,8.921052631578947,8.710526315789474,24.026315789473685,28.763157894736842,13.157894736842104,12.052631578947368,2.3157894736842106,2.0789473684210527,0.05263157894736842,0.02631578947368421,3.289473684210526,3.473684210526316,57.78947368421053,54.973684210526315,53.26315789473684,51.3421052631579,9.131578947368421,8.131578947368421,115.76441176470587,115.67941176470588,223.76470588235293,221.1764705882353,,,0.7776043145046835
Eerste Divisie,25/26,Eindhoven,38,43.921052631578945,56.078947368421055,1.3539473684210528,1.6828947368421054,,,1.2423684210526316,1.6673684210526316,14.210526315789474,15.131578947368421,4.894736842105263,5.868421052631579,8.131578947368421,9.5,1.9722222222222223,2.8333333333333335,4.921052631578948,6.052631578947368,356.1842105263158,463.07894736842104,276.9736842105263,384.9736842105263,20.526315789473685,25.894736842105264,16.42105263157895,13.263157894736842,9.552631578947368,6.7894736842105265,29.605263157894736,26.026315789473685,12.763157894736842,10.5,1.8421052631578947,1.4210526315789473,0.07894736842105263,0.0,4.026315789473684,3.526315789473684,52.1578947368421,58.94736842105263,49.05263157894737,49.526315789473685,6.921052631578948,9.105263157894736,114.65388888888889,116.04055555555556,194.77777777777777,195.83333333333334,,,0.7776135943849279
Eerste Divisie,25/26,Emmen,38,51.76315789473684,48.23684210526316,1.6423684210526317,1.7010526315789474,,,1.5036842105263157,1.7760526315789473,13.526315789473685,13.657894736842104,4.657894736842105,5.947368421052632,8.657894736842104,8.973684210526315,2.473684210526316,2.9473684210526314,5.552631578947368,5.026315789473684,404.7105263157895,379.9736842105263,321.7631578947368,301.2894736842105,23.236842105263158,23.973684210526315,16.18421052631579,16.710526315789473,8.236842105263158,8.210526315789474,24.473684210526315,28.710526315789473,14.0,11.578947368421053,2.1315789473684212,1.5526315789473684,0.10526315789473684,0.05263157894736842,3.9473684210526314,3.0,54.921052631578945,54.13157894736842,50.31578947368421,50.5,7.894736842105263,7.657894736842105,116.38588235294117,116.41058823529411,189.1764705882353,187.38235294117646,,,0.7950451914948956
Eerste Divisie,25/26,Helmond Sport,38,48.8421052631579,51.1578947368421,1.2847368421052632,1.6102631578947368,,,1.0860526315789474,1.4718421052631578,11.842105263157896,13.447368421052632,3.736842105263158,4.368421052631579,7.5,9.105263157894736,2.236842105263158,2.5526315789473686,5.921052631578948,4.894736842105263,407.13157894736844,428.2368421052632,326.94736842105266,349.7631578947368,22.026315789473685,24.94736842105263,17.18421052631579,14.868421052631579,8.842105263157896,8.578947368421053,26.236842105263158,24.710526315789473,14.263157894736842,10.973684210526315,1.9210526315789473,1.3157894736842106,0.0,0.02631578947368421,2.5526315789473686,2.526315789473684,52.78947368421053,58.078947368421055,46.68421052631579,47.31578947368421,7.0,8.236842105263158,115.8190625,116.109375,216.90625,213.875,,,0.8030508693684959
Eerste Divisie,25/26,Jong AZ,38,53.526315789473685,46.473684210526315,1.4478947368421053,1.6655263157894737,,,1.5515789473684212,1.7168421052631577,14.18421052631579,13.578947368421053,5.5,5.052631578947368,8.236842105263158,8.868421052631579,2.263157894736842,2.6842105263157894,4.921052631578948,5.842105263157895,457.3157894736842,386.3157894736842,383.42105263157896,309.8157894736842,24.342105263157894,24.81578947368421,16.94736842105263,18.763157894736842,7.842105263157895,8.710526315789474,23.605263157894736,20.342105263157894,12.868421052631579,10.394736842105264,1.5263157894736843,1.6578947368421053,0.05263157894736842,0.02631578947368421,2.8947368421052633,3.710526315789474,64.10526315789474,47.63157894736842,51.71052631578947,50.473684210526315,8.894736842105264,8.342105263157896,114.0821875,116.8978125,217.78125,220.03125,,,0.838416388537231
Eerste Divisie,25/26,Jong Ajax,38,51.71052631578947,48.28947368421053,1.2339473684210527,1.9263157894736842,,,1.2039473684210527,1.993157894736842,11.921052631578947,16.18421052631579,4.2631578947368425,6.421052631578948,7.2105263157894735,11.105263157894736,1.6578947368421053,3.1315789473684212,4.2894736842105265,6.052631578947368,440.7631578947368,402.5,367.5263157894737,328.89473684210526,21.86842105263158,30.157894736842106,15.973684210526315,19.342105263157894,8.421052631578947,8.68421052631579,24.736842105263158,18.86842105263158,11.131578947368421,12.68421052631579,1.7894736842105263,1.8421052631578947,0.0,0.02631578947368421,4.447368421052632,2.9210526315789473,47.026315789473685,54.36842105263158,50.63157894736842,52.973684210526315,9.31578947368421,7.657894736842105,117.6535294117647,116.96,207.2941176470588,210.58823529411765,,,0.8338408263179892
Eerste Divisie,25/26,Jong PSV,38,51.63157894736842,48.36842105263158,1.4671052631578947,1.793421052631579,,,1.541842105263158,1.541842105263158,14.263157894736842,17.289473684210527,5.368421052631579,5.973684210526316,8.657894736842104,11.421052631578947,2.0789473684210527,2.6315789473684212,4.947368421052632,6.2894736842105265,430.63157894736844,394.89473684210526,357.7105263157895,316.2105263157895,23.94736842105263,28.13157894736842,16.263157894736842,19.55263157894737,8.631578947368421,8.026315789473685,26.657894736842106,22.473684210526315,11.578947368421053,12.236842105263158,1.605263157894737,1.7894736842105263,0.0,0.02631578947368421,4.315789473684211,3.5789473684210527,51.36842105263158,50.44736842105263,50.421052631578945,49.60526315789474,9.5,7.947368421052632,117.4825,117.65027777777777,213.19444444444446,217.16666666666666,,,0.8306648741139085
Eerste Divisie,25/26,Jong Utrecht,38,47.63157894736842,52.36842105263158,1.5823684210526316,1.4923684210526316,,,1.511578947368421,1.4813157894736841,13.973684210526315,13.157894736842104,5.2894736842105265,5.184210526315789,9.052631578947368,8.394736842105264,2.4722222222222223,2.5,4.2894736842105265,5.2631578947368425,394.6578947368421,436.2105263157895,313.60526315789474,348.7631578947368,23.789473684210527,22.57894736842105,15.210526315789474,17.92105263157895,7.947368421052632,9.289473684210526,28.55263157894737,25.342105263157894,12.289473684210526,13.026315789473685,1.368421052631579,1.5,0.02631578947368421,0.05263157894736842,3.3684210526315788,3.763157894736842,57.26315789473684,60.026315789473685,50.921052631578945,49.23684210526316,9.578947368421053,7.657894736842105,113.96958333333333,114.51166666666667,223.5,220.33333333333334,,,0.7946255917850237
Eerste Divisie,25/26,MVV,38,43.6578947368421,56.3421052631579,1.0576315789473683,2.0360526315789476,,,0.9721052631578947,1.8189473684210526,11.210526315789474,17.763157894736842,3.710526315789474,5.921052631578948,6.842105263157895,11.552631578947368,1.605263157894737,3.0526315789473686,3.9473684210526314,6.578947368421052,374.6578947368421,489.39473684210526,293.9736842105263,408.5263157894737,18.026315789473685,31.894736842105264,18.026315789473685,16.236842105263158,9.078947368421053,8.447368421052632,29.81578947368421,22.5,12.078947368421053,10.68421052631579,1.631578947368421,1.3157894736842106,0.02631578947368421,0.10526315789473684,3.973684210526316,2.710526315789474,54.18421052631579,63.3421052631579,50.28947368421053,54.89473684210526,7.973684210526316,8.052631578947368,120.95944444444444,116.32388888888889,198.0,197.33333333333334,,,0.7846456416379856
Eerste Divisie,25/26,RKC Waalwijk,38,50.55263157894737,49.44736842105263,1.6097368421052631,1.3110526315789475,,,1.6973684210526316,1.305263157894737,14.894736842105264,12.18421052631579,5.368421052631579,4.131578947368421,9.973684210526315,7.5,2.736842105263158,1.868421052631579,4.7631578947368425,5.552631578947368,429.07894736842104,419.3157894736842,353.8421052631579,340.6842105263158,25.026315789473685,22.105263157894736,17.92105263157895,17.263157894736842,8.789473684210526,8.552631578947368,26.36842105263158,22.710526315789473,10.736842105263158,12.710526315789474,1.4736842105263157,1.5,0.05263157894736842,0.05263157894736842,2.5789473684210527,3.473684210526316,51.63157894736842,58.86842105263158,50.44736842105263,51.1578947368421,9.052631578947368,9.0,113.8285294117647,116.16647058823528,197.85294117647058,196.8235294117647,,,0.8246550137994481
Eerste Divisie,25/26,Roda JC,38,52.10526315789474,47.89473684210526,1.7160526315789473,1.3410526315789475,,,1.6326315789473684,1.4768421052631577,14.0,13.868421052631579,5.157894736842105,4.947368421052632,9.578947368421053,8.710526315789474,2.263157894736842,1.9473684210526316,5.315789473684211,5.131578947368421,445.86842105263156,408.6578947368421,368.9736842105263,333.55263157894734,26.68421052631579,24.342105263157894,14.421052631578947,17.157894736842106,8.052631578947368,9.631578947368421,23.894736842105264,26.263157894736842,9.842105263157896,15.0,1.4210526315789473,1.6578947368421053,0.02631578947368421,0.02631578947368421,3.473684210526316,3.4210526315789473,57.26315789473684,50.94736842105263,48.3421052631579,46.44736842105263,8.81578947368421,7.447368421052632,115.80513513513513,116.04918918918918,171.8918918918919,177.13513513513513,,,0.8275393968010388
Eerste Divisie,25/26,TOP Oss,38,43.078947368421055,56.921052631578945,1.301842105263158,1.6421052631578947,,,1.315263157894737,1.6468421052631579,11.894736842105264,18.210526315789473,3.6842105263157894,5.368421052631579,8.236842105263158,10.947368421052632,1.8055555555555556,2.3333333333333335,4.7631578947368425,7.026315789473684,338.86842105263156,447.2631578947368,260.7894736842105,371.55263157894734,20.763157894736842,28.526315789473685,15.236842105263158,14.552631578947368,8.078947368421053,7.2105263157894735,29.289473684210527,22.86842105263158,14.026315789473685,15.921052631578947,2.1315789473684212,2.1052631578947367,0.05263157894736842,0.07894736842105263,3.6578947368421053,2.236842105263158,51.8421052631579,55.973684210526315,45.23684210526316,49.23684210526316,7.631578947368421,7.2894736842105265,119.52527777777777,114.6836111111111,193.75,183.16666666666666,,,0.7695891900287334
Eerste Divisie,25/26,VVV-Venlo,38,48.94736842105263,51.05263157894737,1.6018421052631577,1.6205263157894736,,,1.303421052631579,1.5776315789473685,13.473684210526315,14.368421052631579,4.473684210526316,5.0,9.078947368421053,9.473684210526315,2.6842105263157894,2.5526315789473686,5.078947368421052,5.605263157894737,400.1842105263158,419.0,312.36842105263156,334.39473684210526,22.973684210526315,25.5,16.55263157894737,15.473684210526315,8.289473684210526,8.947368421052632,27.236842105263158,27.13157894736842,12.236842105263158,11.657894736842104,1.868421052631579,1.6578947368421053,0.10526315789473684,0.0,3.5,3.026315789473684,50.10526315789474,56.578947368421055,50.05263157894737,50.76315789473684,7.157894736842105,7.631578947368421,121.14685714285716,118.31771428571429,191.4857142857143,188.5142857142857,,,0.7805615834812916
Eerste Divisie,25/26,Vitesse,38,46.31578947368421,53.68421052631579,1.493421052631579,1.533157894736842,,,1.6073684210526316,1.4871052631578947,14.68421052631579,12.605263157894736,4.973684210526316,4.947368421052632,9.052631578947368,7.815789473684211,2.4324324324324325,2.4594594594594597,4.894736842105263,4.684210526315789,372.89473684210526,436.94736842105266,293.7105263157895,360.2631578947368,22.105263157894736,21.763157894736842,19.105263157894736,17.18421052631579,7.921052631578948,8.31578947368421,24.236842105263158,27.157894736842106,12.710526315789474,15.078947368421053,2.289473684210526,2.5789473684210527,0.02631578947368421,0.02631578947368421,3.473684210526316,3.236842105263158,49.60526315789474,56.421052631578945,48.76315789473684,47.39473684210526,8.973684210526315,9.921052631578947,112.02264705882352,112.87970588235294,162.5,164.0,,,0.7876499647141849
Eerste Divisie,25/26,Willem II,38,48.18421052631579,51.81578947368421,1.648421052631579,1.4060526315789474,,,1.53,1.3339473684210525,14.605263157894736,14.31578947368421,5.5,4.947368421052632,9.657894736842104,8.631578947368421,2.9210526315789473,1.763157894736842,5.7105263157894735,4.842105263157895,414.5263157894737,449.1842105263158,336.5263157894737,372.9736842105263,23.86842105263158,24.736842105263158,14.289473684210526,13.078947368421053,8.552631578947368,7.7105263157894735,25.894736842105264,27.42105263157895,10.973684210526315,11.078947368421053,1.4210526315789473,1.605263157894737,0.05263157894736842,0.02631578947368421,3.8684210526315788,4.0,55.8421052631579,58.36842105263158,47.26315789473684,47.94736842105263,6.578947368421052,6.947368421052632,114.74888888888889,118.21277777777777,184.80555555555554,190.5,,,0.8118334179786694
Eerste Divisie,26/27,Almere City,7,40.857142857142854,59.142857142857146,2.012857142857143,1.6028571428571428,,,2.1914285714285713,0.9500000000000001,15.142857142857142,18.571428571428573,6.0,4.285714285714286,11.142857142857142,13.571428571428571,3.857142857142857,1.8571428571428572,4.714285714285714,6.714285714285714,320.2857142857143,464.14285714285717,237.28571428571428,374.2857142857143,27.142857142857142,35.142857142857146,13.571428571428571,16.428571428571427,9.428571428571429,8.285714285714286,36.0,27.428571428571427,10.285714285714286,8.714285714285714,1.4285714285714286,0.8571428571428571,0.0,0.0,3.5714285714285716,3.7142857142857144,51.57142857142857,72.0,48.714285714285715,53.857142857142854,7.142857142857143,5.571428571428571,104.40666666666668,103.31166666666667,120.0,121.83333333333333,,,0.7408563782337199
Eerste Divisie,26/27,De Graafschap,6,53.0,47.0,1.2816666666666665,2.5433333333333334,,,1.2816666666666665,2.7116666666666664,15.166666666666666,17.666666666666668,4.166666666666667,6.166666666666667,10.166666666666666,12.5,2.5,4.5,4.5,6.0,442.1666666666667,388.8333333333333,357.0,303.8333333333333,25.0,29.0,15.666666666666666,15.666666666666666,6.5,9.666666666666666,25.333333333333332,23.5,12.333333333333334,11.666666666666666,2.6666666666666665,1.8333333333333333,0.0,0.16666666666666666,3.0,3.0,54.333333333333336,56.0,39.833333333333336,44.833333333333336,5.333333333333333,7.5,102.97999999999999,96.342,104.4,104.0,,,0.8073878627968337
Eerste Divisie,26/27,Den Bosch,7,49.42857142857143,50.57142857142857,2.1214285714285714,1.8499999999999999,,,1.8214285714285714,1.9514285714285715,16.428571428571427,15.857142857142858,5.857142857142857,7.0,10.857142857142858,11.142857142857142,2.5714285714285716,3.2857142857142856,8.285714285714286,3.7142857142857144,365.57142857142856,378.7142857142857,280.85714285714283,290.7142857142857,28.0,28.0,13.142857142857142,14.285714285714286,10.857142857142858,9.857142857142858,28.142857142857142,33.714285714285715,9.285714285714286,14.0,1.1428571428571428,1.2857142857142858,0.0,0.0,4.857142857142857,4.142857142857143,68.0,59.0,50.714285714285715,47.57142857142857,7.142857142857143,7.285714285714286,101.79,101.70666666666666,111.33333333333333,116.5,,,0.7682688550214928
Eerste Divisie,26/27,Dordrecht,7,55.714285714285715,44.285714285714285,1.2871428571428571,2.2199999999999998,,,1.362857142857143,2.468571428571429,15.142857142857142,14.285714285714286,5.285714285714286,6.714285714285714,9.571428571428571,9.428571428571429,2.7142857142857144,3.7142857142857144,5.142857142857143,3.7142857142857144,440.42857142857144,352.42857142857144,364.14285714285717,274.42857142857144,24.0,25.142857142857142,16.857142857142858,13.571428571428571,8.428571428571429,9.571428571428571,19.428571428571427,25.0,13.0,14.285714285714286,2.5714285714285716,2.2857142857142856,0.2857142857142857,0.14285714285714285,3.7142857142857144,4.0,58.42857142857143,53.857142857142854,47.0,49.0,5.857142857142857,8.0,109.4675,109.97,148.5,148.0,,,0.826792085630879
Eerste Divisie,26/27,Eindhoven,7,45.57142857142857,54.42857142857143,1.2057142857142857,1.9414285714285715,,,1.0714285714285714,1.602857142857143,11.285714285714286,13.0,2.7142857142857144,5.0,6.714285714285714,8.428571428571429,1.8571428571428572,2.857142857142857,3.142857142857143,5.285714285714286,375.42857142857144,451.57142857142856,279.14285714285717,356.42857142857144,17.571428571428573,23.571428571428573,18.142857142857142,18.0,12.428571428571429,10.285714285714286,33.857142857142854,22.857142857142858,13.714285714285714,10.857142857142858,1.0,1.2857142857142858,0.0,0.2857142857142857,3.142857142857143,1.2857142857142858,55.285714285714285,70.85714285714286,45.857142857142854,48.57142857142857,10.0,8.857142857142858,106.4925,108.1125,120.25,124.75,,,0.743531202435312
Eerste Divisie,26/27,Emmen,7,54.42857142857143,45.57142857142857,2.447142857142857,1.5757142857142856,,,2.007142857142857,1.7442857142857142,19.428571428571427,10.857142857142858,7.0,5.0,12.714285714285714,6.857142857142857,3.7142857142857144,2.4285714285714284,6.0,2.857142857142857,464.57142857142856,387.0,385.0,308.42857142857144,33.42857142857143,18.714285714285715,18.571428571428573,15.857142857142858,11.571428571428571,10.142857142857142,17.285714285714285,31.0,14.142857142857142,11.285714285714286,2.5714285714285716,1.8571428571428572,0.2857142857142857,0.0,2.4285714285714284,4.571428571428571,61.57142857142857,50.714285714285715,52.0,49.857142857142854,7.857142857142857,8.857142857142858,103.13600000000001,103.744,93.4,101.6,,,0.8287207872078721
Eerste Divisie,26/27,Helmond Sport,7,42.857142857142854,57.142857142857146,1.22,1.582857142857143,,,1.3928571428571428,1.5271428571428571,11.0,14.571428571428571,3.4285714285714284,6.0,6.857142857142857,10.0,1.7142857142857142,2.5714285714285716,4.0,5.571428571428571,372.7142857142857,499.0,302.57142857142856,422.0,17.857142857142858,29.857142857142858,16.0,13.571428571428571,12.142857142857142,9.428571428571429,30.0,20.285714285714285,15.0,9.571428571428571,2.5714285714285716,1.1428571428571428,0.0,0.0,4.285714285714286,1.8571428571428572,47.0,66.85714285714286,45.42857142857143,46.857142857142854,6.428571428571429,6.714285714285714,96.77000000000001,103.252,93.6,110.6,,,0.8118052893829053
Eerste Divisie,26/27,Heracles,7,55.57142857142857,44.42857142857143,2.7600000000000002,1.262857142857143,,,2.39,1.3271428571428572,21.714285714285715,9.714285714285714,8.714285714285714,3.5714285714285716,15.428571428571429,6.714285714285714,4.714285714285714,1.8571428571428572,7.714285714285714,3.4285714285714284,416.42857142857144,343.57142857142856,322.0,250.42857142857142,30.571428571428573,17.857142857142858,14.571428571428571,13.285714285714286,9.0,9.0,18.857142857142858,36.0,13.714285714285714,12.571428571428571,1.2857142857142858,1.0,0.0,0.0,2.142857142857143,5.0,75.71428571428571,52.142857142857146,52.857142857142854,44.285714285714285,6.571428571428571,7.428571428571429,105.04400000000001,104.28399999999999,127.6,118.0,,,0.7732418524871355
Eerste Divisie,26/27,Jong AZ,9,49.111111111111114,50.888888888888886,1.7999999999999998,1.6344444444444446,,,2.094444444444444,1.6900000000000002,15.666666666666666,14.88888888888889,7.0,5.111111111111111,10.88888888888889,9.777777777777779,3.2222222222222223,3.0,4.333333333333333,4.666666666666667,446.55555555555554,443.44444444444446,368.6666666666667,361.3333333333333,30.444444444444443,24.11111111111111,15.0,21.444444444444443,8.555555555555555,9.222222222222221,26.0,20.11111111111111,11.666666666666666,11.88888888888889,1.3333333333333333,1.8888888888888888,0.0,0.1111111111111111,3.111111111111111,4.333333333333333,64.88888888888889,57.44444444444444,54.888888888888886,55.333333333333336,9.88888888888889,7.666666666666667,105.255,107.26625,125.5,121.25,,,0.825578502114954
Eerste Divisie,26/27,Jong Ajax,9,53.111111111111114,46.888888888888886,1.6488888888888888,2.0844444444444443,,,1.788888888888889,1.7711111111111113,14.666666666666666,17.555555555555557,5.666666666666667,6.111111111111111,8.666666666666666,12.444444444444445,2.2222222222222223,2.888888888888889,5.0,6.777777777777778,435.0,375.22222222222223,361.0,302.3333333333333,23.88888888888889,27.22222222222222,14.333333333333334,17.88888888888889,11.666666666666666,10.777777777777779,25.0,22.22222222222222,14.333333333333334,14.0,2.7777777777777777,1.8888888888888888,0.1111111111111111,0.0,3.6666666666666665,4.0,55.888888888888886,54.888888888888886,47.888888888888886,48.44444444444444,8.88888888888889,6.444444444444445,101.68285714285715,102.57857142857142,122.71428571428571,117.85714285714286,,,0.8298850574712644
Eerste Divisie,26/27,Jong PSV,8,55.875,44.125,1.8475,1.1925000000000001,,,1.7375,1.31875,16.625,13.125,6.5,5.0,11.125,8.125,2.375,2.5,5.625,4.5,483.75,381.625,409.625,298.75,32.875,26.25,18.5,20.625,8.875,10.25,20.125,21.125,10.75,9.75,1.0,1.5,0.0,0.0,3.375,4.75,62.625,51.5,56.375,53.625,11.375,8.125,100.455,102.73125,129.75,113.125,,,0.8467700258397933
Eerste Divisie,26/27,Jong Utrecht,9,45.55555555555556,54.44444444444444,1.328888888888889,1.9877777777777779,,,1.3055555555555556,2.2433333333333336,14.444444444444445,17.444444444444443,4.333333333333333,6.777777777777778,8.777777777777779,12.444444444444445,2.0,3.3333333333333335,4.444444444444445,5.555555555555555,361.8888888888889,440.22222222222223,275.22222222222223,352.1111111111111,20.88888888888889,30.11111111111111,15.222222222222221,14.11111111111111,7.888888888888889,9.333333333333334,26.88888888888889,27.22222222222222,13.88888888888889,13.555555555555555,1.3333333333333333,1.4444444444444444,0.1111111111111111,0.1111111111111111,4.111111111111111,2.6666666666666665,53.888888888888886,68.0,47.666666666666664,48.55555555555556,7.222222222222222,9.0,103.7575,103.27625,108.625,110.125,,,0.7605158120970218
Eerste Divisie,26/27,MVV,7,53.142857142857146,46.857142857142854,1.0728571428571427,1.3342857142857143,,,0.9828571428571429,1.4242857142857142,9.142857142857142,13.0,3.4285714285714284,4.285714285714286,5.428571428571429,9.0,2.142857142857143,2.7142857142857144,3.5714285714285716,4.857142857142857,459.57142857142856,409.0,375.0,322.7142857142857,18.0,21.285714285714285,18.428571428571427,13.571428571428571,8.857142857142858,9.714285714285714,24.714285714285715,26.714285714285715,10.571428571428571,12.0,1.2857142857142858,1.4285714285714286,0.0,0.0,2.142857142857143,2.0,65.14285714285714,53.857142857142854,53.857142857142854,51.57142857142857,7.0,8.714285714285714,106.33,104.18,103.66666666666667,104.0,,,0.8159776188995959
Eerste Divisie,26/27,NAC Breda,6,59.833333333333336,40.166666666666664,2.26,1.6366666666666667,,,1.6516666666666666,2.18,22.166666666666668,11.5,6.166666666666667,5.166666666666667,14.833333333333334,8.5,4.0,3.0,7.0,2.6666666666666665,493.5,336.0,412.0,256.0,36.666666666666664,18.5,13.0,13.166666666666666,8.333333333333334,10.333333333333334,19.166666666666668,33.833333333333336,11.166666666666666,15.5,2.5,2.5,0.16666666666666666,0.0,2.8333333333333335,4.333333333333333,82.33333333333333,44.833333333333336,43.5,44.166666666666664,6.5,5.166666666666667,99.96833333333332,103.85333333333334,88.0,89.16666666666667,,,0.8348530901722391
Eerste Divisie,26/27,RKC Waalwijk,7,51.0,49.0,1.562857142857143,1.0371428571428571,,,1.5742857142857143,1.2257142857142858,16.0,11.571428571428571,5.857142857142857,4.0,10.714285714285714,6.285714285714286,1.8571428571428572,1.4285714285714286,4.0,4.571428571428571,427.2857142857143,410.57142857142856,351.42857142857144,335.14285714285717,26.714285714285715,18.142857142857142,15.0,16.428571428571427,9.0,8.428571428571429,21.285714285714285,23.285714285714285,11.285714285714286,11.571428571428571,1.4285714285714286,2.142857142857143,0.0,0.2857142857142857,2.7142857142857144,3.4285714285714284,57.714285714285715,51.142857142857146,49.857142857142854,48.57142857142857,6.142857142857143,8.142857142857142,104.51666666666667,102.56333333333333,108.33333333333333,117.0,,,0.8224674022066198
Eerste Divisie,26/27,Roda JC,7,50.0,50.0,1.3971428571428572,1.2671428571428571,,,1.1771428571428573,1.0042857142857142,11.428571428571429,12.428571428571429,4.714285714285714,4.428571428571429,7.571428571428571,7.714285714285714,2.4285714285714284,2.2857142857142856,4.285714285714286,3.7142857142857144,423.2857142857143,427.14285714285717,349.7142857142857,348.14285714285717,21.285714285714285,21.0,13.714285714285714,16.0,8.428571428571429,10.285714285714286,26.142857142857142,20.142857142857142,14.714285714285714,16.0,1.4285714285714286,2.857142857142857,0.0,0.0,3.7142857142857144,3.2857142857142856,49.57142857142857,64.28571428571429,50.285714285714285,51.42857142857143,6.857142857142857,6.571428571428571,105.085,105.59666666666668,107.5,104.83333333333333,,,0.8261896726290922
Eerste Divisie,26/27,TOP Oss,7,37.42857142857143,62.57142857142857,1.2228571428571429,1.7614285714285713,,,1.1057142857142856,1.2642857142857142,10.857142857142858,19.285714285714285,3.4285714285714284,5.428571428571429,7.428571428571429,12.142857142857142,3.0,3.142857142857143,4.285714285714286,7.0,302.14285714285717,506.2857142857143,216.85714285714286,431.0,17.714285714285715,32.0,15.142857142857142,11.571428571428571,9.285714285714286,7.857142857142857,32.714285714285715,24.285714285714285,11.285714285714286,13.142857142857142,1.8571428571428572,1.0,0.14285714285714285,0.0,3.857142857142857,2.2857142857142856,54.857142857142854,70.71428571428571,45.0,50.142857142857146,5.714285714285714,7.0,105.89,101.99166666666667,99.0,107.16666666666667,,,0.7177304964539007
Eerste Divisie,26/27,VVV-Venlo,7,46.0,54.0,1.7100000000000002,2.2614285714285716,,,2.084285714285714,1.7042857142857142,12.571428571428571,19.714285714285715,5.428571428571429,5.0,9.857142857142858,12.428571428571429,3.2857142857142856,4.428571428571429,4.571428571428571,5.571428571428571,368.85714285714283,432.0,292.14285714285717,362.2857142857143,24.571428571428573,28.857142857142858,14.714285714285714,15.714285714285714,9.142857142857142,8.571428571428571,33.285714285714285,23.571428571428573,11.571428571428571,13.714285714285714,1.5714285714285714,2.7142857142857144,0.0,0.0,3.4285714285714284,2.857142857142857,45.857142857142854,59.285714285714285,49.714285714285715,46.714285714285715,7.571428571428571,6.142857142857143,106.63399999999999,104.94200000000001,115.4,105.8,,,0.7920216886134779
Eerste Divisie,26/27,Vitesse,6,51.0,49.0,1.8833333333333335,1.4799999999999998,,,1.6916666666666667,1.2550000000000001,15.833333333333334,13.833333333333334,4.833333333333333,5.166666666666667,10.333333333333334,9.166666666666666,3.5,2.3333333333333335,5.0,4.833333333333333,401.8333333333333,389.8333333333333,322.8333333333333,318.1666666666667,25.666666666666668,19.5,13.5,13.833333333333334,7.333333333333333,7.666666666666667,24.333333333333332,30.0,12.833333333333334,11.833333333333334,1.6666666666666667,1.8333333333333333,0.16666666666666666,0.16666666666666666,3.8333333333333335,3.3333333333333335,60.0,55.5,46.5,42.333333333333336,5.833333333333333,6.666666666666667,104.36833333333334,104.00166666666667,109.0,103.16666666666667,,,0.8034010783907093
Eerste Divisie,26/27,Volendam,7,52.285714285714285,47.714285714285715,2.1357142857142857,1.8114285714285714,,,2.2085714285714286,1.6871428571428573,12.0,15.428571428571429,5.428571428571429,5.857142857142857,8.714285714285714,9.0,4.285714285714286,3.2857142857142856,3.857142857142857,6.285714285714286,426.57142857142856,389.57142857142856,341.42857142857144,317.57142857142856,22.714285714285715,27.0,18.714285714285715,14.0,9.714285714285714,9.0,24.571428571428573,25.714285714285715,12.285714285714286,12.571428571428571,1.5714285714285714,2.142857142857143,0.0,0.0,3.857142857142857,2.857142857142857,53.42857142857143,59.42857142857143,47.714285714285715,50.0,6.571428571428571,7.571428571428571,100.20166666666667,99.48333333333333,97.83333333333333,105.16666666666667,,,0.8004018754186202
Eredivisie,22/23,AZ,34,53.55882352941177,46.44117647058823,1.656764705882353,1.1852941176470588,1.5870588235294119,1.069705882352941,1.878787878787879,1.061212121212121,15.029411764705882,11.705882352941176,5.9411764705882355,2.9705882352941178,9.294117647058824,6.882352941176471,2.911764705882353,1.4705882352941178,5.382352941176471,3.7058823529411766,502.0,429.5,416.05882352941177,342.7352941176471,26.565217391304348,19.08695652173913,15.970588235294118,16.08823529411765,9.264705882352942,9.294117647058824,16.91176470588235,18.41176470588235,10.058823529411764,9.147058823529411,1.5,1.2058823529411764,0.029411764705882353,0.14705882352941177,1.8235294117647058,3.9705882352941178,,,,,,,,,,,211.41176470588235,142.47058823529412,0.8288024373095851
Eredivisie,22/23,Ajax,34,66.5,33.5,2.3397058823529413,0.91,2.2473529411764703,0.886764705882353,2.2827272727272727,0.996969696969697,18.529411764705884,8.823529411764707,6.882352941176471,3.3823529411764706,13.117647058823529,5.352941176470588,3.735294117647059,1.5588235294117647,8.0,3.1176470588235294,628.4705882352941,310.61764705882354,544.7058823529412,228.73529411764707,48.208333333333336,16.291666666666668,16.735294117647058,19.352941176470587,7.617647058823529,10.882352941176471,10.911764705882353,26.794117647058822,9.205882352941176,10.852941176470589,1.3529411764705883,1.911764705882353,0.029411764705882353,0.0,2.264705882352941,4.117647058823529,,,,,,,,,,,321.2647058823529,100.38235294117646,0.8667165855484837
Eredivisie,22/23,Cambuur,34,47.73529411764706,52.26470588235294,1.223529411764706,1.8279411764705882,1.177058823529412,1.6885294117647058,0.9839393939393939,1.9760606060606059,11.323529411764707,16.61764705882353,3.735294117647059,6.205882352941177,7.0,10.441176470588236,1.6470588235294117,2.735294117647059,4.529411764705882,6.235294117647059,393.8235294117647,438.1470588235294,304.05882352941177,351.1764705882353,16.17391304347826,30.130434782608695,17.61764705882353,13.911764705882353,8.617647058823529,8.058823529411764,21.41176470588235,18.764705882352942,10.588235294117647,10.0,1.411764705882353,1.5588235294117647,0.11764705882352941,0.029411764705882353,4.176470588235294,2.9705882352941178,,,,,,,,,,,123.5,193.61764705882354,0.7720687079910381
Eredivisie,22/23,Emmen,34,48.64705882352941,51.35294117647059,1.0858823529411765,1.6058823529411765,1.0626470588235295,1.5594117647058825,1.0421875,1.5384375,11.029411764705882,15.205882352941176,3.823529411764706,4.852941176470588,6.088235294117647,10.0,1.4411764705882353,2.4705882352941178,4.176470588235294,6.294117647058823,440.6470588235294,463.2352941176471,348.52941176470586,372.4117647058824,18.043478260869566,28.391304347826086,17.5,16.0,9.147058823529411,9.470588235294118,21.147058823529413,17.970588235294116,9.5,11.058823529411764,1.1470588235294117,1.5,0.058823529411764705,0.08823529411764706,3.0294117647058822,2.9411764705882355,,,,,,,,,,,164.44117647058823,191.2941176470588,0.7909491389667601
Eredivisie,22/23,Excelsior,34,41.294117647058826,58.705882352941174,1.0482352941176472,1.9664705882352942,1.0017647058823531,1.9664705882352942,1.0293939393939393,2.2684848484848485,10.147058823529411,17.676470588235293,3.2058823529411766,7.117647058823529,6.735294117647059,11.852941176470589,1.6470588235294117,3.2941176470588234,4.323529411764706,6.647058823529412,357.8529411764706,517.9705882352941,266.4117647058824,426.9117647058824,17.782608695652176,34.91304347826087,18.08823529411765,14.970588235294118,10.882352941176471,9.088235294117647,24.794117647058822,15.647058823529411,9.823529411764707,9.205882352941176,1.3823529411764706,1.088235294117647,0.029411764705882353,0.058823529411764705,5.0588235294117645,2.2058823529411766,,,,,,,,,,,123.44117647058823,210.3235294117647,0.7444727541711186
Eredivisie,22/23,Feyenoord,34,58.794117647058826,41.205882352941174,1.9552941176470588,0.9052941176470588,1.8858823529411766,0.8820588235294118,2.2720588235294117,0.9835294117647058,20.0,8.529411764705882,7.529411764705882,3.1470588235294117,12.058823529411764,5.794117647058823,2.764705882352941,1.2352941176470589,7.382352941176471,3.911764705882353,533.9117647058823,373.2352941176471,449.7647058823529,280.6470588235294,36.869565217391305,12.521739130434783,17.558823529411764,19.58823529411765,8.5,10.235294117647058,13.911764705882353,21.058823529411764,8.852941176470589,9.558823529411764,1.3823529411764706,1.6470588235294117,0.0,0.14705882352941177,2.235294117647059,5.147058823529412,,,,,,,,,,,254.0,105.20588235294117,0.8423951963862722
Eredivisie,22/23,Fortuna Sittard,34,43.88235294117647,56.11764705882353,1.0608823529411764,1.785294117647059,0.9220588235294118,1.7155882352941176,1.1445454545454545,1.7,11.441176470588236,16.705882352941178,3.676470588235294,5.617647058823529,7.264705882352941,10.882352941176471,1.5,2.5588235294117645,4.382352941176471,7.117647058823529,368.97058823529414,476.7647058823529,281.7352941176471,390.05882352941177,22.130434782608695,31.91304347826087,16.794117647058822,16.470588235294116,10.882352941176471,7.470588235294118,23.235294117647058,16.823529411764707,9.5,9.558823529411764,1.7352941176470589,1.1764705882352942,0.08823529411764706,0.029411764705882353,3.6470588235294117,2.5294117647058822,,,,,,,,,,,119.32352941176471,224.35294117647058,0.7635711438820247
Eredivisie,22/23,Go Ahead Eagles,34,46.73529411764706,53.26470588235294,1.3576470588235292,1.4608823529411765,1.265,1.4144117647058825,1.4025,1.5787499999999999,12.647058823529411,14.764705882352942,4.117647058823529,5.147058823529412,8.558823529411764,9.029411764705882,2.1470588235294117,2.0588235294117645,4.823529411764706,5.470588235294118,400.5882352941176,461.5,309.1470588235294,368.0,23.434782608695652,26.565217391304348,16.147058823529413,16.205882352941178,9.764705882352942,8.941176470588236,20.852941176470587,18.352941176470587,10.823529411764707,10.382352941176471,1.5294117647058822,1.7941176470588236,0.058823529411764705,0.0,3.4705882352941178,2.7058823529411766,,,,,,,,,,,145.26470588235293,171.2058823529412,0.7717327459618208
Eredivisie,22/23,Groningen,34,46.294117647058826,53.705882352941174,0.9402941176470588,1.8579411764705882,0.9173529411764706,1.6955882352941176,0.913030303030303,1.867878787878788,11.117647058823529,16.0,3.0,5.794117647058823,6.029411764705882,11.117647058823529,1.2941176470588236,2.6470588235294117,4.0588235294117645,6.235294117647059,385.6764705882353,447.02941176470586,295.0,355.52941176470586,22.166666666666668,29.666666666666668,18.558823529411764,17.735294117647058,9.176470588235293,8.823529411764707,20.41176470588235,17.823529411764707,9.558823529411764,8.676470588235293,1.4411764705882353,0.9705882352941176,0.14705882352941177,0.029411764705882353,3.4705882352941178,2.1176470588235294,,,,,,,,,,,131.55882352941177,173.2058823529412,0.7648898040112865
Eredivisie,22/23,Heerenveen,34,50.35294117647059,49.64705882352941,1.3344117647058822,1.5255882352941175,1.265,1.41,1.4036363636363636,1.4439393939393939,13.205882352941176,13.088235294117647,4.529411764705882,4.323529411764706,8.147058823529411,8.205882352941176,1.7058823529411764,2.3529411764705883,4.617647058823529,5.352941176470588,457.70588235294116,453.0882352941176,368.20588235294116,362.70588235294116,22.625,24.208333333333332,15.5,17.147058823529413,10.647058823529411,9.352941176470589,19.41176470588235,17.61764705882353,9.558823529411764,10.088235294117647,1.5,1.5588235294117647,0.029411764705882353,0.0,2.823529411764706,3.235294117647059,,,,,,,,,,,177.2941176470588,185.23529411764707,0.8044595810307158
Eredivisie,22/23,NEC,34,50.73529411764706,49.26470588235294,1.418235294117647,1.5576470588235294,1.3020588235294117,1.4652941176470589,1.2894117647058823,1.4532352941176472,13.705882352941176,15.0,4.647058823529412,5.5588235294117645,8.323529411764707,8.823529411764707,1.8823529411764706,2.0,5.411764705882353,5.4411764705882355,431.55882352941177,423.97058823529414,351.2352941176471,343.47058823529414,24.869565217391305,24.47826086956522,15.205882352941176,19.5,7.529411764705882,8.882352941176471,17.705882352941178,19.323529411764707,10.529411764705882,14.176470588235293,1.4411764705882353,1.8823529411764706,0.08823529411764706,0.14705882352941177,4.117647058823529,3.3529411764705883,,,,,,,,,,,156.64705882352942,178.97058823529412,0.8138758263477135
Eredivisie,22/23,PSV,34,55.5,44.5,2.4420588235294116,0.9502941176470588,2.28,0.9038235294117647,2.424848484848485,1.0457575757575757,18.205882352941178,10.705882352941176,7.264705882352941,3.5588235294117645,12.558823529411764,6.264705882352941,3.764705882352941,1.088235294117647,6.705882352941177,3.7058823529411766,513.7058823529412,411.38235294117646,426.2647058823529,320.0,32.791666666666664,18.333333333333332,17.676470588235293,17.029411764705884,8.941176470588236,11.970588235294118,14.852941176470589,20.264705882352942,9.617647058823529,9.588235294117647,1.3823529411764706,1.7058823529411764,0.08823529411764706,0.08823529411764706,2.4411764705882355,4.617647058823529,,,,,,,,,,,227.02941176470588,135.7941176470588,0.8297835795259361
Eredivisie,22/23,RKC Waalwijk,34,45.38235294117647,54.61764705882353,1.361470588235294,1.906470588235294,1.268529411764706,1.7211764705882353,1.440625,1.9015625,11.058823529411764,16.470588235294116,4.029411764705882,6.264705882352941,6.882352941176471,10.382352941176471,2.1470588235294117,2.6470588235294117,4.0,6.205882352941177,398.94117647058823,489.6470588235294,314.5882352941176,408.3235294117647,21.08695652173913,31.26086956521739,16.88235294117647,18.38235294117647,9.176470588235293,8.911764705882353,20.0,14.764705882352942,10.058823529411764,8.735294117647058,1.6764705882352942,1.3529411764705883,0.058823529411764705,0.11764705882352941,4.323529411764706,2.5588235294117645,,,,,,,,,,,146.7941176470588,213.2941176470588,0.7885579475081097
Eredivisie,22/23,Sparta Rotterdam,34,47.705882352941174,52.294117647058826,1.237941176470588,1.4141176470588235,1.121764705882353,1.3444117647058824,1.483225806451613,1.3458064516129031,12.588235294117647,15.264705882352942,4.647058823529412,4.764705882352941,7.852941176470588,8.617647058823529,1.8823529411764706,1.8823529411764706,4.264705882352941,5.352941176470588,424.94117647058823,464.52941176470586,337.0,381.0,21.17391304347826,26.52173913043478,15.470588235294118,13.205882352941176,9.264705882352942,8.235294117647058,19.970588235294116,17.88235294117647,9.529411764705882,9.176470588235293,1.2058823529411764,1.1470588235294117,0.08823529411764706,0.11764705882352941,3.676470588235294,2.823529411764706,,,,,,,,,,,143.94117647058823,205.85294117647058,0.7930509413067552
Eredivisie,22/23,Twente,34,58.294117647058826,41.705882352941174,1.885,1.083235294117647,1.8152941176470587,1.036764705882353,1.7469696969696968,1.0393939393939393,17.852941176470587,11.058823529411764,5.882352941176471,3.676470588235294,10.558823529411764,7.0588235294117645,2.6176470588235294,1.6470588235294117,6.352941176470588,4.382352941176471,494.5,355.3529411764706,397.70588235294116,259.7647058823529,31.833333333333332,18.833333333333332,18.147058823529413,16.941176470588236,9.352941176470589,11.441176470588236,13.852941176470589,23.91176470588235,10.558823529411764,10.029411764705882,1.3235294117647058,1.588235294117647,0.029411764705882353,0.058823529411764705,2.8823529411764706,3.8529411764705883,,,,,,,,,,,218.94117647058823,121.5,0.8042586094093856
Eredivisie,22/23,Utrecht,34,49.05882352941177,50.94117647058823,1.4726470588235294,1.348529411764706,1.3797058823529411,1.325294117647059,1.6605882352941177,1.4808823529411765,12.852941176470589,12.882352941176471,5.0588235294117645,4.794117647058823,9.0,7.764705882352941,2.4705882352941178,2.0294117647058822,5.647058823529412,4.470588235294118,440.79411764705884,462.6470588235294,345.94117647058823,368.6764705882353,21.782608695652176,22.608695652173914,17.147058823529413,16.0,10.0,9.294117647058824,19.705882352941178,17.88235294117647,9.176470588235293,9.205882352941176,1.5,1.2941176470588236,0.029411764705882353,0.058823529411764705,3.235294117647059,3.3823529411764706,,,,,,,,,,,158.91176470588235,174.88235294117646,0.7848135050376993
Eredivisie,22/23,Vitesse,34,48.76470588235294,51.23529411764706,1.3205882352941176,1.1988235294117646,1.2973529411764706,1.1523529411764706,1.2971875,1.3509375,15.558823529411764,11.970588235294118,5.147058823529412,4.088235294117647,9.117647058823529,7.411764705882353,1.3529411764705883,1.8823529411764706,6.205882352941177,4.823529411764706,410.5,437.9117647058824,316.47058823529414,344.0882352941176,23.73913043478261,24.217391304347824,15.411764705882353,20.08823529411765,9.264705882352942,10.323529411764707,19.11764705882353,20.735294117647058,10.882352941176471,9.882352941176471,1.4411764705882353,1.0294117647058822,0.14705882352941177,0.058823529411764705,2.5294117647058822,3.7941176470588234,,,,,,,,,,,154.35294117647058,173.08823529411765,0.7709393136060758
Eredivisie,22/23,Volendam,34,40.76470588235294,59.23529411764706,1.2561764705882352,1.907058823529412,1.2561764705882352,1.8144117647058824,1.2353125,1.9881250000000001,12.205882352941176,16.029411764705884,4.352941176470588,6.205882352941177,8.0,10.705882352941176,1.9411764705882353,3.2941176470588234,5.147058823529412,6.9411764705882355,343.2647058823529,511.3235294117647,245.7058823529412,414.29411764705884,18.666666666666668,31.625,19.029411764705884,16.823529411764707,9.882352941176471,7.235294117647059,23.08823529411765,17.264705882352942,10.0,8.5,1.2352941176470589,1.1764705882352942,0.08823529411764706,0.029411764705882353,4.147058823529412,3.0294117647058822,,,,,,,,,,,124.67647058823529,202.11764705882354,0.7157912775254905
Eredivisie,23/24,AZ,34,54.588235294117645,45.411764705882355,1.6852941176470588,1.175,1.6388235294117646,1.0820588235294117,1.9129032258064516,1.2354838709677418,14.117647058823529,11.029411764705882,5.205882352941177,4.0,9.735294117647058,7.029411764705882,2.9411764705882355,1.911764705882353,5.882352941176471,3.735294117647059,501.7647058823529,417.3529411764706,418.9117647058824,333.55882352941177,28.75862068965517,21.137931034482758,16.235294117647058,16.823529411764707,7.911764705882353,9.088235294117647,15.411764705882353,19.647058823529413,10.676470588235293,9.264705882352942,1.3823529411764706,1.5588235294117647,0.058823529411764705,0.0,2.823529411764706,3.2058823529411766,,,,,,,,,,,200.14705882352942,138.3235294117647,0.8348769050410316
Eredivisie,23/24,Ajax,34,59.970588235294116,40.029411764705884,1.9423529411764708,1.5652941176470587,1.803235294117647,1.4958823529411764,2.1633333333333336,1.6524242424242424,15.294117647058824,12.470588235294118,6.5,4.852941176470588,10.735294117647058,8.794117647058824,3.3529411764705883,2.735294117647059,5.617647058823529,4.0,575.0294117647059,378.6470588235294,494.8529411764706,299.55882352941177,32.166666666666664,23.4,15.676470588235293,17.058823529411764,8.617647058823529,8.735294117647058,15.147058823529411,20.235294117647058,8.294117647058824,10.735294117647058,1.2941176470588236,1.588235294117647,0.08823529411764706,0.0,3.088235294117647,4.235294117647059,,,,,,,,,,,244.08823529411765,131.3235294117647,0.8605697918265051
Eredivisie,23/24,Almere City,34,43.76470588235294,56.23529411764706,1.0405882352941178,1.6644117647058825,0.9711764705882354,1.572058823529412,0.991875,1.9065625000000002,11.117647058823529,14.970588235294118,3.323529411764706,5.705882352941177,7.147058823529412,9.588235294117647,1.5,2.764705882352941,4.5588235294117645,5.617647058823529,345.4117647058824,452.8529411764706,231.0,333.55882352941177,22.3,23.633333333333333,18.323529411764707,18.61764705882353,9.647058823529411,8.176470588235293,22.058823529411764,22.764705882352942,14.352941176470589,9.647058823529411,1.9705882352941178,1.3235294117647058,0.08823529411764706,0.08823529411764706,3.8529411764705883,2.3823529411764706,,,,,,,,,,,129.73529411764707,149.05882352941177,0.6687670299727521
Eredivisie,23/24,Excelsior,34,45.529411764705884,54.470588235294116,1.3617647058823528,1.7379411764705883,1.3385294117647057,1.6920588235294118,1.3659375,1.8984375,11.117647058823529,15.441176470588236,4.147058823529412,6.117647058823529,7.5,9.882352941176471,2.4411764705882355,3.2941176470588234,3.676470588235294,6.470588235294118,395.7647058823529,479.8235294117647,302.94117647058823,387.6764705882353,19.642857142857142,30.892857142857142,17.705882352941178,16.235294117647058,10.323529411764707,7.411764705882353,22.529411764705884,15.705882352941176,8.205882352941176,8.470588235294118,1.4411764705882353,1.4411764705882353,0.11764705882352941,0.058823529411764705,3.8823529411764706,2.7058823529411766,,,,,,,,,,,130.1764705882353,208.7941176470588,0.7654577883472057
Eredivisie,23/24,Feyenoord,34,62.14705882352941,37.85294117647059,2.7970588235294116,0.7735294117647059,2.6347058823529412,0.7502941176470589,2.5888235294117647,0.8111764705882353,20.61764705882353,7.647058823529412,7.823529411764706,2.6176470588235294,14.0,4.294117647058823,4.764705882352941,1.1470588235294117,7.617647058823529,3.0294117647058822,563.5,338.88235294117646,480.02941176470586,250.97058823529412,42.3448275862069,12.03448275862069,17.058823529411764,20.058823529411764,7.5,11.205882352941176,13.0,23.147058823529413,8.911764705882353,10.794117647058824,1.0294117647058822,1.9411764705882353,0.029411764705882353,0.08823529411764706,1.8529411764705883,5.029411764705882,,,,,,,,,,,266.1470588235294,91.6470588235294,0.851871183255911
Eredivisie,23/24,Fortuna Sittard,34,43.029411764705884,56.970588235294116,1.3288235294117647,1.3041176470588236,1.1661764705882351,1.2579411764705883,1.24,1.4588235294117649,14.058823529411764,11.970588235294118,4.764705882352941,4.676470588235294,8.5,7.411764705882353,2.0588235294117645,2.0588235294117645,5.029411764705882,4.647058823529412,353.8529411764706,484.97058823529414,264.38235294117646,393.6470588235294,22.689655172413794,19.896551724137932,18.441176470588236,15.794117647058824,9.823529411764707,7.411764705882353,17.61764705882353,22.558823529411764,10.852941176470589,9.823529411764707,1.6470588235294117,1.3235294117647058,0.08823529411764706,0.11764705882352941,2.8529411764705883,3.5588235294117645,,,,,,,,,,,124.44117647058823,203.94117647058823,0.7471531875987033
Eredivisie,23/24,Go Ahead Eagles,34,44.705882352941174,55.294117647058826,1.478235294117647,1.6561764705882354,1.3623529411764705,1.6097058823529413,1.5561764705882353,1.3658823529411763,14.441176470588236,17.264705882352942,5.676470588235294,5.294117647058823,9.176470588235293,10.852941176470589,2.411764705882353,2.1470588235294117,5.0,5.5588235294117645,389.52941176470586,483.79411764705884,300.05882352941177,394.8235294117647,24.655172413793103,29.413793103448278,14.764705882352942,16.147058823529413,7.764705882352941,8.852941176470589,22.970588235294116,20.058823529411764,8.323529411764707,10.970588235294118,1.1176470588235294,1.088235294117647,0.08823529411764706,0.058823529411764705,3.9705882352941178,4.235294117647059,,,,,,,,,,,144.14705882352942,179.41176470588235,0.7703110842645726
Eredivisie,23/24,Heerenveen,34,49.6764705882353,50.3235294117647,1.3991176470588236,1.586470588235294,1.2138235294117647,1.493529411764706,1.4829032258064516,1.9703225806451612,14.529411764705882,13.235294117647058,4.9411764705882355,5.0,9.323529411764707,9.205882352941176,2.176470588235294,2.7058823529411766,5.647058823529412,5.117647058823529,443.29411764705884,452.5,362.44117647058823,370.02941176470586,26.214285714285715,26.0,14.852941176470589,18.0,8.470588235294118,8.147058823529411,18.91176470588235,19.352941176470587,9.411764705882353,10.029411764705882,1.088235294117647,1.3235294117647058,0.11764705882352941,0.08823529411764706,2.8529411764705883,3.235294117647059,,,,,,,,,,,170.76470588235293,181.35294117647058,0.8176088110403397
Eredivisie,23/24,Heracles,34,46.11764705882353,53.88235294117647,1.2394117647058824,2.043235294117647,1.1002941176470586,1.9273529411764707,1.2761290322580645,2.094516129032258,10.823529411764707,18.558823529411764,3.588235294117647,6.735294117647059,7.088235294117647,12.235294117647058,1.9411764705882353,3.323529411764706,4.529411764705882,7.382352941176471,387.79411764705884,458.2352941176471,305.70588235294116,379.11764705882354,17.892857142857142,33.07142857142857,17.58823529411765,17.176470588235293,7.529411764705882,6.764705882352941,21.58823529411765,17.235294117647058,11.235294117647058,9.911764705882353,2.0588235294117645,1.3235294117647058,0.058823529411764705,0.08823529411764706,4.529411764705882,2.3823529411764706,,,,,,,,,,,136.08823529411765,196.8235294117647,0.7883200606750095
Eredivisie,23/24,NEC,34,48.411764705882355,51.588235294117645,1.4261764705882354,1.7888235294117647,1.2870588235294118,1.6497058823529414,2.0345454545454547,1.5736363636363637,13.117647058823529,16.147058823529413,6.0,4.852941176470588,8.176470588235293,10.617647058823529,2.4705882352941178,2.5,4.470588235294118,6.382352941176471,431.9117647058824,461.6764705882353,349.0,379.2647058823529,22.714285714285715,31.607142857142858,18.352941176470587,18.235294117647058,7.882352941176471,8.852941176470589,22.470588235294116,18.08823529411765,8.941176470588236,11.264705882352942,1.4411764705882353,1.8823529411764706,0.11764705882352941,0.08823529411764706,3.2941176470588234,3.9411764705882355,,,,,,,,,,,156.88235294117646,206.55882352941177,0.8080354102826013
Eredivisie,23/24,PEC Zwolle,34,49.1764705882353,50.8235294117647,1.2726470588235295,1.8667647058823529,1.2261764705882352,1.6344117647058825,1.345483870967742,1.8987096774193548,12.617647058823529,15.617647058823529,4.882352941176471,5.970588235294118,7.705882352941177,11.058823529411764,1.8529411764705883,3.5588235294117645,3.7058823529411766,6.617647058823529,429.2647058823529,443.3529411764706,339.8529411764706,354.6764705882353,19.794117647058822,28.647058823529413,16.41176470588235,13.147058823529411,9.176470588235293,7.705882352941177,23.676470588235293,14.852941176470589,10.764705882352942,8.647058823529411,1.911764705882353,1.5588235294117647,0.058823529411764705,0.029411764705882353,3.911764705882353,3.4411764705882355,,,,,,,,,,,147.0,172.02941176470588,0.7917094895512161
Eredivisie,23/24,PSV,34,64.79411764705883,35.205882352941174,2.963529411764706,0.8373529411764705,2.7544117647058823,0.7679411764705882,2.983125,0.6934375,23.205882352941178,8.147058823529411,8.970588235294118,2.3823529411764706,15.882352941176471,5.264705882352941,5.411764705882353,1.2352941176470589,7.294117647058823,3.0294117647058822,584.0294117647059,314.1764705882353,505.0882352941176,228.26470588235293,43.964285714285715,15.714285714285714,16.08823529411765,18.294117647058822,8.382352941176471,9.852941176470589,13.441176470588236,21.735294117647058,8.235294117647058,9.411764705882353,0.8823529411764706,1.4705882352941178,0.029411764705882353,0.14705882352941177,1.7647058823529411,5.647058823529412,,,,,,,,,,,282.5,93.0,0.8648335599536687
Eredivisie,23/24,RKC Waalwijk,34,45.205882352941174,54.794117647058826,1.3238235294117646,1.7338235294117648,1.2079411764705883,1.5714705882352942,1.1963636363636363,1.7681818181818183,12.147058823529411,16.352941176470587,4.294117647058823,6.352941176470588,7.852941176470588,10.823529411764707,1.7647058823529411,3.0588235294117645,4.205882352941177,6.823529411764706,383.47058823529414,473.47058823529414,294.6470588235294,387.2352941176471,20.678571428571427,32.107142857142854,18.264705882352942,17.323529411764707,8.147058823529411,8.470588235294118,24.11764705882353,16.88235294117647,10.441176470588236,9.441176470588236,1.6470588235294117,0.9411764705882353,0.11764705882352941,0.08823529411764706,4.470588235294118,3.176470588235294,,,,,,,,,,,137.08823529411765,201.2941176470588,0.7683693818070256
Eredivisie,23/24,Sparta Rotterdam,34,46.85294117647059,53.14705882352941,1.3708823529411764,1.5676470588235294,1.2547058823529411,1.451470588235294,1.5768965517241378,1.5251724137931033,12.941176470588236,16.558823529411764,5.205882352941177,4.852941176470588,7.970588235294118,10.411764705882353,2.5,2.2058823529411766,5.235294117647059,5.735294117647059,408.52941176470586,463.20588235294116,319.6470588235294,380.7647058823529,23.655172413793103,29.75862068965517,15.647058823529411,14.294117647058824,7.588235294117647,6.794117647058823,22.764705882352942,20.735294117647058,8.411764705882353,10.264705882352942,1.1470588235294117,1.5588235294117647,0.058823529411764705,0.08823529411764706,3.3823529411764706,3.588235294117647,,,,,,,,,,,147.61764705882354,221.76470588235293,0.7824334053275738
Eredivisie,23/24,Twente,34,56.205882352941174,43.794117647058826,1.7341176470588235,1.095294117647059,1.6647058823529413,0.9558823529411765,1.720625,1.2784375,16.705882352941178,10.058823529411764,5.088235294117647,3.8529411764705883,10.5,6.647058823529412,2.6176470588235294,2.0588235294117645,7.0588235294117645,3.1470588235294117,494.11764705882354,391.79411764705884,399.79411764705884,301.55882352941177,32.58620689655172,17.586206896551722,15.911764705882353,16.823529411764707,7.911764705882353,10.352941176470589,14.264705882352942,23.61764705882353,9.794117647058824,11.470588235294118,1.4411764705882353,1.8823529411764706,0.08823529411764706,0.14705882352941177,2.8529411764705883,3.0294117647058822,,,,,,,,,,,212.02941176470588,143.76470588235293,0.8091071428571428
Eredivisie,23/24,Utrecht,34,48.411764705882355,51.588235294117645,1.3791176470588236,1.4264705882352942,1.3558823529411765,1.2870588235294118,1.3344117647058824,1.4552941176470588,13.205882352941176,12.852941176470589,4.5588235294117645,4.794117647058823,9.235294117647058,8.0,2.264705882352941,2.1470588235294117,5.9411764705882355,4.5,412.44117647058823,449.70588235294116,321.70588235294116,357.61764705882354,24.482758620689655,23.24137931034483,16.852941176470587,14.117647058823529,7.235294117647059,8.323529411764707,20.323529411764707,19.58823529411765,10.647058823529411,10.470588235294118,1.3235294117647058,1.3235294117647058,0.058823529411764705,0.11764705882352941,3.4705882352941178,3.088235294117647,,,,,,,,,,,160.91176470588235,160.97058823529412,0.7800042786850174
Eredivisie,23/24,Vitesse,34,50.3235294117647,49.6764705882353,1.131470588235294,1.9205882352941175,1.108235294117647,1.7579411764705883,1.0977419354838711,2.164193548387097,13.176470588235293,15.735294117647058,4.382352941176471,6.647058823529412,8.941176470588236,11.205882352941176,1.6764705882352942,3.0294117647058822,5.264705882352941,5.911764705882353,420.2647058823529,418.3235294117647,329.52941176470586,328.8529411764706,24.785714285714285,30.607142857142858,15.5,18.235294117647058,8.882352941176471,9.176470588235293,18.058823529411764,20.558823529411764,11.764705882352942,10.088235294117647,1.6470588235294117,1.3529411764705883,0.14705882352941177,0.058823529411764705,4.5,3.4705882352941178,,,,,,,,,,,150.91176470588235,161.7058823529412,0.7840996570788719
Eredivisie,23/24,Volendam,34,41.088235294117645,58.911764705882355,1.088235294117647,2.219705882352941,1.065,2.1964705882352944,1.0696774193548386,2.407741935483871,10.058823529411764,19.235294117647058,3.5588235294117645,8.205882352941176,6.970588235294118,13.117647058823529,1.7058823529411764,3.9705882352941178,4.147058823529412,7.176470588235294,339.1764705882353,496.38235294117646,253.5,411.9117647058824,17.310344827586206,37.44827586206897,18.029411764705884,15.323529411764707,8.794117647058824,6.264705882352941,24.852941176470587,16.441176470588236,9.352941176470589,7.911764705882353,1.588235294117647,1.1764705882352942,0.08823529411764706,0.14705882352941177,5.5,2.5,,,,,,,,,,,117.8529411764706,216.76470588235293,0.7473985431841832
Eredivisie,24/25,AZ,34,52.8235294117647,47.1764705882353,1.6202941176470587,1.0244117647058824,1.5738235294117646,0.955,1.753529411764706,0.9214705882352942,14.617647058823529,10.0,5.588235294117647,2.911764705882353,9.617647058823529,6.411764705882353,2.6470588235294117,1.7352941176470589,6.235294117647059,3.823529411764706,482.8235294117647,434.20588235294116,398.8235294117647,350.70588235294116,29.970588235294116,19.235294117647058,18.176470588235293,16.764705882352942,8.882352941176471,9.470588235294118,22.058823529411764,25.41176470588235,10.411764705882353,10.705882352941176,1.6470588235294117,2.2058823529411766,0.11764705882352941,0.17647058823529413,1.8529411764705883,3.8529411764705883,,,,,,,,,,,206.6764705882353,144.5,0.8260233918128655
Eredivisie,24/25,Ajax,34,57.88235294117647,42.11764705882353,1.9511764705882353,0.9358823529411765,1.7423529411764707,0.9358823529411765,1.9261764705882352,1.0444117647058824,14.147058823529411,10.352941176470589,5.117647058823529,3.4411764705882355,9.882352941176471,5.970588235294118,3.264705882352941,1.5,5.5588235294117645,3.176470588235294,564.9117647058823,406.61764705882354,488.02941176470586,330.29411764705884,32.85294117647059,17.029411764705884,13.794117647058824,16.735294117647058,8.117647058823529,9.352941176470589,19.88235294117647,26.323529411764707,10.205882352941176,12.0,1.588235294117647,1.6470588235294117,0.029411764705882353,0.14705882352941177,2.4705882352941178,3.1176470588235294,,,,,,,,,,,237.47058823529412,143.02941176470588,0.8639037850783569
Eredivisie,24/25,Almere City,34,42.470588235294116,57.529411764705884,1.011764705882353,1.5591176470588237,1.011764705882353,1.5591176470588237,0.8679411764705882,1.6476470588235295,12.235294117647058,14.382352941176471,3.3823529411764706,5.352941176470588,7.352941176470588,9.558823529411764,1.4411764705882353,2.3529411764705883,4.294117647058823,6.0588235294117645,353.0,488.97058823529414,264.8235294117647,403.20588235294116,22.029411764705884,27.941176470588236,15.558823529411764,19.176470588235293,9.823529411764707,6.911764705882353,27.323529411764707,28.735294117647058,10.588235294117647,8.882352941176471,1.588235294117647,1.1470588235294117,0.08823529411764706,0.11764705882352941,3.5,2.6176470588235294,,,,,,,,,,,137.38235294117646,200.3235294117647,0.7502082986168972
Eredivisie,24/25,Feyenoord,34,57.588235294117645,42.411764705882355,1.8476470588235294,1.0447058823529414,1.708235294117647,0.975,2.0391176470588235,1.1614705882352943,16.38235294117647,9.764705882352942,6.088235294117647,3.5294117647058822,10.617647058823529,6.0588235294117645,3.0588235294117645,1.7352941176470589,6.294117647058823,3.3529411764705883,494.6470588235294,363.79411764705884,420.47058823529414,285.88235294117646,31.823529411764707,16.764705882352942,15.058823529411764,20.294117647058822,7.764705882352941,9.617647058823529,17.88235294117647,27.529411764705884,8.352941176470589,12.441176470588236,1.2941176470588236,1.6470588235294117,0.058823529411764705,0.058823529411764705,2.3823529411764706,3.9411764705882355,,,,,,,,,,,212.38235294117646,107.88235294117646,0.85004162207159
Eredivisie,24/25,Fortuna Sittard,34,44.294117647058826,55.705882352941174,1.2329411764705882,1.4867647058823528,1.0938235294117646,1.3938235294117647,1.101764705882353,1.6223529411764706,10.529411764705882,13.294117647058824,3.235294117647059,4.970588235294118,7.147058823529412,8.882352941176471,1.8235294117647058,2.5588235294117645,4.323529411764706,5.647058823529412,358.6470588235294,459.5882352941176,276.5,377.7352941176471,19.852941176470587,26.61764705882353,16.38235294117647,16.058823529411764,9.647058823529411,6.882352941176471,26.852941176470587,25.58823529411765,11.676470588235293,11.088235294117647,1.911764705882353,1.2352941176470589,0.08823529411764706,0.058823529411764705,3.323529411764706,2.0588235294117645,,,,,,,,,,,127.0,213.35294117647058,0.7709529276693455
Eredivisie,24/25,Go Ahead Eagles,34,51.5,48.5,1.6311764705882352,1.3682352941176472,1.5847058823529412,1.275294117647059,1.6591176470588236,1.369705882352941,14.176470588235293,15.529411764705882,4.647058823529412,5.0,9.294117647058824,9.558823529411764,2.823529411764706,1.8235294117647058,5.264705882352941,5.4411764705882355,457.52941176470586,429.05882352941177,374.05882352941177,352.97058823529414,25.705882352941178,28.0,13.294117647058824,14.5,5.5,8.411764705882353,28.941176470588236,25.852941176470587,8.941176470588236,10.294117647058824,1.2941176470588236,1.6176470588235294,0.058823529411764705,0.08823529411764706,3.3823529411764706,2.7941176470588234,,,,,,,,,,,166.55882352941177,187.52941176470588,0.8175623553612754
Eredivisie,24/25,Groningen,34,46.73529411764706,53.26470588235294,1.1235294117647059,1.3994117647058824,0.9847058823529411,1.26,1.2373529411764705,1.5,10.794117647058824,12.323529411764707,4.294117647058823,4.352941176470588,6.029411764705882,8.588235294117647,1.6470588235294117,2.4705882352941178,4.235294117647059,4.529411764705882,414.02941176470586,464.1470588235294,323.47058823529414,374.02941176470586,18.38235294117647,22.823529411764707,17.735294117647058,17.705882352941178,8.647058823529411,9.441176470588236,25.764705882352942,25.38235294117647,9.823529411764707,10.529411764705882,1.6764705882352942,1.5588235294117647,0.17647058823529413,0.058823529411764705,2.8823529411764706,3.1176470588235294,,,,,,,,,,,161.23529411764707,166.64705882352942,0.7812744192654685
Eredivisie,24/25,Heerenveen,34,53.23529411764706,46.76470588235294,1.2838235294117646,1.430294117647059,1.1447058823529412,1.3373529411764706,1.3955882352941178,1.8129411764705883,13.294117647058824,12.294117647058824,4.352941176470588,5.0588235294117645,8.264705882352942,8.176470588235293,2.1470588235294117,2.6176470588235294,4.852941176470588,4.411764705882353,474.2352941176471,417.4117647058824,390.47058823529414,334.44117647058823,24.235294117647058,21.705882352941178,18.147058823529413,18.852941176470587,9.117647058823529,10.705882352941176,23.91176470588235,25.38235294117647,11.764705882352942,10.029411764705882,1.3235294117647058,1.3235294117647058,0.058823529411764705,0.08823529411764706,3.4411764705882355,3.0294117647058822,,,,,,,,,,,182.47058823529412,143.8235294117647,0.8233688910940213
Eredivisie,24/25,Heracles,34,45.205882352941174,54.794117647058826,1.25,1.8005882352941176,1.1341176470588237,1.6611764705882353,1.2308823529411765,1.7188235294117646,11.264705882352942,14.882352941176471,3.7941176470588234,5.588235294117647,7.5,10.117647058823529,2.1176470588235294,2.6176470588235294,5.176470588235294,4.9411764705882355,366.3529411764706,454.5,289.5882352941176,374.5882352941176,20.41176470588235,26.676470588235293,17.88235294117647,17.529411764705884,8.911764705882353,6.794117647058823,30.294117647058822,24.058823529411764,12.617647058823529,10.852941176470589,1.6470588235294117,1.088235294117647,0.058823529411764705,0.058823529411764705,3.7941176470588234,2.5,,,,,,,,,,,130.23529411764707,178.91176470588235,0.7904624277456648
Eredivisie,24/25,NAC Breda,34,44.970588235294116,55.029411764705884,1.1455882352941178,1.6902941176470587,1.0758823529411765,1.5279411764705884,1.2335294117647058,1.7120588235294119,11.5,15.382352941176471,3.735294117647059,5.352941176470588,7.352941176470588,10.352941176470589,1.8823529411764706,2.411764705882353,4.088235294117647,5.676470588235294,387.29411764705884,478.52941176470586,303.6470588235294,397.29411764705884,19.735294117647058,29.352941176470587,17.764705882352942,15.411764705882353,8.823529411764707,8.382352941176471,29.823529411764707,24.352941176470587,10.411764705882353,9.882352941176471,1.7941176470588236,1.3529411764705883,0.14705882352941177,0.058823529411764705,3.411764705882353,2.764705882352941,,,,,,,,,,,141.73529411764707,206.26470588235293,0.7840218712029161
Eredivisie,24/25,NEC,34,48.411764705882355,51.588235294117645,1.3414705882352942,1.2970588235294118,1.271764705882353,1.2508823529411766,1.3732352941176469,1.5241176470588236,12.823529411764707,13.911764705882353,4.352941176470588,4.970588235294118,8.441176470588236,8.794117647058824,2.1176470588235294,2.1176470588235294,4.823529411764706,5.705882352941177,418.3529411764706,450.88235294117646,335.7647058823529,370.6764705882353,21.294117647058822,25.764705882352942,17.323529411764707,15.352941176470589,8.352941176470589,8.117647058823529,25.676470588235293,28.029411764705884,10.823529411764707,10.823529411764707,1.411764705882353,1.5294117647058822,0.08823529411764706,0.14705882352941177,3.6470588235294117,2.823529411764706,,,,,,,,,,,148.58823529411765,190.35294117647058,0.8025871766029247
Eredivisie,24/25,PEC Zwolle,34,50.470588235294116,49.529411764705884,1.1573529411764707,1.7079411764705883,1.0876470588235294,1.5685294117647057,1.1102941176470589,1.6447058823529412,11.088235294117647,13.823529411764707,3.7941176470588234,4.705882352941177,6.852941176470588,9.147058823529411,1.7058823529411764,3.0588235294117645,4.205882352941177,5.147058823529412,442.55882352941177,432.11764705882354,359.52941176470586,343.97058823529414,21.11764705882353,27.470588235294116,18.558823529411764,19.147058823529413,9.264705882352942,8.382352941176471,30.764705882352942,20.61764705882353,11.5,10.882352941176471,1.4411764705882353,1.5588235294117647,0.08823529411764706,0.058823529411764705,3.235294117647059,2.5588235294117645,,,,,,,,,,,169.2058823529412,157.02941176470588,0.81238785139895
Eredivisie,24/25,PSV,34,67.97058823529412,32.029411764705884,2.4594117647058824,0.9573529411764705,2.367058823529412,0.9111764705882353,2.7152941176470584,1.0852941176470587,19.88235294117647,8.441176470588236,8.029411764705882,3.088235294117647,14.264705882352942,5.470588235294118,4.411764705882353,1.5588235294117647,7.5,3.0294117647058822,623.8529411764706,292.8529411764706,543.8529411764706,215.08823529411765,43.705882352941174,15.911764705882353,15.882352941176471,17.470588235294116,7.147058823529412,11.029411764705882,17.0,33.794117647058826,8.323529411764707,8.205882352941176,1.0,1.411764705882353,0.029411764705882353,0.11764705882352941,1.911764705882353,4.911764705882353,,,,,,,,,,,308.38235294117646,89.61764705882354,0.8717646504172364
Eredivisie,24/25,RKC Waalwijk,34,43.705882352941174,56.294117647058826,1.2461764705882352,2.0820588235294117,1.1764705882352942,1.8967647058823527,1.445,2.0820588235294117,11.794117647058824,17.029411764705884,4.0,5.882352941176471,6.9411764705882355,11.147058823529411,1.9705882352941178,3.2941176470588234,4.470588235294118,6.705882352941177,378.11764705882354,494.1764705882353,301.3235294117647,415.8529411764706,18.205882352941178,33.23529411764706,18.38235294117647,18.294117647058822,9.823529411764707,8.147058823529411,29.970588235294116,22.38235294117647,9.205882352941176,8.676470588235293,1.088235294117647,1.1176470588235294,0.20588235294117646,0.058823529411764705,3.6470588235294117,2.823529411764706,,,,,,,,,,,133.97058823529412,219.38235294117646,0.7969041692594897
Eredivisie,24/25,Sparta Rotterdam,34,48.911764705882355,51.088235294117645,1.2714705882352941,1.355,1.2249999999999999,1.2388235294117647,1.2105882352941175,1.3711764705882354,13.852941176470589,14.470588235294118,4.764705882352941,4.5588235294117645,9.264705882352942,8.970588235294118,1.7352941176470589,1.7941176470588236,4.470588235294118,5.676470588235294,436.79411764705884,456.02941176470586,355.02941176470586,371.11764705882354,23.235294117647058,27.38235294117647,16.91176470588235,13.294117647058824,9.294117647058824,8.323529411764707,29.176470588235293,24.61764705882353,9.588235294117647,8.852941176470589,1.4411764705882353,1.3529411764705883,0.08823529411764706,0.11764705882352941,3.264705882352941,3.6176470588235294,,,,,,,,,,,165.23529411764707,205.26470588235293,0.8128072183691334
Eredivisie,24/25,Twente,34,53.5,46.5,1.6388235294117646,1.3008823529411764,1.4761764705882352,1.2547058823529411,1.9176470588235295,1.2961764705882353,14.558823529411764,10.676470588235293,5.352941176470588,3.6470588235294117,9.676470588235293,7.0588235294117645,2.3823529411764706,2.264705882352941,5.235294117647059,4.294117647058823,470.11764705882354,408.5,384.8529411764706,323.52941176470586,26.352941176470587,21.735294117647058,16.38235294117647,13.617647058823529,7.794117647058823,9.441176470588236,24.441176470588236,28.08823529411765,10.264705882352942,10.558823529411764,1.2941176470588236,1.6176470588235294,0.029411764705882353,0.0,2.1470588235294117,3.4705882352941178,,,,,,,,,,,188.52941176470588,151.47058823529412,0.8186311311311312
Eredivisie,24/25,Utrecht,34,46.5,53.5,1.4720588235294116,1.3079411764705882,1.4255882352941176,1.215,1.5991176470588238,1.3420588235294117,14.382352941176471,12.294117647058824,4.735294117647059,4.529411764705882,9.647058823529411,8.058823529411764,2.176470588235294,2.411764705882353,4.705882352941177,5.147058823529412,392.52941176470586,468.88235294117646,310.61764705882354,384.4117647058824,26.176470588235293,22.764705882352942,19.11764705882353,17.11764705882353,9.705882352941176,8.294117647058824,26.764705882352942,27.08823529411765,10.352941176470589,11.411764705882353,1.411764705882353,1.9411764705882353,0.029411764705882353,0.11764705882352941,3.176470588235294,3.0588235294117645,,,,,,,,,,,150.2058823529412,177.47058823529412,0.7913232429192267
Eredivisie,24/25,Willem II,34,43.8235294117647,56.1764705882353,0.7711764705882352,1.7079411764705883,0.7014705882352942,1.5688235294117647,0.8458823529411764,1.8055882352941177,8.882352941176471,17.352941176470587,3.088235294117647,5.411764705882353,5.5,11.323529411764707,1.4411764705882353,2.4705882352941178,3.735294117647059,6.705882352941177,388.8529411764706,504.38235294117646,312.29411764705884,427.3529411764706,15.117647058823529,29.794117647058822,16.5,15.529411764705882,8.735294117647058,7.647058823529412,28.529411764705884,21.823529411764707,10.147058823529411,8.882352941176471,1.7352941176470589,1.2352941176470589,0.08823529411764706,0.0,3.7941176470588234,2.2058823529411766,,,,,,,,,,,144.23529411764707,228.64705882352942,0.8031162544436881
Eredivisie,25/26,AZ,34,53.088235294117645,46.911764705882355,1.881470588235294,1.322058823529412,1.6958823529411764,1.2291176470588234,1.8944117647058822,1.368529411764706,15.794117647058824,12.264705882352942,5.911764705882353,4.5,10.382352941176471,7.970588235294118,3.176470588235294,2.2058823529411766,5.764705882352941,4.529411764705882,457.5,400.38235294117646,376.4117647058824,319.3529411764706,31.705882352941178,24.147058823529413,18.029411764705884,17.764705882352942,7.5588235294117645,9.264705882352942,23.88235294117647,25.176470588235293,10.205882352941176,11.441176470588236,1.7941176470588236,1.5294117647058822,0.029411764705882353,0.058823529411764705,3.0588235294117645,4.205882352941177,,,,,,,,,,,191.88235294117646,160.08823529411765,0.8227579556412729
Eredivisie,25/26,Ajax,34,55.94117647058823,44.05882352941177,1.6376470588235295,1.4073529411764707,1.6144117647058824,1.2911764705882351,1.8617647058823528,1.2632352941176472,14.705882352941176,13.294117647058824,5.882352941176471,4.529411764705882,10.029411764705882,8.0,2.735294117647059,2.2941176470588234,4.823529411764706,5.264705882352941,523.2647058823529,405.55882352941177,447.2352941176471,331.02941176470586,30.323529411764707,23.58823529411765,16.5,18.058823529411764,9.117647058823529,9.088235294117647,23.647058823529413,21.941176470588236,10.0,11.882352941176471,1.6470588235294117,1.5294117647058822,0.058823529411764705,0.11764705882352941,3.235294117647059,3.9705882352941178,,,,,,,,,,,215.02941176470588,165.14705882352942,0.8547018155247035
Eredivisie,25/26,Excelsior,34,47.64705882352941,52.35294117647059,1.3805882352941177,1.8058823529411765,1.2644117647058823,1.69,1.1647058823529413,1.8929411764705881,12.441176470588236,14.705882352941176,4.235294117647059,5.529411764705882,8.176470588235293,9.823529411764707,2.411764705882353,2.9411764705882355,4.088235294117647,5.235294117647059,404.44117647058823,448.94117647058823,315.8235294117647,359.6764705882353,21.558823529411764,28.029411764705884,14.088235294117647,14.970588235294118,8.882352941176471,7.5588235294117645,26.88235294117647,25.558823529411764,12.294117647058824,8.735294117647058,1.1764705882352942,1.3823529411764706,0.08823529411764706,0.08823529411764706,3.823529411764706,2.911764705882353,,,,,,,,,,,141.88235294117646,180.23529411764707,0.780888662642717
Eredivisie,25/26,Feyenoord,34,53.14705882352941,46.85294117647059,2.0094117647058822,1.153529411764706,1.8935294117647057,1.0838235294117649,2.173235294117647,1.3044117647058824,16.764705882352942,10.823529411764707,6.294117647058823,3.9411764705882355,11.617647058823529,6.764705882352941,3.1470588235294117,1.7352941176470589,7.235294117647059,3.3529411764705883,436.88235294117646,394.3529411764706,360.52941176470586,310.88235294117646,36.61764705882353,19.205882352941178,15.794117647058824,17.264705882352942,8.911764705882353,8.764705882352942,22.147058823529413,28.705882352941178,9.764705882352942,11.882352941176471,1.4705882352941178,1.2352941176470589,0.11764705882352941,0.20588235294117646,2.6176470588235294,4.088235294117647,,,,,,,,,,,204.41176470588235,140.02941176470588,0.8252322606705265
Eredivisie,25/26,Fortuna Sittard,34,44.85294117647059,55.14705882352941,1.2788235294117647,1.8023529411764707,1.2091176470588234,1.7558823529411764,1.265294117647059,1.925,12.676470588235293,14.823529411764707,4.4411764705882355,5.617647058823529,7.882352941176471,10.029411764705882,2.1176470588235294,3.5,4.323529411764706,6.764705882352941,363.11764705882354,451.4117647058824,277.0,370.0,19.558823529411764,29.852941176470587,17.676470588235293,15.117647058823529,10.441176470588236,6.4411764705882355,30.352941176470587,24.08823529411765,12.294117647058824,11.617647058823529,2.0294117647058822,1.2352941176470589,0.08823529411764706,0.058823529411764705,3.7058823529411766,3.0294117647058822,,,,,,,,,,,141.2941176470588,209.61764705882354,0.7628381662076786
Eredivisie,25/26,Go Ahead Eagles,34,49.529411764705884,50.470588235294116,1.3223529411764705,1.9705882352941178,1.2529411764705882,1.9011764705882352,1.638529411764706,1.8520588235294118,11.588235294117647,19.441176470588236,5.0588235294117645,5.882352941176471,8.205882352941176,12.647058823529411,2.4705882352941178,2.676470588235294,5.4411764705882355,6.117647058823529,409.70588235294116,417.61764705882354,330.05882352941177,340.94117647058823,21.58823529411765,32.529411764705884,11.882352941176471,13.735294117647058,7.294117647058823,7.0,29.029411764705884,29.235294117647058,9.205882352941176,10.147058823529411,1.3823529411764706,1.411764705882353,0.14705882352941177,0.058823529411764705,4.382352941176471,3.3529411764705883,,,,,,,,,,,157.8235294117647,181.97058823529412,0.8055994256999283
Eredivisie,25/26,Groningen,34,50.76470588235294,49.23529411764706,1.825,1.4361764705882352,1.7320588235294119,1.366470588235294,1.608235294117647,1.2952941176470587,15.882352941176471,11.676470588235293,5.794117647058823,4.235294117647059,9.5,8.352941176470589,2.8823529411764706,2.8529411764705883,6.235294117647059,4.9411764705882355,420.79411764705884,412.05882352941177,334.94117647058823,321.11764705882354,25.823529411764707,21.38235294117647,16.264705882352942,16.41176470588235,7.117647058823529,8.705882352941176,23.58823529411765,28.558823529411764,10.705882352941176,10.029411764705882,1.588235294117647,1.3529411764705883,0.058823529411764705,0.08823529411764706,2.764705882352941,4.235294117647059,,,,,,,,,,,174.58823529411765,145.47058823529412,0.7959739987418746
Eredivisie,25/26,Heerenveen,34,50.85294117647059,49.14705882352941,1.7708823529411766,1.5,1.6785294117647058,1.430294117647059,1.7747058823529411,1.4114705882352943,15.0,13.705882352941176,5.382352941176471,5.294117647058823,9.941176470588236,8.441176470588236,2.588235294117647,2.4411764705882355,5.5588235294117645,4.970588235294118,441.02941176470586,425.0882352941176,353.88235294117646,341.47058823529414,30.705882352941178,25.205882352941178,15.264705882352942,16.441176470588236,7.794117647058823,9.235294117647058,26.352941176470587,26.823529411764707,11.029411764705882,9.352941176470589,1.4705882352941178,1.4411764705882353,0.058823529411764705,0.08823529411764706,3.7941176470588234,3.7058823529411766,,,,,,,,,,,172.52941176470588,162.3235294117647,0.8024008002667555
Eredivisie,25/26,Heracles,34,44.705882352941174,55.294117647058826,1.198235294117647,2.0323529411764705,1.1285294117647058,1.8244117647058824,1.255294117647059,2.3423529411764705,11.088235294117647,16.705882352941178,3.6470588235294117,6.794117647058823,7.352941176470588,11.264705882352942,1.9705882352941178,3.264705882352941,4.5,6.0,346.29411764705884,437.94117647058823,267.8529411764706,360.8235294117647,19.529411764705884,29.647058823529413,15.735294117647058,14.294117647058824,7.676470588235294,6.852941176470588,27.470588235294116,25.705882352941178,13.470588235294118,11.294117647058824,1.9411764705882353,1.3823529411764706,0.11764705882352941,0.14705882352941177,4.264705882352941,2.5588235294117645,,,,,,,,,,,125.11764705882354,187.23529411764707,0.7734839476813318
Eredivisie,25/26,NAC Breda,34,48.94117647058823,51.05882352941177,1.2444117647058823,1.6047058823529412,1.128235294117647,1.535294117647059,1.18,1.7720588235294117,14.117647058823529,12.852941176470589,4.205882352941177,5.264705882352941,8.558823529411764,8.764705882352942,1.8235294117647058,2.5588235294117645,5.764705882352941,4.323529411764706,395.1470588235294,415.8529411764706,309.47058823529414,333.7647058823529,22.823529411764707,25.235294117647058,16.176470588235293,16.970588235294116,7.676470588235294,8.764705882352942,26.61764705882353,31.558823529411764,10.823529411764707,12.941176470588236,1.588235294117647,1.911764705882353,0.20588235294117646,0.0,3.5294117647058822,3.1470588235294117,,,,,,,,,,,166.61764705882354,167.08823529411765,0.7831782657238556
Eredivisie,25/26,NEC,34,56.529411764705884,43.470588235294116,1.8944117647058822,1.5076470588235293,1.7555882352941177,1.391764705882353,2.0647058823529414,1.713235294117647,17.029411764705884,11.205882352941176,6.705882352941177,4.9411764705882355,10.647058823529411,7.852941176470588,3.235294117647059,3.0,6.117647058823529,3.9705882352941178,429.1764705882353,332.7352941176471,341.38235294117646,240.64705882352942,33.23529411764706,20.205882352941178,15.411764705882353,18.352941176470587,7.294117647058823,8.323529411764707,22.441176470588236,33.55882352941177,11.911764705882353,12.205882352941176,1.7352941176470589,1.911764705882353,0.08823529411764706,0.058823529411764705,3.3529411764705883,4.294117647058823,,,,,,,,,,,198.47058823529412,104.97058823529412,0.7954358552631579
Eredivisie,25/26,PEC Zwolle,34,44.970588235294116,55.029411764705884,1.2370588235294118,1.8608823529411764,1.2370588235294118,1.791470588235294,1.2055882352941176,2.0041176470588233,9.647058823529411,17.176470588235293,3.5294117647058822,6.176470588235294,6.117647058823529,11.029411764705882,2.1176470588235294,3.323529411764706,3.588235294117647,6.088235294117647,379.5882352941176,464.29411764705884,296.8235294117647,378.29411764705884,18.176470588235293,31.029411764705884,17.441176470588236,15.147058823529411,10.0,7.970588235294118,32.44117647058823,18.705882352941178,11.529411764705882,11.794117647058824,1.5,1.3529411764705883,0.14705882352941177,0.058823529411764705,4.088235294117647,2.264705882352941,,,,,,,,,,,131.3235294117647,196.11764705882354,0.7819618781961878
Eredivisie,25/26,PSV,34,60.8235294117647,39.1764705882353,2.2429411764705884,1.2188235294117646,2.150588235294118,1.1258823529411766,2.5632352941176473,1.2102941176470587,17.558823529411764,11.705882352941176,7.235294117647059,4.088235294117647,12.147058823529411,7.617647058823529,4.323529411764706,1.7647058823529411,7.147058823529412,4.411764705882353,549.9117647058823,347.05882352941177,476.2352941176471,268.3235294117647,36.44117647058823,21.058823529411764,16.705882352941178,16.823529411764707,8.205882352941176,9.794117647058824,21.941176470588236,26.058823529411764,10.235294117647058,8.382352941176471,1.411764705882353,1.5294117647058822,0.058823529411764705,0.058823529411764705,2.735294117647059,4.294117647058823,,,,,,,,,,,266.3529411764706,125.67647058823529,0.8660212868374606
Eredivisie,25/26,Sparta Rotterdam,34,47.05882352941177,52.94117647058823,1.3644117647058824,1.6161764705882353,1.295,1.546764705882353,1.3805882352941177,1.8794117647058823,13.0,16.147058823529413,4.382352941176471,5.970588235294118,8.441176470588236,10.176470588235293,2.088235294117647,2.4705882352941178,4.5588235294117645,6.647058823529412,396.7647058823529,446.2352941176471,316.3529411764706,364.79411764705884,22.147058823529413,33.0,17.029411764705884,14.058823529411764,8.382352941176471,8.058823529411764,30.5,24.176470588235293,9.852941176470589,10.794117647058824,1.8529411764705883,1.9411764705882353,0.058823529411764705,0.058823529411764705,4.088235294117647,3.264705882352941,,,,,,,,,,,149.38235294117646,195.1764705882353,0.7973313565604151
Eredivisie,25/26,Telstar,34,45.029411764705884,54.970588235294116,1.5558823529411765,1.8541176470588234,1.486470588235294,1.7614705882352941,1.6738235294117647,1.907058823529412,12.764705882352942,16.176470588235293,4.852941176470588,6.323529411764706,8.411764705882353,11.441176470588236,3.088235294117647,3.3529411764705883,4.735294117647059,6.323529411764706,362.1764705882353,442.02941176470586,278.6764705882353,363.3529411764706,22.852941176470587,31.147058823529413,16.323529411764707,14.911764705882353,8.705882352941176,7.882352941176471,29.38235294117647,26.5,11.264705882352942,10.323529411764707,1.2941176470588236,1.7647058823529411,0.058823529411764705,0.08823529411764706,4.5,3.3529411764705883,,,,,,,,,,,133.0,194.55882352941177,0.7694494071788208
Eredivisie,25/26,Twente,34,54.14705882352941,45.85294117647059,1.953235294117647,1.1235294117647059,1.7679411764705881,1.0538235294117646,2.0182352941176473,1.1170588235294117,17.794117647058822,10.676470588235293,6.529411764705882,3.6176470588235294,11.705882352941176,6.676470588235294,2.9705882352941178,2.1470588235294117,5.352941176470588,4.147058823529412,464.29411764705884,390.7352941176471,375.4117647058824,306.11764705882354,36.294117647058826,20.294117647058822,16.852941176470587,16.794117647058822,7.705882352941177,10.205882352941176,24.823529411764707,30.0,10.676470588235293,9.882352941176471,1.2941176470588236,1.7352941176470589,0.08823529411764706,0.11764705882352941,2.3823529411764706,4.794117647058823,,,,,,,,,,,209.91176470588235,149.35294117647058,0.8085645508678576
Eredivisie,25/26,Utrecht,34,46.970588235294116,53.029411764705884,1.5361764705882353,1.3729411764705883,1.5129411764705882,1.303235294117647,1.5588235294117647,1.3241176470588234,15.147058823529411,12.764705882352942,5.5,4.676470588235294,10.323529411764707,7.764705882352941,2.5588235294117645,2.0294117647058822,5.176470588235294,4.470588235294118,399.02941176470586,460.8529411764706,317.6470588235294,378.47058823529414,25.08823529411765,22.794117647058822,16.529411764705884,17.08823529411765,9.205882352941176,9.0,25.0,25.08823529411765,10.676470588235293,11.0,1.3529411764705883,1.6764705882352942,0.058823529411764705,0.08823529411764706,3.3529411764705883,3.8823529411764706,,,,,,,,,,,148.26470588235293,191.6764705882353,0.7960492371194811
Eredivisie,25/26,Volendam,34,45.0,55.0,1.095294117647059,1.8391176470588235,1.0488235294117647,1.77,1.1244117647058824,1.822941176470588,11.0,17.852941176470587,3.823529411764706,6.029411764705882,6.705882352941177,11.529411764705882,1.6764705882352942,2.823529411764706,3.735294117647059,6.588235294117647,361.5882352941176,447.55882352941177,283.2647058823529,369.94117647058823,18.794117647058822,34.911764705882355,16.88235294117647,16.38235294117647,8.441176470588236,7.5,27.5,22.558823529411764,9.764705882352942,12.0,1.5294117647058822,1.7352941176470589,0.029411764705882353,0.11764705882352941,4.470588235294118,2.7941176470588234,,,,,,,,,,,126.5,197.64705882352942,0.783390271677241
Eredivisie,26/27,ADO Den Haag,6,47.0,53.0,0.6849999999999999,2.145,0.6849999999999999,2.013333333333333,0.73,2.703333333333333,11.0,17.5,3.0,8.666666666666666,5.666666666666667,11.666666666666666,0.8333333333333334,3.6666666666666665,3.6666666666666665,6.5,415.3333333333333,471.8333333333333,340.0,398.8333333333333,16.333333333333332,36.166666666666664,20.0,9.5,8.166666666666666,7.5,30.5,20.833333333333332,12.5,10.166666666666666,1.5,1.1666666666666667,0.0,0.0,6.0,2.0,,,,,,,,,,,137.0,231.33333333333334,0.8186195826645265
Eredivisie,26/27,AZ,6,58.666666666666664,41.333333333333336,2.6533333333333338,1.09,2.6533333333333338,1.09,2.3733333333333335,1.01,20.0,9.0,7.5,2.5,12.833333333333334,6.333333333333333,3.3333333333333335,1.8333333333333333,9.166666666666666,3.5,532.8333333333334,371.0,462.3333333333333,294.8333333333333,44.0,16.333333333333332,15.833333333333334,15.166666666666666,6.833333333333333,8.5,19.333333333333332,26.0,10.333333333333334,11.5,0.8333333333333334,1.1666666666666667,0.0,0.16666666666666666,1.5,4.666666666666667,,,,,,,,,,,300.3333333333333,113.16666666666667,0.8676884579293087
Eredivisie,26/27,Ajax,6,61.666666666666664,38.333333333333336,2.7099999999999995,1.3466666666666667,2.7099999999999995,1.3466666666666667,2.8233333333333337,1.3366666666666667,23.333333333333332,10.333333333333334,7.833333333333333,4.5,16.166666666666668,7.166666666666667,5.166666666666667,2.0,7.833333333333333,2.5,582.8333333333334,366.5,518.0,304.0,47.666666666666664,20.0,13.666666666666666,15.666666666666666,7.666666666666667,8.666666666666666,13.5,29.5,9.166666666666666,9.0,2.3333333333333335,1.6666666666666667,0.0,0.16666666666666666,3.5,4.833333333333333,,,,,,,,,,,332.3333333333333,117.83333333333333,0.8887617958249928
Eredivisie,26/27,Cambuur,6,47.666666666666664,52.333333333333336,1.5216666666666665,2.0283333333333333,1.5216666666666665,1.635,1.3016666666666665,2.4433333333333334,12.333333333333334,15.166666666666666,4.333333333333333,5.833333333333333,8.666666666666666,9.833333333333334,2.6666666666666665,3.6666666666666665,3.8333333333333335,5.833333333333333,386.8333333333333,425.1666666666667,316.0,346.0,22.166666666666668,29.333333333333332,17.833333333333332,17.0,10.166666666666666,7.833333333333333,25.166666666666668,18.833333333333332,11.833333333333334,12.166666666666666,1.5,1.5,0.0,0.16666666666666666,3.0,2.6666666666666665,,,,,,,,,,,155.66666666666666,168.5,0.8168892718655751
Eredivisie,26/27,Excelsior,6,44.333333333333336,55.666666666666664,1.4749999999999999,1.335,1.4749999999999999,1.335,1.9283333333333335,1.1116666666666666,12.666666666666666,13.333333333333334,5.166666666666667,3.8333333333333335,9.0,8.666666666666666,3.0,2.1666666666666665,5.0,4.5,404.6666666666667,513.3333333333334,322.8333333333333,430.1666666666667,20.833333333333332,24.166666666666668,15.5,15.0,8.5,7.5,31.333333333333332,28.5,12.0,6.5,1.5,0.6666666666666666,0.0,0.0,2.6666666666666665,3.0,,,,,,,,,,,154.16666666666666,196.83333333333334,0.7977759472817133
Eredivisie,26/27,Feyenoord,6,56.166666666666664,43.833333333333336,2.665,0.85,2.533333333333333,0.85,2.9599999999999995,0.7783333333333333,22.166666666666668,10.0,8.0,3.0,14.666666666666666,5.5,4.0,1.6666666666666667,6.166666666666667,3.8333333333333335,509.8333333333333,391.1666666666667,445.0,310.8333333333333,44.833333333333336,17.5,14.166666666666666,16.166666666666668,9.333333333333334,8.0,21.333333333333332,26.666666666666668,8.666666666666666,10.0,0.6666666666666666,1.1666666666666667,0.0,0.0,2.0,4.666666666666667,,,,,,,,,,,261.6666666666667,121.5,0.8728342595619484
Eredivisie,26/27,Fortuna Sittard,6,32.833333333333336,67.16666666666667,0.9383333333333334,2.7533333333333334,0.9383333333333334,2.7533333333333334,1.4833333333333334,2.591666666666667,9.0,21.166666666666668,4.833333333333333,6.5,5.333333333333333,16.166666666666668,1.1666666666666667,4.666666666666667,2.0,8.5,293.0,592.5,218.0,523.5,12.5,42.166666666666664,11.333333333333334,12.333333333333334,7.5,6.666666666666667,41.333333333333336,15.0,9.0,11.0,1.6666666666666667,2.0,0.16666666666666666,0.0,4.333333333333333,2.8333333333333335,,,,,,,,,,,99.0,386.1666666666667,0.7440273037542662
Eredivisie,26/27,Go Ahead Eagles,6,53.333333333333336,46.666666666666664,2.0166666666666666,1.695,2.0166666666666666,1.5633333333333335,2.2483333333333335,1.2616666666666667,15.5,16.666666666666668,6.333333333333333,4.333333333333333,10.666666666666666,10.666666666666666,3.3333333333333335,1.8333333333333333,5.833333333333333,4.333333333333333,479.6666666666667,427.6666666666667,396.5,349.0,27.333333333333332,30.0,10.166666666666666,13.0,8.333333333333334,9.833333333333334,21.333333333333332,30.833333333333332,7.666666666666667,10.833333333333334,0.8333333333333334,0.8333333333333334,0.0,0.0,2.3333333333333335,3.8333333333333335,,,,,,,,,,,196.83333333333334,165.0,0.8266157053509382
Eredivisie,26/27,Groningen,7,49.57142857142857,50.42857142857143,1.5999999999999999,2.092857142857143,1.5999999999999999,1.9814285714285713,1.5142857142857142,1.8314285714285714,15.0,15.285714285714286,5.428571428571429,5.714285714285714,10.142857142857142,11.0,3.142857142857143,4.285714285714286,4.428571428571429,4.857142857142857,432.85714285714283,447.57142857142856,351.42857142857144,371.57142857142856,26.428571428571427,28.571428571428573,14.428571428571429,13.857142857142858,7.714285714285714,11.0,26.857142857142858,25.0,8.285714285714286,10.571428571428571,0.8571428571428571,1.5714285714285714,0.0,0.0,3.857142857142857,3.2857142857142856,,,,,,,,,,,178.71428571428572,187.28571428571428,0.8118811881188119
Eredivisie,26/27,Heerenveen,6,54.166666666666664,45.833333333333336,1.2449999999999999,1.5166666666666666,1.2449999999999999,1.5166666666666666,1.8433333333333335,1.3166666666666667,14.666666666666666,16.666666666666668,5.333333333333333,4.833333333333333,8.5,10.333333333333334,2.0,3.0,5.0,6.0,505.5,422.3333333333333,431.0,351.5,30.166666666666668,30.0,11.5,15.333333333333334,7.0,7.166666666666667,25.666666666666668,26.166666666666668,8.333333333333334,9.5,1.1666666666666667,1.3333333333333333,0.0,0.0,3.3333333333333335,4.333333333333333,,,,,,,,,,,216.83333333333334,197.33333333333334,0.8526211671612265
Eredivisie,26/27,NEC,6,63.5,36.5,1.8316666666666668,1.9716666666666667,1.5683333333333334,1.7083333333333333,1.61,1.8133333333333332,14.833333333333334,11.166666666666666,4.0,4.0,8.666666666666666,7.833333333333333,2.5,4.0,5.0,3.1666666666666665,519.8333333333334,293.8333333333333,429.0,202.66666666666666,41.166666666666664,21.666666666666668,15.833333333333334,19.833333333333332,11.0,11.666666666666666,19.333333333333332,30.0,11.666666666666666,14.666666666666666,1.8333333333333333,1.8333333333333333,0.0,0.0,1.8333333333333333,2.1666666666666665,,,,,,,,,,,255.16666666666666,86.83333333333333,0.8252645078550818
Eredivisie,26/27,PEC Zwolle,7,40.0,60.0,0.9671428571428571,2.12,0.7414285714285714,1.8942857142857144,0.8771428571428572,2.498571428571428,10.571428571428571,20.428571428571427,3.4285714285714284,7.428571428571429,5.714285714285714,12.428571428571429,1.2857142857142858,3.2857142857142856,4.142857142857143,7.714285714285714,348.42857142857144,530.5714285714286,265.0,449.7142857142857,18.714285714285715,37.42857142857143,16.428571428571427,13.714285714285714,10.857142857142858,7.857142857142857,29.142857142857142,21.142857142857142,11.285714285714286,9.428571428571429,1.2857142857142858,0.8571428571428571,0.14285714285714285,0.0,4.571428571428571,2.5714285714285716,,,,,,,,,,,115.71428571428571,247.42857142857142,0.7605576055760558
Eredivisie,26/27,PSV,6,64.33333333333333,35.666666666666664,3.1316666666666664,1.1633333333333333,2.8699999999999997,1.1633333333333333,2.8666666666666667,1.2083333333333333,22.666666666666668,8.333333333333334,9.166666666666666,4.166666666666667,15.666666666666666,5.833333333333333,5.0,2.5,8.0,1.8333333333333333,617.6666666666666,347.5,553.5,269.3333333333333,40.333333333333336,12.5,16.833333333333332,19.333333333333332,9.333333333333334,7.666666666666667,12.0,30.333333333333332,8.166666666666666,8.166666666666666,1.6666666666666667,2.1666666666666665,0.0,0.0,2.6666666666666665,5.5,,,,,,,,,,,338.8333333333333,114.5,0.8961144090663788
Eredivisie,26/27,Sparta Rotterdam,6,45.166666666666664,54.833333333333336,1.9483333333333333,2.1166666666666667,1.9483333333333333,2.1166666666666667,1.825,1.7550000000000001,13.5,17.166666666666668,5.0,5.333333333333333,9.666666666666666,11.5,4.0,2.5,6.5,7.166666666666667,389.0,487.6666666666667,316.5,416.6666666666667,23.5,34.166666666666664,17.5,14.166666666666666,5.166666666666667,7.5,31.166666666666668,24.5,10.0,10.666666666666666,1.0,1.1666666666666667,0.0,0.0,3.3333333333333335,3.3333333333333335,,,,,,,,,,,138.0,232.16666666666666,0.8136246786632391
Eredivisie,26/27,Telstar,6,41.333333333333336,58.666666666666664,1.2483333333333333,2.106666666666667,0.9866666666666667,1.9749999999999999,1.0616666666666668,2.2933333333333334,8.5,18.0,2.3333333333333335,6.5,6.333333333333333,11.333333333333334,1.6666666666666667,3.1666666666666665,4.5,6.833333333333333,356.5,503.6666666666667,277.6666666666667,432.6666666666667,21.833333333333332,39.666666666666664,12.833333333333334,16.166666666666668,7.333333333333333,8.166666666666666,28.833333333333332,25.0,10.666666666666666,14.166666666666666,1.5,1.6666666666666667,0.16666666666666666,0.0,4.666666666666667,1.6666666666666667,,,,,,,,,,,131.33333333333334,273.8333333333333,0.7788686302010285
Eredivisie,26/27,Twente,6,60.833333333333336,39.166666666666664,2.2666666666666666,0.7533333333333334,2.0033333333333334,0.7533333333333334,2.0883333333333334,0.8583333333333334,21.333333333333332,10.0,7.833333333333333,3.5,14.5,5.833333333333333,4.166666666666667,1.1666666666666667,7.666666666666667,3.5,562.6666666666666,366.6666666666667,490.1666666666667,290.1666666666667,38.666666666666664,16.333333333333332,12.666666666666666,14.833333333333334,8.833333333333334,9.666666666666666,15.166666666666666,33.166666666666664,10.166666666666666,7.833333333333333,0.8333333333333334,1.6666666666666667,0.0,0.0,2.6666666666666665,6.0,,,,,,,,,,,301.0,127.0,0.871149289099526
Eredivisie,26/27,Utrecht,6,43.833333333333336,56.166666666666664,1.55,1.915,1.4183333333333332,1.7833333333333332,1.4133333333333333,1.9133333333333333,11.666666666666666,17.833333333333332,4.333333333333333,7.333333333333333,8.5,10.5,2.8333333333333335,2.8333333333333335,3.3333333333333335,7.0,373.0,477.1666666666667,292.1666666666667,402.5,22.166666666666668,28.5,16.0,13.833333333333334,6.5,7.666666666666667,25.666666666666668,20.0,16.333333333333332,10.166666666666666,2.1666666666666665,1.0,0.0,0.0,4.0,2.6666666666666665,,,,,,,,,,,115.16666666666667,218.83333333333334,0.7832886505808758
Eredivisie,26/27,Willem II,6,37.333333333333336,62.666666666666664,1.415,2.595,1.415,2.595,0.965,2.8649999999999998,11.333333333333334,20.333333333333332,2.6666666666666665,7.833333333333333,7.833333333333333,14.666666666666666,2.6666666666666665,4.0,3.8333333333333335,7.666666666666667,339.0,580.5,259.6666666666667,506.6666666666667,15.5,46.166666666666664,13.166666666666666,11.333333333333334,9.666666666666666,7.0,33.666666666666664,21.5,9.0,8.666666666666666,0.8333333333333334,0.5,0.0,0.0,4.833333333333333,1.5,,,,,,,,,,,113.0,331.8333333333333,0.7659783677482792
