league,season,team_id,team,player_id,player_name,position,age,value_m
Eredivisie,2021,610,Ajax Amsterdam,234509,André Onana,Goalkeeper,26,12.0
Eredivisie,2021,610,Ajax Amsterdam,480453,Jay Gorter,Goalkeeper,22,1.5
Eredivisie,2021,610,Ajax Amsterdam,33210,Przemyslaw Tyton,Goalkeeper,35,0.3
Eredivisie,2021,610,Ajax Amsterdam,25520,Remko Pasveer,Goalkeeper,38,0.25
Eredivisie,2021,610,Ajax Amsterdam,485588,Calvin Raatsie,Goalkeeper,20,0.2
Eredivisie,2021,610,Ajax Amsterdam,4311,Maarten Stekelenburg,Goalkeeper,39,0.2
Eredivisie,2021,610,Ajax Amsterdam,635129,Charlie Setford,Goalkeeper,18,0.2
Eredivisie,2021,610,Ajax Amsterdam,480762,Lisandro Martínez,Centre-Back,24,32.0
Eredivisie,2021,610,Ajax Amsterdam,12282,Daley Blind,Centre-Back,32,9.0
Eredivisie,2021,610,Ajax Amsterdam,418543,Perr Schuurs,Centre-Back,22,7.0
Eredivisie,2021,610,Ajax Amsterdam,66736,Lisandro Magallán,Centre-Back,28,2.5
Eredivisie,2021,610,Ajax Amsterdam,412933,Liam van Gelderen,Centre-Back,21,0.65
Eredivisie,2021,610,Ajax Amsterdam,420215,Nordin Musampa,Centre-Back,20,0.5
Eredivisie,2021,610,Ajax Amsterdam,559327,Youri Baas,Centre-Back,19,0.45
Eredivisie,2021,610,Ajax Amsterdam,131225,Nicolás Tagliafico,Left-Back,29,11.0
Eredivisie,2021,610,Ajax Amsterdam,485584,Anass Salah-Eddine,Left-Back,20,0.3
Eredivisie,2021,610,Ajax Amsterdam,420243,Jurriën Timber,Right-Back,21,35.0
Eredivisie,2021,610,Ajax Amsterdam,340456,Noussair Mazraoui,Right-Back,24,20.0
Eredivisie,2021,610,Ajax Amsterdam,557407,Devyne Rensch,Right-Back,19,8.0
Eredivisie,2021,610,Ajax Amsterdam,268113,Sean Klaiber,Right-Back,27,2.8
Eredivisie,2021,610,Ajax Amsterdam,478573,Ryan Gravenberch,Defensive Midfield,20,35.0
Eredivisie,2021,610,Ajax Amsterdam,401356,Edson Álvarez,Defensive Midfield,24,22.0
Eredivisie,2021,610,Ajax Amsterdam,559324,Youri Regeer,Defensive Midfield,18,2.4
Eredivisie,2021,610,Ajax Amsterdam,412945,Enric Llansana,Defensive Midfield,21,0.4
Eredivisie,2021,610,Ajax Amsterdam,182932,Davy Klaassen,Central Midfield,29,14.0
Eredivisie,2021,610,Ajax Amsterdam,470394,Kenneth Taylor,Central Midfield,20,4.5
Eredivisie,2021,610,Ajax Amsterdam,361068,Jurgen Ekkelenkamp,Central Midfield,22,3.5
Eredivisie,2021,610,Ajax Amsterdam,559333,Kian Fitz-Jim,Central Midfield,18,0.8
Eredivisie,2021,610,Ajax Amsterdam,36139,Dusan Tadic,Attacking Midfield,33,12.0
Eredivisie,2021,610,Ajax Amsterdam,503638,Mohamed Ihattaren,Attacking Midfield,20,5.0
Eredivisie,2021,610,Ajax Amsterdam,123349,Zakaria Labyad,Attacking Midfield,29,3.0
Eredivisie,2021,610,Ajax Amsterdam,400548,Victor Jensen,Attacking Midfield,22,0.8
Eredivisie,2021,610,Ajax Amsterdam,694186,Kristian Hlynsson,Attacking Midfield,18,0.45
Eredivisie,2021,610,Ajax Amsterdam,574385,Mohamed Daramy,Left Winger,20,6.0
Eredivisie,2021,610,Ajax Amsterdam,508639,Naci Ünüvar,Left Winger,19,3.5
Eredivisie,2021,610,Ajax Amsterdam,704773,Amourricho van Axel Dongen,Left Winger,17,0.5
Eredivisie,2021,610,Ajax Amsterdam,602105,Antony,Right Winger,22,35.0
Eredivisie,2021,610,Ajax Amsterdam,469822,David Neres,Right Winger,25,20.0
Eredivisie,2021,610,Ajax Amsterdam,129554,Steven Berghuis,Right Winger,30,14.0
Eredivisie,2021,610,Ajax Amsterdam,543499,Mohammed Kudus,Right Winger,21,10.0
Eredivisie,2021,610,Ajax Amsterdam,485582,Sontje Hansen,Right Winger,20,1.0
Eredivisie,2021,610,Ajax Amsterdam,572519,Ar'jany Martha,Right Winger,18,0.35
Eredivisie,2021,610,Ajax Amsterdam,181375,Sébastien Haller,Centre-Forward,28,35.0
Eredivisie,2021,610,Ajax Amsterdam,473169,Brian Brobbey,Centre-Forward,20,9.0
Eredivisie,2021,610,Ajax Amsterdam,519731,Danilo,Centre-Forward,23,4.0
Eredivisie,2021,383,PSV Eindhoven,333640,Joël Drommel,Goalkeeper,25,3.5
Eredivisie,2021,383,PSV Eindhoven,147051,Yvon Mvogo,Goalkeeper,28,2.8
Eredivisie,2021,383,PSV Eindhoven,453807,Vincent Müller,Goalkeeper,21,0.3
Eredivisie,2021,383,PSV Eindhoven,409490,Maxime Delanghe,Goalkeeper,21,0.3
Eredivisie,2021,383,PSV Eindhoven,654919,Kjell Peersman,Goalkeeper,18,0.2
Eredivisie,2021,383,PSV Eindhoven,559331,Aron van Lare,Goalkeeper,19,0.025
Eredivisie,2021,383,PSV Eindhoven,318508,Olivier Boscagli,Centre-Back,24,8.0
Eredivisie,2021,383,PSV Eindhoven,175792,André Ramalho,Centre-Back,30,3.5
Eredivisie,2021,383,PSV Eindhoven,339337,Armando Obispo,Centre-Back,23,3.0
Eredivisie,2021,383,PSV Eindhoven,93081,Nick Viergever,Centre-Back,32,0.8
Eredivisie,2021,383,PSV Eindhoven,617755,Jenson Seelt,Centre-Back,19,0.4
Eredivisie,2021,383,PSV Eindhoven,412939,Dennis Vos,Centre-Back,20,0.35
Eredivisie,2021,383,PSV Eindhoven,111275,Philipp Max,Left-Back,28,8.0
Eredivisie,2021,383,PSV Eindhoven,323910,Mauro Júnior,Left-Back,23,6.0
Eredivisie,2021,383,PSV Eindhoven,127573,Phillipp Mwene,Left-Back,28,3.0
Eredivisie,2021,383,PSV Eindhoven,539665,Fredrik Oppegård,Left-Back,19,0.4
Eredivisie,2021,383,PSV Eindhoven,364245,Jordan Teze,Right-Back,22,8.0
Eredivisie,2021,383,PSV Eindhoven,575367,Richard Ledezma,Right-Back,21,0.85
Eredivisie,2021,383,PSV Eindhoven,375885,Ibrahim Sangaré,Defensive Midfield,24,24.0
Eredivisie,2021,383,PSV Eindhoven,370791,Pablo Rosario,Defensive Midfield,25,10.0
Eredivisie,2021,383,PSV Eindhoven,203357,Ryan Thomas,Defensive Midfield,27,2.5
Eredivisie,2021,383,PSV Eindhoven,408574,Joey Veerman,Central Midfield,23,14.0
Eredivisie,2021,383,PSV Eindhoven,298796,Érick Gutiérrez,Central Midfield,27,7.0
Eredivisie,2021,383,PSV Eindhoven,321204,Michal Sadílek,Central Midfield,23,4.0
Eredivisie,2021,383,PSV Eindhoven,147034,Marco van Ginkel,Central Midfield,29,1.75
Eredivisie,2021,383,PSV Eindhoven,74842,Mario Götze,Attacking Midfield,30,10.0
Eredivisie,2021,383,PSV Eindhoven,503638,Mohamed Ihattaren,Attacking Midfield,20,5.0
Eredivisie,2021,383,PSV Eindhoven,702869,Ismael Saibari,Attacking Midfield,21,0.45
Eredivisie,2021,383,PSV Eindhoven,434675,Cody Gakpo,Left Winger,23,30.0
Eredivisie,2021,383,PSV Eindhoven,139396,Bruma,Left Winger,27,6.0
Eredivisie,2021,383,PSV Eindhoven,594273,Jeremy Antonisse,Left Winger,20,0.3
Eredivisie,2021,383,PSV Eindhoven,503987,Noni Madueke,Right Winger,20,18.0
Eredivisie,2021,383,PSV Eindhoven,358504,Ritsu Doan,Right Winger,24,8.0
Eredivisie,2021,383,PSV Eindhoven,565424,Johan Bakayoko,Right Winger,19,3.0
Eredivisie,2021,383,PSV Eindhoven,525287,Carlos Vinícius,Centre-Forward,27,8.0
Eredivisie,2021,383,PSV Eindhoven,409517,Yorbe Vertessen,Centre-Forward,21,4.5
Eredivisie,2021,383,PSV Eindhoven,365758,Maximiliano Romero,Centre-Forward,23,3.0
Eredivisie,2021,383,PSV Eindhoven,85093,Eran Zahavi,Centre-Forward,34,1.5
Eredivisie,2021,383,PSV Eindhoven,594039,Fodé Fofana,Centre-Forward,19,0.35
Eredivisie,2021,234,Feyenoord Rotterdam,315121,Justin Bijlow,Goalkeeper,24,13.0
Eredivisie,2021,234,Feyenoord Rotterdam,200616,Valentin Cojocaru,Goalkeeper,26,0.9
Eredivisie,2021,234,Feyenoord Rotterdam,112008,Ofir Marciano,Goalkeeper,32,0.5
Eredivisie,2021,234,Feyenoord Rotterdam,554530,Tein Troost,Goalkeeper,20,0.1
Eredivisie,2021,234,Feyenoord Rotterdam,514287,Thijs Jansen,Goalkeeper,20,0.05
Eredivisie,2021,234,Feyenoord Rotterdam,469781,Marcos Senesi,Centre-Back,25,17.0
Eredivisie,2021,234,Feyenoord Rotterdam,420210,Lutsharel Geertruida,Centre-Back,21,12.0
Eredivisie,2021,234,Feyenoord Rotterdam,59145,Gernot Trauner,Centre-Back,30,5.0
Eredivisie,2021,234,Feyenoord Rotterdam,340460,Philippe Sandler,Centre-Back,25,2.0
Eredivisie,2021,234,Feyenoord Rotterdam,436064,Ramon Hendriks,Centre-Back,20,0.8
Eredivisie,2021,234,Feyenoord Rotterdam,339340,Tyrell Malacia,Left-Back,22,17.0
Eredivisie,2021,234,Feyenoord Rotterdam,583404,Marcus Pedersen,Right-Back,21,4.5
Eredivisie,2021,234,Feyenoord Rotterdam,412949,Denzel Hall,Right-Back,21,0.1
Eredivisie,2021,234,Feyenoord Rotterdam,591880,Mimeirhel Benita,Right-Back,18,0.1
Eredivisie,2021,234,Feyenoord Rotterdam,412953,Wouter Burger,Defensive Midfield,21,1.3
Eredivisie,2021,234,Feyenoord Rotterdam,63342,Leroy Fer,Defensive Midfield,32,0.8
Eredivisie,2021,234,Feyenoord Rotterdam,454567,Orkun Kökçü,Central Midfield,21,22.0
Eredivisie,2021,234,Feyenoord Rotterdam,223367,Fredrik Aursnes,Central Midfield,26,12.0
Eredivisie,2021,234,Feyenoord Rotterdam,205004,Jorrit Hendrix,Central Midfield,27,1.8
Eredivisie,2021,234,Feyenoord Rotterdam,187507,Mark Diemers,Central Midfield,28,1.5
Eredivisie,2021,234,Feyenoord Rotterdam,595238,Lennard Hartjes,Central Midfield,19,0.1
Eredivisie,2021,234,Feyenoord Rotterdam,228444,Ridgeciano Haps,Left Midfield,29,1.8
Eredivisie,2021,234,Feyenoord Rotterdam,372267,Guus Til,Attacking Midfield,24,7.5
Eredivisie,2021,234,Feyenoord Rotterdam,605144,Cole Bassett,Attacking Midfield,20,4.0
Eredivisie,2021,234,Feyenoord Rotterdam,132214,João Carlos Teixeira,Attacking Midfield,29,2.0
Eredivisie,2021,234,Feyenoord Rotterdam,134999,Jens Toornstra,Attacking Midfield,33,1.2
Eredivisie,2021,234,Feyenoord Rotterdam,338627,Francesco Antonucci,Attacking Midfield,23,1.0
Eredivisie,2021,234,Feyenoord Rotterdam,683620,Antoni Milambo,Attacking Midfield,17,1.0
Eredivisie,2021,234,Feyenoord Rotterdam,512385,Luis Sinisterra,Left Winger,23,25.0
Eredivisie,2021,234,Feyenoord Rotterdam,340325,Reiss Nelson,Left Winger,22,6.5
Eredivisie,2021,234,Feyenoord Rotterdam,213268,Alireza Jahanbakhsh,Right Winger,28,3.5
Eredivisie,2021,234,Feyenoord Rotterdam,721470,Patrik Wålemark,Right Winger,20,3.5
Eredivisie,2021,234,Feyenoord Rotterdam,530298,Christian Conteh,Right Winger,22,0.45
Eredivisie,2021,234,Feyenoord Rotterdam,317806,Cyriel Dessers,Centre-Forward,27,6.0
Eredivisie,2021,234,Feyenoord Rotterdam,82410,Bryan Linssen,Centre-Forward,31,2.2
Eredivisie,2021,234,Feyenoord Rotterdam,454576,Róbert Boženík,Centre-Forward,22,1.2
Eredivisie,2021,234,Feyenoord Rotterdam,666977,Aliou Baldé,Centre-Forward,19,0.4
Eredivisie,2021,234,Feyenoord Rotterdam,430800,Naoufal Bannis,Centre-Forward,20,0.4
Eredivisie,2021,234,Feyenoord Rotterdam,435088,Delano Ladan,Centre-Forward,22,0.175
Eredivisie,2021,1090,AZ Alkmaar,395421,Peter Vindahl,Goalkeeper,24,0.9
Eredivisie,2021,1090,AZ Alkmaar,116471,Hobie Verhulst,Goalkeeper,29,0.425
Eredivisie,2021,1090,AZ Alkmaar,595935,Sem Westerveld,Goalkeeper,19,0.25
Eredivisie,2021,1090,AZ Alkmaar,515386,Beau Reus,Goalkeeper,20,0.15
Eredivisie,2021,1090,AZ Alkmaar,436061,Mees Bakker,Goalkeeper,21,0.1
Eredivisie,2021,1090,AZ Alkmaar,144244,Pantelis Hatzidiakos,Centre-Back,25,2.5
Eredivisie,2021,1090,AZ Alkmaar,112052,Bruno Martins Indi,Centre-Back,30,2.2
Eredivisie,2021,1090,AZ Alkmaar,433984,Sam Beukema,Centre-Back,23,1.0
Eredivisie,2021,1090,AZ Alkmaar,231378,Timo Letschert,Centre-Back,29,0.7
Eredivisie,2021,1090,AZ Alkmaar,646704,Maxim Dekker,Centre-Back,18,0.4
Eredivisie,2021,1090,AZ Alkmaar,501640,Maxim Gullit,Centre-Back,21,0.35
Eredivisie,2021,1090,AZ Alkmaar,595937,Jorn Berkhout,Centre-Back,20,0.25
Eredivisie,2021,1090,AZ Alkmaar,339328,Owen Wijndal,Left-Back,22,12.0
Eredivisie,2021,1090,AZ Alkmaar,730861,Milos Kerkez,Left-Back,18,0.7
Eredivisie,2021,1090,AZ Alkmaar,405385,Yukinari Sugawara,Right-Back,22,3.0
Eredivisie,2021,1090,AZ Alkmaar,313944,Aslak Witry,Right-Back,26,1.2
Eredivisie,2021,1090,AZ Alkmaar,360518,Teun Koopmeiners,Defensive Midfield,24,25.0
Eredivisie,2021,1090,AZ Alkmaar,104223,Jordy Clasie,Defensive Midfield,31,2.5
Eredivisie,2021,1090,AZ Alkmaar,361074,Peer Koopmeiners,Defensive Midfield,22,0.6
Eredivisie,2021,1090,AZ Alkmaar,136180,Fredrik Midtsjø,Central Midfield,28,6.0
Eredivisie,2021,1090,AZ Alkmaar,340459,Dani de Wit,Central Midfield,24,3.5
Eredivisie,2021,1090,AZ Alkmaar,394688,Håkon Evjen,Central Midfield,22,1.8
Eredivisie,2021,1090,AZ Alkmaar,460939,Tijjani Reijnders,Central Midfield,23,1.5
Eredivisie,2021,1090,AZ Alkmaar,595940,Zico Buurmeester,Central Midfield,20,0.55
Eredivisie,2021,1090,AZ Alkmaar,559335,Fedde de Jong,Attacking Midfield,19,0.65
Eredivisie,2021,1090,AZ Alkmaar,441216,Thijs Oosting,Attacking Midfield,22,0.6
Eredivisie,2021,1090,AZ Alkmaar,276135,Jeremy Helmer,Attacking Midfield,24,0.3
Eredivisie,2021,1090,AZ Alkmaar,367992,Jesper Karlsson,Left Winger,23,14.0
Eredivisie,2021,1090,AZ Alkmaar,564489,Kamal Sowah,Left Winger,22,3.5
Eredivisie,2021,1090,AZ Alkmaar,485591,Mohamed Taabouni,Left Winger,20,0.85
Eredivisie,2021,1090,AZ Alkmaar,650712,Myron van Brederode,Left Winger,18,0.2
Eredivisie,2021,1090,AZ Alkmaar,393238,Zakaria Aboukhlal,Right Winger,22,2.0
Eredivisie,2021,1090,AZ Alkmaar,718303,Ernest Poku,Right Winger,18,0.3
Eredivisie,2021,1090,AZ Alkmaar,305947,Albert Gudmundsson,Second Striker,25,2.4
Eredivisie,2021,1090,AZ Alkmaar,324503,Vangelis Pavlidis,Centre-Forward,23,6.0
Eredivisie,2021,1090,AZ Alkmaar,566271,Yusuf Barası,Centre-Forward,19,0.5
Eredivisie,2021,1090,AZ Alkmaar,339327,Jelle Duin,Centre-Forward,23,0.2
Eredivisie,2021,1090,AZ Alkmaar,678546,Mexx Meerdink,Centre-Forward,18,0.15
Eredivisie,2021,499,Vitesse Arnhem,296741,Markus Schubert,Goalkeeper,24,0.6
Eredivisie,2021,499,Vitesse Arnhem,257980,Jeroen Houwen,Goalkeeper,26,0.5
Eredivisie,2021,499,Vitesse Arnhem,412946,Daan Reiziger,Goalkeeper,21,0.15
Eredivisie,2021,499,Vitesse Arnhem,187203,Eric Verstappen,Goalkeeper,28,0.125
Eredivisie,2021,499,Vitesse Arnhem,216443,Riechedly Bazoer,Centre-Back,25,5.0
Eredivisie,2021,499,Vitesse Arnhem,387047,Danilho Doekhi,Centre-Back,24,4.0
Eredivisie,2021,499,Vitesse Arnhem,283233,Jacob Rasmussen,Centre-Back,25,3.0
Eredivisie,2021,499,Vitesse Arnhem,163847,Eli Dasa,Centre-Back,29,2.0
Eredivisie,2021,499,Vitesse Arnhem,353559,Dominik Oroz,Centre-Back,21,0.6
Eredivisie,2021,499,Vitesse Arnhem,181469,Tomas Hajek,Centre-Back,30,0.4
Eredivisie,2021,499,Vitesse Arnhem,196793,Maximilian Wittek,Left-Back,26,2.5
Eredivisie,2021,499,Vitesse Arnhem,536521,Romaric Yapi,Right-Back,21,0.2
Eredivisie,2021,499,Vitesse Arnhem,607164,Enzo Cornelisse,Defensive Midfield,20,0.4
Eredivisie,2021,499,Vitesse Arnhem,204047,Matus Bero,Central Midfield,26,2.5
Eredivisie,2021,499,Vitesse Arnhem,210348,Sondre Tronstad,Central Midfield,26,2.0
Eredivisie,2021,499,Vitesse Arnhem,344649,Toni Domgjoni,Central Midfield,23,1.5
Eredivisie,2021,499,Vitesse Arnhem,564448,Daan Huisman,Central Midfield,19,0.5
Eredivisie,2021,499,Vitesse Arnhem,433805,Patrick Vroegh,Central Midfield,22,0.4
Eredivisie,2021,499,Vitesse Arnhem,235540,Oussama Tannane,Attacking Midfield,28,0.6
Eredivisie,2021,499,Vitesse Arnhem,494283,Enrico Dueñas,Attacking Midfield,21,0.2
Eredivisie,2021,499,Vitesse Arnhem,463613,Yann Gboho,Left Winger,21,2.5
Eredivisie,2021,499,Vitesse Arnhem,747243,Gyan de Regt,Left Winger,18,0.1
Eredivisie,2021,499,Vitesse Arnhem,500762,Julian Von Moos,Right Winger,21,1.0
Eredivisie,2021,499,Vitesse Arnhem,564449,Million Manhoef,Right Winger,20,0.45
Eredivisie,2021,499,Vitesse Arnhem,477306,Hilary Gong,Right Winger,23,0.375
Eredivisie,2021,499,Vitesse Arnhem,368887,Loïs Openda,Centre-Forward,22,7.5
Eredivisie,2021,499,Vitesse Arnhem,400550,Nikolai Baden Frederiksen,Centre-Forward,22,3.5
Eredivisie,2021,499,Vitesse Arnhem,167342,Adrian Grbic,Centre-Forward,25,2.5
Eredivisie,2021,499,Vitesse Arnhem,357826,Thomas Buitink,Centre-Forward,22,1.3
Eredivisie,2021,499,Vitesse Arnhem,321182,Oussama Darfalou,Centre-Forward,28,0.7
Eredivisie,2021,200,FC Utrecht,396077,Maarten Paes,Goalkeeper,24,0.9
Eredivisie,2021,200,FC Utrecht,462285,Fabian de Keijzer,Goalkeeper,22,0.9
Eredivisie,2021,200,FC Utrecht,152460,Eric Oelschlägel,Goalkeeper,26,0.5
Eredivisie,2021,200,FC Utrecht,315235,Thijmen Nijhuis,Goalkeeper,23,0.2
Eredivisie,2021,200,FC Utrecht,471797,Joey Houweling,Goalkeeper,22,0.075
Eredivisie,2021,200,FC Utrecht,607133,Kevin Gadellaa,Goalkeeper,19,0.025
Eredivisie,2021,200,FC Utrecht,187105,Mike van der Hoorn,Centre-Back,29,1.6
Eredivisie,2021,200,FC Utrecht,458734,Tommy St. Jago,Centre-Back,22,1.0
Eredivisie,2021,200,FC Utrecht,387199,Benaissa Benamar,Centre-Back,25,0.425
Eredivisie,2021,200,FC Utrecht,477249,Christopher Mamengi,Centre-Back,21,0.425
Eredivisie,2021,200,FC Utrecht,596178,Rick Meissen,Centre-Back,20,0.3
Eredivisie,2021,200,FC Utrecht,578421,Ruben Kluivert,Centre-Back,21,0.2
Eredivisie,2021,200,FC Utrecht,288449,Django Warmerdam,Left-Back,26,1.2
Eredivisie,2021,200,FC Utrecht,258519,Hidde ter Avest,Right-Back,25,2.0
Eredivisie,2021,200,FC Utrecht,128042,Mark van der Maarel,Right-Back,32,0.4
Eredivisie,2021,200,FC Utrecht,596144,Raymond Huizing,Right-Back,20,0.2
Eredivisie,2021,200,FC Utrecht,150663,Sylian Mokono,Right-Back,23,0.2
Eredivisie,2021,200,FC Utrecht,182582,Joris van Overeem,Defensive Midfield,28,0.9
Eredivisie,2021,200,FC Utrecht,361066,Davy van den Berg,Defensive Midfield,22,0.25
Eredivisie,2021,200,FC Utrecht,420213,Quinten Timber,Central Midfield,21,4.0
Eredivisie,2021,200,FC Utrecht,122421,Adam Maher,Central Midfield,28,3.8
Eredivisie,2021,200,FC Utrecht,596148,Djevencio van der Kust,Central Midfield,21,0.65
Eredivisie,2021,200,FC Utrecht,488296,Rocco Shein,Central Midfield,18,0.25
Eredivisie,2021,200,FC Utrecht,20586,Urby Emanuelson,Central Midfield,36,0.1
Eredivisie,2021,200,FC Utrecht,536477,Arthur Zagré,Left Midfield,20,1.0
Eredivisie,2021,200,FC Utrecht,255474,Simon Gustafson,Attacking Midfield,27,1.8
Eredivisie,2021,200,FC Utrecht,190222,Sander van de Streek,Attacking Midfield,29,1.4
Eredivisie,2021,200,FC Utrecht,326701,Bart Ramselaar,Left Winger,26,3.8
Eredivisie,2021,200,FC Utrecht,216815,Mimoun Mahi,Left Winger,28,1.4
Eredivisie,2021,200,FC Utrecht,481117,Othmane Boussaid,Left Winger,22,1.1
Eredivisie,2021,200,FC Utrecht,268112,Gyrano Kerk,Right Winger,26,5.5
Eredivisie,2021,200,FC Utrecht,300532,Pontus Almqvist,Right Winger,22,3.0
Eredivisie,2021,200,FC Utrecht,246197,Naoki Maeda,Right Winger,27,0.9
Eredivisie,2021,200,FC Utrecht,412940,Remco Balk,Right Winger,21,0.4
Eredivisie,2021,200,FC Utrecht,371980,Mohamed Mallahi,Right Winger,22,0.275
Eredivisie,2021,200,FC Utrecht,412934,Eros Maddy,Right Winger,21,0.2
Eredivisie,2021,200,FC Utrecht,523318,Anastasios Douvikas,Centre-Forward,22,2.0
Eredivisie,2021,200,FC Utrecht,460655,Moussa Sylla,Centre-Forward,22,1.5
Eredivisie,2021,200,FC Utrecht,271743,Henk Veerman,Centre-Forward,31,0.9
Eredivisie,2021,200,FC Utrecht,288228,Adrián Dalmau,Centre-Forward,28,0.7
Eredivisie,2021,200,FC Utrecht,667007,Mees Rijks,Centre-Forward,19,0.225
Eredivisie,2021,202,FC Groningen,166326,Peter Leeuwenburgh,Goalkeeper,28,0.5
Eredivisie,2021,202,FC Groningen,409346,Jan Hoekstra,Goalkeeper,23,0.35
Eredivisie,2021,202,FC Groningen,426142,Jan de Boer,Goalkeeper,22,0.025
Eredivisie,2021,202,FC Groningen,579950,Owen van der Vlag,Goalkeeper,18,0.025
Eredivisie,2021,202,FC Groningen,503640,Neraysho Kasanwirjo,Centre-Back,20,2.5
Eredivisie,2021,202,FC Groningen,155806,Mike te Wierik,Centre-Back,30,0.65
Eredivisie,2021,202,FC Groningen,250450,Wessel Dammers,Centre-Back,27,0.6
Eredivisie,2021,202,FC Groningen,282169,Marin Šverko,Centre-Back,24,0.55
Eredivisie,2021,202,FC Groningen,458405,Radinio Balker,Centre-Back,23,0.45
Eredivisie,2021,202,FC Groningen,673067,Elias Olsson,Centre-Back,19,0.3
Eredivisie,2021,202,FC Groningen,362108,Gabriel Gudmundsson,Left-Back,23,6.0
Eredivisie,2021,202,FC Groningen,594227,Bjorn Meijer,Left-Back,19,3.0
Eredivisie,2021,202,FC Groningen,57328,Bart van Hintum,Left-Back,35,0.275
Eredivisie,2021,202,FC Groningen,593410,Yahya Kalley,Left-Back,21,0.25
Eredivisie,2021,202,FC Groningen,295624,Damil Dankerlui,Right-Back,25,0.7
Eredivisie,2021,202,FC Groningen,315145,Azor Matusiwa,Defensive Midfield,24,7.0
Eredivisie,2021,202,FC Groningen,258513,Laros Duarte,Defensive Midfield,25,1.5
Eredivisie,2021,202,FC Groningen,476915,Melayro Bogarde,Defensive Midfield,20,1.2
Eredivisie,2021,202,FC Groningen,377720,Daniël van Kaam,Defensive Midfield,22,0.7
Eredivisie,2021,202,FC Groningen,486052,Emmanuel Matuta,Defensive Midfield,20,0.35
Eredivisie,2021,202,FC Groningen,303939,Ahmed El Messaoudi,Central Midfield,26,0.675
Eredivisie,2021,202,FC Groningen,540333,Tomas Suslov,Attacking Midfield,20,3.0
Eredivisie,2021,202,FC Groningen,369653,Daleho Irandust,Attacking Midfield,24,1.2
Eredivisie,2021,202,FC Groningen,384587,Mohammed El Hankouri,Attacking Midfield,24,0.8
Eredivisie,2021,202,FC Groningen,238084,Ramon Pascal Lundqvist,Attacking Midfield,25,0.7
Eredivisie,2021,202,FC Groningen,601495,Luciano Valente,Attacking Midfield,18,0.075
Eredivisie,2021,202,FC Groningen,317593,Patrick Joosten,Left Winger,26,0.8
Eredivisie,2021,202,FC Groningen,539677,Sebastian Tounekti,Left Winger,19,0.2
Eredivisie,2021,202,FC Groningen,358032,Cyril Ngonge,Right Winger,22,1.0
Eredivisie,2021,202,FC Groningen,429983,Jørgen Strand Larsen,Centre-Forward,22,6.0
Eredivisie,2021,202,FC Groningen,579289,Paulos Abraham,Centre-Forward,19,1.2
Eredivisie,2021,202,FC Groningen,513330,Romano Postema,Centre-Forward,20,0.45
Eredivisie,2021,202,FC Groningen,110906,Michael de Leeuw,Centre-Forward,35,0.25
Eredivisie,2021,202,FC Groningen,847022,Alex Mortensen,Centre-Forward,19,0.075
Eredivisie,2021,306,SC Heerenveen,288426,Xavier Mous,Goalkeeper,26,0.45
Eredivisie,2021,306,SC Heerenveen,56631,Erwin Mulder,Goalkeeper,33,0.3
Eredivisie,2021,306,SC Heerenveen,312473,Jan Bekkema,Goalkeeper,26,0.05
Eredivisie,2021,306,SC Heerenveen,600677,Jaimy Kroesen,Goalkeeper,19,0.05
Eredivisie,2021,306,SC Heerenveen,248395,Pawel Bochniewicz,Centre-Back,26,2.2
Eredivisie,2021,306,SC Heerenveen,256718,Sven van Beek,Centre-Back,27,0.8
Eredivisie,2021,306,SC Heerenveen,321135,Ibrahim Dresevic,Centre-Back,25,0.8
Eredivisie,2021,306,SC Heerenveen,261546,Joost van Aken,Centre-Back,28,0.65
Eredivisie,2021,306,SC Heerenveen,210921,Nick Bakker,Centre-Back,29,0.45
Eredivisie,2021,306,SC Heerenveen,485586,Syb van Ottele,Centre-Back,20,0.25
Eredivisie,2021,306,SC Heerenveen,274373,Rami Kaib,Left-Back,25,0.7
Eredivisie,2021,306,SC Heerenveen,221766,Lucas Woudenberg,Left-Back,28,0.65
Eredivisie,2021,306,SC Heerenveen,587335,Milan van Ewijk,Right-Back,21,2.5
Eredivisie,2021,306,SC Heerenveen,590773,Hamdi Akujobi,Right-Back,22,0.15
Eredivisie,2021,306,SC Heerenveen,178219,Thom Haye,Defensive Midfield,27,1.3
Eredivisie,2021,306,SC Heerenveen,646670,Timo Zaal,Defensive Midfield,18,0.1
Eredivisie,2021,306,SC Heerenveen,408574,Joey Veerman,Central Midfield,23,14.0
Eredivisie,2021,306,SC Heerenveen,324957,Tibor Halilovic,Central Midfield,27,1.5
Eredivisie,2021,306,SC Heerenveen,464599,Nicolas Madsen,Central Midfield,22,0.75
Eredivisie,2021,306,SC Heerenveen,308265,Anas Tahiri,Central Midfield,27,0.7
Eredivisie,2021,306,SC Heerenveen,264748,Rodney Kongolo,Central Midfield,24,0.6
Eredivisie,2021,306,SC Heerenveen,440531,Jan Ras,Central Midfield,23,0.075
Eredivisie,2021,306,SC Heerenveen,590775,Djenahro Nunumete,Central Midfield,20,0.05
Eredivisie,2021,306,SC Heerenveen,475949,Benjamin Nygren,Attacking Midfield,20,1.0
Eredivisie,2021,306,SC Heerenveen,45509,Siem de Jong,Attacking Midfield,33,0.35
Eredivisie,2021,306,SC Heerenveen,593415,Rami Al Hajj,Attacking Midfield,20,0.3
Eredivisie,2021,306,SC Heerenveen,486813,Stanislav Shopov,Attacking Midfield,20,0.175
Eredivisie,2021,306,SC Heerenveen,627750,Filip Stevanovic,Left Winger,19,2.5
Eredivisie,2021,306,SC Heerenveen,511401,Anthony Musaba,Left Winger,21,1.2
Eredivisie,2021,306,SC Heerenveen,393239,Mitchell van Bergen,Right Winger,22,2.0
Eredivisie,2021,306,SC Heerenveen,462087,Arjen van der Heide,Right Winger,20,0.45
Eredivisie,2021,306,SC Heerenveen,748382,Amin Sarr,Centre-Forward,21,2.0
Eredivisie,2021,306,SC Heerenveen,439292,Sydney van Hooijdonk,Centre-Forward,22,1.3
Eredivisie,2021,306,SC Heerenveen,271743,Henk Veerman,Centre-Forward,31,0.9
Eredivisie,2021,317,FC Twente Enschede,53696,Lars Unnerstall,Goalkeeper,31,2.0
Eredivisie,2021,317,FC Twente Enschede,315253,Jeffrey de Lange,Goalkeeper,24,0.2
Eredivisie,2021,317,FC Twente Enschede,529425,Ennio van der Gouw,Goalkeeper,22,0.05
Eredivisie,2021,317,FC Twente Enschede,562702,Mees Hilgers,Centre-Back,21,2.5
Eredivisie,2021,317,FC Twente Enschede,361207,Kik Pierie,Centre-Back,21,1.5
Eredivisie,2021,317,FC Twente Enschede,202788,Robin Pröpper,Centre-Back,28,1.3
Eredivisie,2021,317,FC Twente Enschede,251885,Julio Pleguezuelo,Centre-Back,25,1.3
Eredivisie,2021,317,FC Twente Enschede,591361,Jayden Oosterwolde,Centre-Back,21,1.0
Eredivisie,2021,317,FC Twente Enschede,78818,Dario Dumic,Centre-Back,30,0.8
Eredivisie,2021,317,FC Twente Enschede,618086,Max Bruns,Centre-Back,19,0.075
Eredivisie,2021,317,FC Twente Enschede,374212,Gijs Smal,Left-Back,24,1.4
Eredivisie,2021,317,FC Twente Enschede,207006,Joshua Brenet,Right-Back,28,1.3
Eredivisie,2021,317,FC Twente Enschede,360514,Giovanni Troupée,Right-Back,24,0.6
Eredivisie,2021,317,FC Twente Enschede,588744,Luca Everink,Right-Back,21,0.15
Eredivisie,2021,317,FC Twente Enschede,416660,Ramiz Zerrouki,Defensive Midfield,24,3.5
Eredivisie,2021,317,FC Twente Enschede,524043,Jesse Bosch,Defensive Midfield,22,0.6
Eredivisie,2021,317,FC Twente Enschede,393241,Godfried Roemeratoe,Defensive Midfield,22,0.45
Eredivisie,2021,317,FC Twente Enschede,30003,Wout Brama,Defensive Midfield,35,0.2
Eredivisie,2021,317,FC Twente Enschede,596158,Casper Staring,Defensive Midfield,21,0.1
Eredivisie,2021,317,FC Twente Enschede,321204,Michal Sadílek,Central Midfield,23,4.0
Eredivisie,2021,317,FC Twente Enschede,342702,Michel Vlap,Attacking Midfield,25,2.0
Eredivisie,2021,317,FC Twente Enschede,429790,Luka Ilic,Attacking Midfield,22,0.7
Eredivisie,2021,317,FC Twente Enschede,524033,Thijs van Leeuwen,Attacking Midfield,20,0.3
Eredivisie,2021,317,FC Twente Enschede,225339,Queensy Menig,Left Winger,26,2.3
Eredivisie,2021,317,FC Twente Enschede,214346,Virgil Misidjan,Left Winger,28,0.8
Eredivisie,2021,317,FC Twente Enschede,324344,Dimitrios Limnios,Right Winger,24,2.0
Eredivisie,2021,317,FC Twente Enschede,242063,Vaclav Cerny,Right Winger,24,1.0
Eredivisie,2021,317,FC Twente Enschede,591363,Daan Rots,Right Winger,20,0.8
Eredivisie,2021,317,FC Twente Enschede,582131,Denilho Cleonise,Right Winger,20,0.4
Eredivisie,2021,317,FC Twente Enschede,677382,Jahnoah Markelo,Right Winger,19,0.05
Eredivisie,2021,317,FC Twente Enschede,645173,Manfred Ugalde,Centre-Forward,20,1.1
Eredivisie,2021,317,FC Twente Enschede,41355,Ricky van Wolfswinkel,Centre-Forward,33,0.8
Eredivisie,2021,468,Sparta Rotterdam,340353,Maduka Okoye,Goalkeeper,22,3.5
Eredivisie,2021,468,Sparta Rotterdam,123520,Benjamin van Leer,Goalkeeper,30,0.25
Eredivisie,2021,468,Sparta Rotterdam,119061,Tim Coremans,Goalkeeper,31,0.2
Eredivisie,2021,468,Sparta Rotterdam,530253,Ishan Kort,Goalkeeper,22,0.05
Eredivisie,2021,468,Sparta Rotterdam,333815,Dirk Abels,Centre-Back,25,0.4
Eredivisie,2021,468,Sparta Rotterdam,129991,Bart Vriends,Centre-Back,31,0.35
Eredivisie,2021,468,Sparta Rotterdam,151494,Tom Beugelsdijk,Centre-Back,31,0.35
Eredivisie,2021,468,Sparta Rotterdam,255748,Michaël Heylen,Centre-Back,28,0.35
Eredivisie,2021,468,Sparta Rotterdam,56381,Adil Auassar,Centre-Back,35,0.2
Eredivisie,2021,468,Sparta Rotterdam,593193,Augustin Drakpe,Centre-Back,20,0.075
Eredivisie,2021,468,Sparta Rotterdam,135208,Riza Durmisi,Left-Back,28,0.5
Eredivisie,2021,468,Sparta Rotterdam,177866,Mica Pinto,Left-Back,29,0.5
Eredivisie,2021,468,Sparta Rotterdam,56836,Aaron Meijers,Left-Back,34,0.25
Eredivisie,2021,468,Sparta Rotterdam,525320,Gaultiér Overman,Left-Back,21,0.025
Eredivisie,2021,468,Sparta Rotterdam,295780,Giannis Masouras,Right-Back,25,0.45
Eredivisie,2021,468,Sparta Rotterdam,163724,Laurent Jans,Right-Back,29,0.35
Eredivisie,2021,468,Sparta Rotterdam,258513,Laros Duarte,Defensive Midfield,25,1.5
Eredivisie,2021,468,Sparta Rotterdam,57303,Joeri de Kamps,Defensive Midfield,30,0.475
Eredivisie,2021,468,Sparta Rotterdam,702830,Jafar Bynoe,Defensive Midfield,18,0.15
Eredivisie,2021,468,Sparta Rotterdam,424330,Jeremy van Mullem,Defensive Midfield,23,0.1
Eredivisie,2021,468,Sparta Rotterdam,416386,Abdou Harroui,Central Midfield,24,3.0
Eredivisie,2021,468,Sparta Rotterdam,412943,Kenzo Goudmijn,Central Midfield,20,0.6
Eredivisie,2021,468,Sparta Rotterdam,471692,Jason Meerstadt,Central Midfield,20,0.05
Eredivisie,2021,468,Sparta Rotterdam,578804,Sven Mijnans,Attacking Midfield,22,0.85
Eredivisie,2021,468,Sparta Rotterdam,312493,Vito van Crooij,Attacking Midfield,26,0.7
Eredivisie,2021,468,Sparta Rotterdam,119066,Bryan Smeets,Attacking Midfield,29,0.6
Eredivisie,2021,468,Sparta Rotterdam,250591,Arno Verschueren,Attacking Midfield,25,0.6
Eredivisie,2021,468,Sparta Rotterdam,273431,Mohammed Osman,Attacking Midfield,28,0.6
Eredivisie,2021,468,Sparta Rotterdam,93637,Mario Engels,Left Winger,28,0.45
Eredivisie,2021,468,Sparta Rotterdam,227039,Younes Namli,Right Winger,28,1.2
Eredivisie,2021,468,Sparta Rotterdam,559328,Emmanuel Emegha,Centre-Forward,19,0.9
Eredivisie,2021,468,Sparta Rotterdam,288228,Adrián Dalmau,Centre-Forward,28,0.7
Eredivisie,2021,468,Sparta Rotterdam,23553,Lennart Thy,Centre-Forward,30,0.65
Eredivisie,2021,1304,Heracles Almelo,81173,Janis Blaswich,Goalkeeper,31,0.8
Eredivisie,2021,1304,Heracles Almelo,321327,Alessandro Damen,Goalkeeper,32,0.275
Eredivisie,2021,1304,Heracles Almelo,335027,Koen Bucker,Goalkeeper,26,0.175
Eredivisie,2021,1304,Heracles Almelo,463526,Robin Jalving,Goalkeeper,22,0.05
Eredivisie,2021,1304,Heracles Almelo,411287,Justin Hoogma,Centre-Back,24,1.0
Eredivisie,2021,1304,Heracles Almelo,315138,Mats Knoester,Centre-Back,23,0.9
Eredivisie,2021,1304,Heracles Almelo,339151,Sven Sonnenberg,Centre-Back,23,0.225
Eredivisie,2021,1304,Heracles Almelo,406607,Elias Oubella,Centre-Back,21,0.075
Eredivisie,2021,1304,Heracles Almelo,476755,Mateo Les,Centre-Back,22,0.05
Eredivisie,2021,1304,Heracles Almelo,458777,Giacomo Quagliata,Left-Back,22,0.8
Eredivisie,2021,1304,Heracles Almelo,538963,Ruben Roosken,Left-Back,22,0.2
Eredivisie,2021,1304,Heracles Almelo,703775,Chiel Olde Keizer,Left-Back,19,0.025
Eredivisie,2021,1304,Heracles Almelo,237244,Marco Rente,Right-Back,25,0.6
Eredivisie,2021,1304,Heracles Almelo,379168,Noah Fadiga,Right-Back,22,0.55
Eredivisie,2021,1304,Heracles Almelo,339330,Navajo Bakboord,Right-Back,23,0.3
Eredivisie,2021,1304,Heracles Almelo,438689,Robin Polley,Right-Back,23,0.125
Eredivisie,2021,1304,Heracles Almelo,337243,Orestis Kiomourtzoglou,Defensive Midfield,24,0.8
Eredivisie,2021,1304,Heracles Almelo,618083,Sem Scheperman,Defensive Midfield,20,0.025
Eredivisie,2021,1304,Heracles Almelo,315762,Luca de la Torre,Central Midfield,24,0.85
Eredivisie,2021,1304,Heracles Almelo,323602,Lucas Schoofs,Central Midfield,25,0.5
Eredivisie,2021,1304,Heracles Almelo,409514,Elias Sierra,Central Midfield,20,0.25
Eredivisie,2021,1304,Heracles Almelo,391555,Melih İbrahimoğlu,Central Midfield,21,0.2
Eredivisie,2021,1304,Heracles Almelo,591362,Rohat Ağca,Central Midfield,20,0.1
Eredivisie,2021,1304,Heracles Almelo,205023,Rai Vloet,Attacking Midfield,27,0.8
Eredivisie,2021,1304,Heracles Almelo,289507,Ismail Azzaoui,Attacking Midfield,24,0.65
Eredivisie,2021,1304,Heracles Almelo,240889,Anas Ouahim,Attacking Midfield,24,0.35
Eredivisie,2021,1304,Heracles Almelo,436585,Delano Burgzorg,Left Winger,23,2.0
Eredivisie,2021,1304,Heracles Almelo,276002,Emil Hansson,Left Winger,24,0.6
Eredivisie,2021,1304,Heracles Almelo,224256,Bilal Başaçıkoğlu,Left Winger,27,0.45
Eredivisie,2021,1304,Heracles Almelo,549954,Mohamed Amissi,Left Winger,21,0.15
Eredivisie,2021,1304,Heracles Almelo,290555,Nikolai Laursen,Right Winger,24,0.5
Eredivisie,2021,1304,Heracles Almelo,345586,Kasper Lunding,Right Winger,22,0.3
Eredivisie,2021,1304,Heracles Almelo,315283,Kaj Sierhuis,Centre-Forward,24,2.3
Eredivisie,2021,1304,Heracles Almelo,134631,Sinan Bakış,Centre-Forward,28,0.6
Eredivisie,2021,1304,Heracles Almelo,55751,Samuel Armenteros,Centre-Forward,32,0.5
Eredivisie,2021,1304,Heracles Almelo,404705,Adrián Szőke,Centre-Forward,23,0.275
Eredivisie,2021,385,Fortuna Sittard,288259,Michael Verrips,Goalkeeper,25,0.8
Eredivisie,2021,385,Fortuna Sittard,258362,Yanick van Osch,Goalkeeper,25,0.7
Eredivisie,2021,385,Fortuna Sittard,119034,Felix Dornebusch,Goalkeeper,27,0.225
Eredivisie,2021,385,Fortuna Sittard,566910,Ruben van Kouwen,Goalkeeper,21,0.05
Eredivisie,2021,385,Fortuna Sittard,687560,Tom Hendriks,Goalkeeper,20,0.05
Eredivisie,2021,385,Fortuna Sittard,52403,Dimitrios Siovas,Centre-Back,33,0.75
Eredivisie,2021,385,Fortuna Sittard,122695,Martin Angha,Centre-Back,28,0.7
Eredivisie,2021,385,Fortuna Sittard,168787,Roel Janssen,Centre-Back,32,0.3
Eredivisie,2021,385,Fortuna Sittard,566043,Nigel Lonwijk,Centre-Back,19,0.3
Eredivisie,2021,385,Fortuna Sittard,707364,Stijn Hogervorst,Centre-Back,19,0.025
Eredivisie,2021,385,Fortuna Sittard,359692,George Cox,Left-Back,24,0.9
Eredivisie,2021,385,Fortuna Sittard,892047,Ronan Pluijmen,Left-Back,19,0.05
Eredivisie,2021,385,Fortuna Sittard,483916,Lazaros Rota,Right-Back,24,1.0
Eredivisie,2021,385,Fortuna Sittard,201248,Mickaël Tirpan,Right-Back,28,0.7
Eredivisie,2021,385,Fortuna Sittard,82281,Ivo Pinto,Right-Back,32,0.5
Eredivisie,2021,385,Fortuna Sittard,140032,Andreas Samaris,Defensive Midfield,33,0.7
Eredivisie,2021,385,Fortuna Sittard,283185,Tesfaldet Tekie,Central Midfield,25,0.85
Eredivisie,2021,385,Fortuna Sittard,432852,Deroy Duarte,Central Midfield,22,0.75
Eredivisie,2021,385,Fortuna Sittard,409515,Adnan Uğur,Central Midfield,21,0.5
Eredivisie,2021,385,Fortuna Sittard,64506,Ben Rienstra,Central Midfield,32,0.3
Eredivisie,2021,385,Fortuna Sittard,655894,Yiğit Emre Çeltik,Central Midfield,19,0.1
Eredivisie,2021,385,Fortuna Sittard,187809,Mats Seuntjens,Attacking Midfield,30,1.2
Eredivisie,2021,385,Fortuna Sittard,247380,Arianit Ferati,Attacking Midfield,24,0.3
Eredivisie,2021,385,Fortuna Sittard,495963,Richie Musaba,Attacking Midfield,21,0.2
Eredivisie,2021,385,Fortuna Sittard,276002,Emil Hansson,Left Winger,24,0.6
Eredivisie,2021,385,Fortuna Sittard,338673,Thibaud Verlinden,Left Winger,22,0.25
Eredivisie,2021,385,Fortuna Sittard,457736,Tijjani Noslin,Left Winger,22,0.25
Eredivisie,2021,385,Fortuna Sittard,351071,Ryan Johansson,Left Winger,21,0.1
Eredivisie,2021,385,Fortuna Sittard,225431,Lisandro Semedo,Right Winger,26,0.7
Eredivisie,2021,385,Fortuna Sittard,196860,Jordan Botaka,Right Winger,29,0.6
Eredivisie,2021,385,Fortuna Sittard,594240,Tunahan Taşçı,Right Winger,20,0.1
Eredivisie,2021,385,Fortuna Sittard,511454,Samy Baghdadi,Second Striker,24,0.15
Eredivisie,2021,385,Fortuna Sittard,411537,Zian Flemming,Centre-Forward,23,2.0
Eredivisie,2021,385,Fortuna Sittard,180843,Paul Gladon,Centre-Forward,30,0.45
Eredivisie,2021,385,Fortuna Sittard,66783,Charlison Benschop,Centre-Forward,32,0.35
Eredivisie,2021,385,Fortuna Sittard,406924,Bassala Sambou,Centre-Forward,24,0.3
Eredivisie,2021,385,Fortuna Sittard,514290,Toshio Lake,Centre-Forward,21,0.2
Eredivisie,2021,385,Fortuna Sittard,548185,Arian Kastrati,Centre-Forward,20,0.075
Eredivisie,2021,403,Willem II Tilburg,196829,Timon Wellenreuther,Goalkeeper,26,0.8
Eredivisie,2021,403,Willem II Tilburg,81775,Robbin Ruiter,Goalkeeper,35,0.3
Eredivisie,2021,403,Willem II Tilburg,277242,Jorn Brondeel,Goalkeeper,28,0.2
Eredivisie,2021,403,Willem II Tilburg,477476,Connor van den Berg,Goalkeeper,21,0.05
Eredivisie,2021,403,Willem II Tilburg,250450,Wessel Dammers,Centre-Back,27,0.6
Eredivisie,2021,403,Willem II Tilburg,142208,Emil Bergström,Centre-Back,29,0.5
Eredivisie,2021,403,Willem II Tilburg,239044,Ulrik Yttergård Jenssen,Centre-Back,25,0.45
Eredivisie,2021,403,Willem II Tilburg,88074,Freek Heerkens,Centre-Back,32,0.3
Eredivisie,2021,403,Willem II Tilburg,584452,Nikolaos Michelis,Centre-Back,21,0.3
Eredivisie,2021,403,Willem II Tilburg,432116,Noah Lewis,Centre-Back,21,0.15
Eredivisie,2021,403,Willem II Tilburg,480022,Dylan Ryan,Centre-Back,22,0.075
Eredivisie,2021,403,Willem II Tilburg,596182,Sam Tel,Centre-Back,20,0.05
Eredivisie,2021,403,Willem II Tilburg,288067,Mats Köhlert,Left-Back,24,0.65
Eredivisie,2021,403,Willem II Tilburg,391780,Derrick Köhn,Left-Back,23,0.55
Eredivisie,2021,403,Willem II Tilburg,130257,Miquel Nelom,Left-Back,31,0.2
Eredivisie,2021,403,Willem II Tilburg,361516,Kilian Ludewig,Right-Back,22,0.6
Eredivisie,2021,403,Willem II Tilburg,257988,Leeroy Owusu,Right-Back,25,0.6
Eredivisie,2021,403,Willem II Tilburg,420219,Vincent Schippers,Right-Back,21,0.075
Eredivisie,2021,403,Willem II Tilburg,205276,Pol Llonch,Defensive Midfield,29,0.7
Eredivisie,2021,403,Willem II Tilburg,370042,Driess Saddiki,Defensive Midfield,25,0.7
Eredivisie,2021,403,Willem II Tilburg,393241,Godfried Roemeratoe,Defensive Midfield,22,0.45
Eredivisie,2021,403,Willem II Tilburg,251345,Görkem Sağlam,Central Midfield,24,0.6
Eredivisie,2021,403,Willem II Tilburg,673344,Wesley Spieringhs,Central Midfield,20,0.4
Eredivisie,2021,403,Willem II Tilburg,223225,Dan Crowley,Attacking Midfield,24,0.6
Eredivisie,2021,403,Willem II Tilburg,441216,Thijs Oosting,Attacking Midfield,22,0.6
Eredivisie,2021,403,Willem II Tilburg,577455,Ringo Meerveld,Attacking Midfield,19,0.5
Eredivisie,2021,403,Willem II Tilburg,88968,Nasser El Khayati,Attacking Midfield,33,0.4
Eredivisie,2021,403,Willem II Tilburg,619736,Rick Zuijderwijk,Attacking Midfield,21,0.075
Eredivisie,2021,403,Willem II Tilburg,367981,Max Svensson,Left Winger,24,0.5
Eredivisie,2021,403,Willem II Tilburg,326030,Ché Nunnely,Right Winger,23,0.85
Eredivisie,2021,403,Willem II Tilburg,439914,John Yeboah,Second Striker,22,0.5
Eredivisie,2021,403,Willem II Tilburg,154819,Kwasi Wriedt,Centre-Forward,27,0.9
Eredivisie,2021,403,Willem II Tilburg,185817,Jizz Hornkamp,Centre-Forward,24,0.65
Eredivisie,2021,403,Willem II Tilburg,369103,Argyris Kabetsis,Centre-Forward,23,0.375
Eredivisie,2021,403,Willem II Tilburg,396847,Elton Kabangu,Centre-Forward,24,0.35
Eredivisie,2021,467,NEC Nijmegen,205128,Mattijs Branderhorst,Goalkeeper,28,0.7
Eredivisie,2021,467,NEC Nijmegen,43113,Danny Vukovic,Goalkeeper,37,0.15
Eredivisie,2021,467,NEC Nijmegen,646991,Robin Roefs,Goalkeeper,19,0.075
Eredivisie,2021,467,NEC Nijmegen,492313,Rodrigo Guth,Centre-Back,21,0.75
Eredivisie,2021,467,NEC Nijmegen,406632,Cas Odenthal,Centre-Back,21,0.65
Eredivisie,2021,467,NEC Nijmegen,296227,Iván Márquez,Centre-Back,28,0.55
Eredivisie,2021,467,NEC Nijmegen,453796,Kevin Bukusu,Centre-Back,21,0.25
Eredivisie,2021,467,NEC Nijmegen,541134,Souffian El Karouani,Left-Back,21,0.9
Eredivisie,2021,467,NEC Nijmegen,258364,Calvin Verdonk,Left-Back,25,0.7
Eredivisie,2021,467,NEC Nijmegen,547499,Bart van Rooij,Right-Back,21,0.8
Eredivisie,2021,467,NEC Nijmegen,491292,Ilias Bronkhorst,Right-Back,25,0.3
Eredivisie,2021,467,NEC Nijmegen,485587,Dirk Proper,Defensive Midfield,20,0.9
Eredivisie,2021,467,NEC Nijmegen,274640,Javier Vet,Defensive Midfield,28,0.325
Eredivisie,2021,467,NEC Nijmegen,34784,Lasse Schöne,Defensive Midfield,36,0.3
Eredivisie,2021,467,NEC Nijmegen,489929,Magnus Mattsson,Central Midfield,23,0.65
Eredivisie,2021,467,NEC Nijmegen,490383,Mathias De Wolf,Central Midfield,20,0.125
Eredivisie,2021,467,NEC Nijmegen,241378,Jordy Bruijn,Attacking Midfield,25,0.8
Eredivisie,2021,467,NEC Nijmegen,361089,Thomas Beekman,Attacking Midfield,22,0.2
Eredivisie,2021,467,NEC Nijmegen,636170,Joep van der Sluijs,Attacking Midfield,20,0.125
Eredivisie,2021,467,NEC Nijmegen,289404,Jonathan Okita,Left Winger,25,0.8
Eredivisie,2021,467,NEC Nijmegen,320265,Mikkel Duelund,Left Winger,25,0.7
Eredivisie,2021,467,NEC Nijmegen,462086,Elayis Tavsan,Right Winger,21,1.4
Eredivisie,2021,467,NEC Nijmegen,555719,Ali Akman,Centre-Forward,20,1.2
Eredivisie,2021,467,NEC Nijmegen,361070,Ole Romeny,Centre-Forward,22,0.375
Eredivisie,2021,467,NEC Nijmegen,81808,Wilfried Bony,Centre-Forward,33,0.3
Eredivisie,2021,467,NEC Nijmegen,523998,Pedro Ruiz,Centre-Forward,22,0.25
Eredivisie,2021,1269,PEC Zwolle,64352,Kostas Lamprou,Goalkeeper,30,0.5
Eredivisie,2021,1269,PEC Zwolle,361082,Jasper Schendelaar,Goalkeeper,21,0.3
Eredivisie,2021,1269,PEC Zwolle,297373,Mike Hauptmeijer,Goalkeeper,25,0.1
Eredivisie,2021,1269,PEC Zwolle,430797,Sam Kersten,Centre-Back,24,0.65
Eredivisie,2021,1269,PEC Zwolle,346647,Yuta Nakayama,Centre-Back,25,0.6
Eredivisie,2021,1269,PEC Zwolle,460845,Siemen Voet,Centre-Back,22,0.35
Eredivisie,2021,1269,PEC Zwolle,81778,Maikel van der Werff,Centre-Back,33,0.35
Eredivisie,2021,1269,PEC Zwolle,640556,Rav van den Berg,Centre-Back,17,0.2
Eredivisie,2021,1269,PEC Zwolle,315254,Mees de Wit,Left-Back,24,1.5
Eredivisie,2021,1269,PEC Zwolle,247596,Kenneth Paal,Left-Back,25,0.7
Eredivisie,2021,1269,PEC Zwolle,172779,Sai van Wermeskerken,Right-Back,28,0.55
Eredivisie,2021,1269,PEC Zwolle,215089,Djavan Anderson,Right-Back,27,0.4
Eredivisie,2021,1269,PEC Zwolle,538057,Eliano Reijnders,Right-Back,21,0.4
Eredivisie,2021,1269,PEC Zwolle,464699,Mark Pabai,Right-Back,21,0.25
Eredivisie,2021,1269,PEC Zwolle,41583,Bram van Polen,Right-Back,36,0.15
Eredivisie,2021,1269,PEC Zwolle,648541,Gabi Caschili,Right-Back,18,0.05
Eredivisie,2021,1269,PEC Zwolle,611816,Daijiro Chirino,Right-Back,20,0.025
Eredivisie,2021,1269,PEC Zwolle,94768,Rico Strieder,Defensive Midfield,29,0.45
Eredivisie,2021,1269,PEC Zwolle,166959,Mustafa Saymak,Central Midfield,29,0.5
Eredivisie,2021,1269,PEC Zwolle,530258,Dean Huiberts,Central Midfield,22,0.45
Eredivisie,2021,1269,PEC Zwolle,412941,Thomas van den Belt,Central Midfield,21,0.45
Eredivisie,2021,1269,PEC Zwolle,339335,Leandro Fernandes,Central Midfield,22,0.2
Eredivisie,2021,1269,PEC Zwolle,485592,Max de Waal,Attacking Midfield,20,0.7
Eredivisie,2021,1269,PEC Zwolle,564620,Samir Lagsir,Attacking Midfield,19,0.15
Eredivisie,2021,1269,PEC Zwolle,297693,Pelle Clement,Left Winger,26,0.7
Eredivisie,2021,1269,PEC Zwolle,423609,Luka Adzic,Left Winger,23,0.45
Eredivisie,2021,1269,PEC Zwolle,538966,Chardi Landu,Left Winger,21,0.1
Eredivisie,2021,1269,PEC Zwolle,593956,Jarno Westerman,Right Winger,20,0.2
Eredivisie,2021,1269,PEC Zwolle,361081,Daishawn Redan,Centre-Forward,21,1.0
Eredivisie,2021,1269,PEC Zwolle,505652,Slobodan Tedic,Centre-Forward,22,0.75
Eredivisie,2021,1269,PEC Zwolle,321182,Oussama Darfalou,Centre-Forward,28,0.7
Eredivisie,2021,1269,PEC Zwolle,240752,Gervane Kastaneer,Centre-Forward,26,0.35
Eredivisie,2021,1435,Go Ahead Eagles,111180,Warner Hahn,Goalkeeper,30,0.75
Eredivisie,2021,1435,Go Ahead Eagles,276853,Andries Noppert,Goalkeeper,28,0.45
Eredivisie,2021,1435,Go Ahead Eagles,153751,Nick Hengelman,Goalkeeper,32,0.075
Eredivisie,2021,1435,Go Ahead Eagles,690624,Sven Jansen,Goalkeeper,17,0.05
Eredivisie,2021,1435,Go Ahead Eagles,403800,Job Schuurman,Goalkeeper,23,0.05
Eredivisie,2021,1435,Go Ahead Eagles,326329,Joris Kramer,Centre-Back,25,0.65
Eredivisie,2021,1435,Go Ahead Eagles,85904,Gerrit Nauber,Centre-Back,30,0.55
Eredivisie,2021,1435,Go Ahead Eagles,546926,Jay Idzes,Centre-Back,22,0.5
Eredivisie,2021,1435,Go Ahead Eagles,91251,Cuco Martina,Centre-Back,32,0.3
Eredivisie,2021,1435,Go Ahead Eagles,313729,Justin Bakker,Centre-Back,24,0.3
Eredivisie,2021,1435,Go Ahead Eagles,436063,Turan Tuzlacık,Centre-Back,21,0.05
Eredivisie,2021,1435,Go Ahead Eagles,187188,Bas Kuipers,Left-Back,27,0.65
Eredivisie,2021,1435,Go Ahead Eagles,451673,Aventis Aventisyan,Left-Back,19,0.075
Eredivisie,2021,1435,Go Ahead Eagles,406091,Boyd Lucassen,Right-Back,23,0.45
Eredivisie,2021,1435,Go Ahead Eagles,369554,Mats Deijl,Right-Back,24,0.425
Eredivisie,2021,1435,Go Ahead Eagles,612024,Quiermo Dumay,Right-Back,21,0.025
Eredivisie,2021,1435,Go Ahead Eagles,361112,Evert Linthorst,Defensive Midfield,22,0.4
Eredivisie,2021,1435,Go Ahead Eagles,525131,Yacine Bourhane,Defensive Midfield,23,0.2
Eredivisie,2021,1435,Go Ahead Eagles,369552,Luuk Brouwers,Central Midfield,24,1.0
Eredivisie,2021,1435,Go Ahead Eagles,340791,Philippe Rommens,Central Midfield,24,0.8
Eredivisie,2021,1435,Go Ahead Eagles,486057,Giannis-Fivos Botos,Attacking Midfield,21,0.4
Eredivisie,2021,1435,Go Ahead Eagles,448257,Ogechika Heil,Attacking Midfield,21,0.3
Eredivisie,2021,1435,Go Ahead Eagles,251848,Iñigo Córdoba,Left Winger,25,2.5
Eredivisie,2021,1435,Go Ahead Eagles,410854,Ragnar Oratmangoen,Left Winger,24,0.55
Eredivisie,2021,1435,Go Ahead Eagles,293754,Frank Ross,Left Winger,24,0.15
Eredivisie,2021,1435,Go Ahead Eagles,258335,Martijn Berden,Right Winger,24,0.25
Eredivisie,2021,1435,Go Ahead Eagles,443222,Marc Cardona,Centre-Forward,26,0.5
Eredivisie,2021,1435,Go Ahead Eagles,322073,Isac Lidberg,Centre-Forward,23,0.4
Eredivisie,2021,1435,Go Ahead Eagles,519651,Zakaria Eddahchouri,Centre-Forward,22,0.075
Eredivisie,2021,1435,Go Ahead Eagles,490888,Sam Crowther,Centre-Forward,22,0.05
Eredivisie,2021,133,SC Cambuur Leeuwarden,160361,Sonny Stevens,Goalkeeper,30,0.5
Eredivisie,2021,133,SC Cambuur Leeuwarden,667902,Brett Minnema,Goalkeeper,20,0.025
Eredivisie,2021,133,SC Cambuur Leeuwarden,371461,Marco Tol,Centre-Back,24,0.45
Eredivisie,2021,133,SC Cambuur Leeuwarden,501640,Maxim Gullit,Centre-Back,21,0.35
Eredivisie,2021,133,SC Cambuur Leeuwarden,79194,Erik Schouten,Centre-Back,30,0.325
Eredivisie,2021,133,SC Cambuur Leeuwarden,113996,Calvin Mac-Intosch,Centre-Back,32,0.3
Eredivisie,2021,133,SC Cambuur Leeuwarden,435821,Alex Bangura,Left-Back,22,0.9
Eredivisie,2021,133,SC Cambuur Leeuwarden,587333,Sekou Sylla,Left-Back,23,0.25
Eredivisie,2021,133,SC Cambuur Leeuwarden,195359,Doke Schmidt,Right-Back,30,0.3
Eredivisie,2021,133,SC Cambuur Leeuwarden,766810,Jhondly van der Meer,Right-Back,20,0.1
Eredivisie,2021,133,SC Cambuur Leeuwarden,315233,Mees Hoedemakers,Defensive Midfield,24,0.9
Eredivisie,2021,133,SC Cambuur Leeuwarden,213671,Mitchel Paulissen,Central Midfield,29,0.45
Eredivisie,2021,133,SC Cambuur Leeuwarden,339331,Jasper ter Heide,Central Midfield,23,0.2
Eredivisie,2021,133,SC Cambuur Leeuwarden,486814,Filip Krastev,Attacking Midfield,20,0.9
Eredivisie,2021,133,SC Cambuur Leeuwarden,410735,Jamie Jacobs,Attacking Midfield,24,0.85
Eredivisie,2021,133,SC Cambuur Leeuwarden,250030,Robin Maulun,Attacking Midfield,25,0.75
Eredivisie,2021,133,SC Cambuur Leeuwarden,317593,Patrick Joosten,Left Winger,26,0.8
Eredivisie,2021,133,SC Cambuur Leeuwarden,212191,Issa Kallon,Right Winger,26,0.8
Eredivisie,2021,133,SC Cambuur Leeuwarden,258511,Michael Breij,Right Winger,25,0.5
Eredivisie,2021,133,SC Cambuur Leeuwarden,288233,Nick Doodeman,Right Winger,25,0.45
Eredivisie,2021,133,SC Cambuur Leeuwarden,451282,Tamás Kiss,Right Winger,21,0.4
Eredivisie,2021,133,SC Cambuur Leeuwarden,243744,David Sambissa,Right Winger,26,0.35
Eredivisie,2021,133,SC Cambuur Leeuwarden,342152,Roberts Uldrikis,Centre-Forward,24,1.0
Eredivisie,2021,133,SC Cambuur Leeuwarden,225716,Sam Hendriks,Centre-Forward,27,0.3
Eredivisie,2021,133,SC Cambuur Leeuwarden,124863,Tom Boere,Centre-Forward,29,0.3
Eredivisie,2021,235,RKC Waalwijk,387197,Etienne Vaessen,Goalkeeper,26,0.55
Eredivisie,2021,235,RKC Waalwijk,289640,Jens Teunckens,Goalkeeper,24,0.4
Eredivisie,2021,235,RKC Waalwijk,192611,Joel Pereira,Goalkeeper,26,0.3
Eredivisie,2021,235,RKC Waalwijk,383705,Mark Spenkelink,Goalkeeper,25,0.1
Eredivisie,2021,235,RKC Waalwijk,430475,Issam El Maach,Goalkeeper,22,0.075
Eredivisie,2021,235,RKC Waalwijk,325924,Ahmed Touba,Centre-Back,24,1.0
Eredivisie,2021,235,RKC Waalwijk,358021,Shawn Adewoye,Centre-Back,22,0.45
Eredivisie,2021,235,RKC Waalwijk,235274,Dario Van den Buijs,Centre-Back,26,0.45
Eredivisie,2021,235,RKC Waalwijk,328455,Juriën Gaari,Centre-Back,28,0.4
Eredivisie,2021,235,RKC Waalwijk,451297,Luuk Wouters,Centre-Back,23,0.25
Eredivisie,2021,235,RKC Waalwijk,266414,Lars Nieuwpoort,Centre-Back,27,0.175
Eredivisie,2021,235,RKC Waalwijk,45562,Hans Mulder,Centre-Back,35,0.125
Eredivisie,2021,235,RKC Waalwijk,38003,Alexander Büttner,Left-Back,33,0.5
Eredivisie,2021,235,RKC Waalwijk,416802,Thierry Lutonda,Left-Back,21,0.25
Eredivisie,2021,235,RKC Waalwijk,524687,Saïd Bakari,Right-Back,27,0.55
Eredivisie,2021,235,RKC Waalwijk,452068,Ayman Azhil,Defensive Midfield,21,0.4
Eredivisie,2021,235,RKC Waalwijk,30670,Vurnon Anita,Defensive Midfield,33,0.35
Eredivisie,2021,235,RKC Waalwijk,361122,Achraf El Bouchataoui,Defensive Midfield,22,0.25
Eredivisie,2021,235,RKC Waalwijk,674261,Sebbe Augustijns,Defensive Midfield,22,0.075
Eredivisie,2021,235,RKC Waalwijk,426280,Melle Meulensteen,Central Midfield,22,0.8
Eredivisie,2021,235,RKC Waalwijk,566911,Yassin Oukili,Central Midfield,21,0.25
Eredivisie,2021,235,RKC Waalwijk,345590,Jens Odgaard,Attacking Midfield,23,2.0
Eredivisie,2021,235,RKC Waalwijk,376675,Richard van der Venne,Attacking Midfield,30,0.35
Eredivisie,2021,235,RKC Waalwijk,160431,Iliass Bel Hassani,Attacking Midfield,29,0.3
Eredivisie,2021,235,RKC Waalwijk,292805,Lennerd Daneels,Left Winger,24,0.35
Eredivisie,2021,235,RKC Waalwijk,469082,Roy Kuijpers,Right Winger,22,0.35
Eredivisie,2021,235,RKC Waalwijk,241486,Finn Stokkers,Centre-Forward,26,0.45
Eredivisie,2021,235,RKC Waalwijk,56523,Michiel Kramer,Centre-Forward,33,0.375
Eredivisie,2021,235,RKC Waalwijk,604813,David Min,Centre-Forward,23,0.075
Eredivisie,2022,610,Ajax Amsterdam,229604,Gerónimo Rulli,Goalkeeper,31,10.0
Eredivisie,2022,610,Ajax Amsterdam,480453,Jay Gorter,Goalkeeper,23,1.0
Eredivisie,2022,610,Ajax Amsterdam,729010,Tom de Graaff,Goalkeeper,18,0.4
Eredivisie,2022,610,Ajax Amsterdam,25520,Remko Pasveer,Goalkeeper,39,0.25
Eredivisie,2022,610,Ajax Amsterdam,4311,Maarten Stekelenburg,Goalkeeper,40,0.075
Eredivisie,2022,610,Ajax Amsterdam,418543,Perr Schuurs,Centre-Back,23,25.0
Eredivisie,2022,610,Ajax Amsterdam,461883,Calvin Bassey,Centre-Back,23,15.0
Eredivisie,2022,610,Ajax Amsterdam,662131,Ahmetcan Kaplan,Centre-Back,20,5.0
Eredivisie,2022,610,Ajax Amsterdam,12282,Daley Blind,Centre-Back,33,3.0
Eredivisie,2022,610,Ajax Amsterdam,66736,Lisandro Magallán,Centre-Back,29,1.8
Eredivisie,2022,610,Ajax Amsterdam,559327,Youri Baas,Centre-Back,20,0.9
Eredivisie,2022,610,Ajax Amsterdam,339328,Owen Wijndal,Left-Back,23,8.0
Eredivisie,2022,610,Ajax Amsterdam,904802,Jorrel Hato,Left-Back,17,5.0
Eredivisie,2022,610,Ajax Amsterdam,420243,Jurriën Timber,Right-Back,22,42.0
Eredivisie,2022,610,Ajax Amsterdam,557407,Devyne Rensch,Right-Back,20,8.0
Eredivisie,2022,610,Ajax Amsterdam,356044,Jorge Sánchez,Right-Back,25,5.0
Eredivisie,2022,610,Ajax Amsterdam,268113,Sean Klaiber,Right-Back,28,2.5
Eredivisie,2022,610,Ajax Amsterdam,720791,Olivier Aertssen,Right-Back,18,0.8
Eredivisie,2022,610,Ajax Amsterdam,656800,Tristan Gooijer,Right-Back,18,0.2
Eredivisie,2022,610,Ajax Amsterdam,401356,Edson Álvarez,Defensive Midfield,25,35.0
Eredivisie,2022,610,Ajax Amsterdam,195736,Florian Grillitsch,Defensive Midfield,27,6.5
Eredivisie,2022,610,Ajax Amsterdam,559324,Youri Regeer,Defensive Midfield,19,1.3
Eredivisie,2022,610,Ajax Amsterdam,738476,Silvano Vos,Defensive Midfield,18,1.0
Eredivisie,2022,610,Ajax Amsterdam,508636,Donny Warmerdam,Defensive Midfield,21,0.25
Eredivisie,2022,610,Ajax Amsterdam,470394,Kenneth Taylor,Central Midfield,21,12.0
Eredivisie,2022,610,Ajax Amsterdam,182932,Davy Klaassen,Central Midfield,30,10.0
Eredivisie,2022,610,Ajax Amsterdam,559333,Kian Fitz-Jim,Central Midfield,19,1.3
Eredivisie,2022,610,Ajax Amsterdam,36139,Dusan Tadic,Attacking Midfield,34,6.0
Eredivisie,2022,610,Ajax Amsterdam,400548,Victor Jensen,Attacking Midfield,23,1.0
Eredivisie,2022,610,Ajax Amsterdam,694186,Kristian Hlynsson,Attacking Midfield,19,0.75
Eredivisie,2022,610,Ajax Amsterdam,284165,Steven Bergwijn,Left Winger,25,22.0
Eredivisie,2022,610,Ajax Amsterdam,189441,Lucas Ocampos,Left Winger,28,12.0
Eredivisie,2022,610,Ajax Amsterdam,574385,Mohamed Daramy,Left Winger,21,6.0
Eredivisie,2022,610,Ajax Amsterdam,508639,Naci Ünüvar,Left Winger,20,2.5
Eredivisie,2022,610,Ajax Amsterdam,748804,Mika Godts,Left Winger,18,0.8
Eredivisie,2022,610,Ajax Amsterdam,706889,Jaydon Banel,Left Winger,18,0.25
Eredivisie,2022,610,Ajax Amsterdam,602105,Antony,Right Winger,23,60.0
Eredivisie,2022,610,Ajax Amsterdam,543499,Mohammed Kudus,Right Winger,22,40.0
Eredivisie,2022,610,Ajax Amsterdam,129554,Steven Berghuis,Right Winger,31,12.0
Eredivisie,2022,610,Ajax Amsterdam,487474,Francisco Conceição,Right Winger,20,8.0
Eredivisie,2022,610,Ajax Amsterdam,610429,Christian Rasmussen,Right Winger,20,0.8
Eredivisie,2022,610,Ajax Amsterdam,473169,Brian Brobbey,Centre-Forward,21,12.0
Eredivisie,2022,610,Ajax Amsterdam,572265,Lorenzo Lucca,Centre-Forward,22,5.0
Eredivisie,2022,383,PSV Eindhoven,296802,Walter Benítez,Goalkeeper,30,12.0
Eredivisie,2022,383,PSV Eindhoven,333640,Joël Drommel,Goalkeeper,26,2.5
Eredivisie,2022,383,PSV Eindhoven,654919,Kjell Peersman,Goalkeeper,19,0.4
Eredivisie,2022,383,PSV Eindhoven,723005,Niek Schiks,Goalkeeper,19,0.15
Eredivisie,2022,383,PSV Eindhoven,4391,Boy Waterman,Goalkeeper,39,0.075
Eredivisie,2022,383,PSV Eindhoven,661053,Jarrad Branthwaite,Centre-Back,21,10.0
Eredivisie,2022,383,PSV Eindhoven,318508,Olivier Boscagli,Centre-Back,25,7.0
Eredivisie,2022,383,PSV Eindhoven,339337,Armando Obispo,Centre-Back,24,4.5
Eredivisie,2022,383,PSV Eindhoven,175792,André Ramalho,Centre-Back,31,3.0
Eredivisie,2022,383,PSV Eindhoven,241457,Derrick Luckassen,Centre-Back,27,1.2
Eredivisie,2022,383,PSV Eindhoven,617755,Jenson Seelt,Centre-Back,20,0.6
Eredivisie,2022,383,PSV Eindhoven,660746,Fedde Leysen,Centre-Back,19,0.475
Eredivisie,2022,383,PSV Eindhoven,738481,Emmanuel van de Blaak,Centre-Back,18,0.4
Eredivisie,2022,383,PSV Eindhoven,323910,Mauro Júnior,Left-Back,24,5.0
Eredivisie,2022,383,PSV Eindhoven,111275,Philipp Max,Left-Back,29,3.0
Eredivisie,2022,383,PSV Eindhoven,127573,Phillipp Mwene,Left-Back,29,3.0
Eredivisie,2022,383,PSV Eindhoven,52119,Patrick van Aanholt,Left-Back,32,3.0
Eredivisie,2022,383,PSV Eindhoven,539665,Fredrik Oppegård,Left-Back,20,0.65
Eredivisie,2022,383,PSV Eindhoven,364245,Jordan Teze,Right-Back,23,6.0
Eredivisie,2022,383,PSV Eindhoven,485583,Ki-Jana Hoever,Right-Back,21,3.5
Eredivisie,2022,383,PSV Eindhoven,738478,Jason van Duiven,Right-Back,18,1.0
Eredivisie,2022,383,PSV Eindhoven,575367,Richard Ledezma,Right-Back,22,0.85
Eredivisie,2022,383,PSV Eindhoven,626764,Livano Comenencia,Right-Back,19,0.5
Eredivisie,2022,383,PSV Eindhoven,375885,Ibrahim Sangaré,Defensive Midfield,25,35.0
Eredivisie,2022,383,PSV Eindhoven,408574,Joey Veerman,Central Midfield,24,16.0
Eredivisie,2022,383,PSV Eindhoven,298796,Érick Gutiérrez,Central Midfield,28,6.0
Eredivisie,2022,383,PSV Eindhoven,147034,Marco van Ginkel,Central Midfield,30,1.3
Eredivisie,2022,383,PSV Eindhoven,608889,Mathijs Tielemans,Central Midfield,21,0.5
Eredivisie,2022,383,PSV Eindhoven,566931,Xavi Simons,Attacking Midfield,20,40.0
Eredivisie,2022,383,PSV Eindhoven,102226,Thorgan Hazard,Attacking Midfield,30,7.0
Eredivisie,2022,383,PSV Eindhoven,372267,Guus Til,Attacking Midfield,25,6.0
Eredivisie,2022,383,PSV Eindhoven,702869,Ismael Saibari,Attacking Midfield,22,2.3
Eredivisie,2022,383,PSV Eindhoven,640565,Mohamed Nassoh,Attacking Midfield,20,0.6
Eredivisie,2022,383,PSV Eindhoven,434675,Cody Gakpo,Left Winger,24,55.0
Eredivisie,2022,383,PSV Eindhoven,743591,Sávio,Left Winger,19,5.0
Eredivisie,2022,383,PSV Eindhoven,503987,Noni Madueke,Right Winger,21,30.0
Eredivisie,2022,383,PSV Eindhoven,565424,Johan Bakayoko,Right Winger,20,10.0
Eredivisie,2022,383,PSV Eindhoven,183720,Anwar El Ghazi,Right Winger,28,5.0
Eredivisie,2022,383,PSV Eindhoven,505653,Fábio Silva,Centre-Forward,20,13.0
Eredivisie,2022,383,PSV Eindhoven,525287,Carlos Vinícius,Centre-Forward,28,6.0
Eredivisie,2022,383,PSV Eindhoven,72522,Luuk de Jong,Centre-Forward,32,4.0
Eredivisie,2022,383,PSV Eindhoven,409517,Yorbe Vertessen,Centre-Forward,22,3.8
Eredivisie,2022,383,PSV Eindhoven,594039,Fodé Fofana,Centre-Forward,20,0.35
Eredivisie,2022,234,Feyenoord Rotterdam,315121,Justin Bijlow,Goalkeeper,25,15.0
Eredivisie,2022,234,Feyenoord Rotterdam,196829,Timon Wellenreuther,Goalkeeper,27,2.0
Eredivisie,2022,234,Feyenoord Rotterdam,514287,Thijs Jansen,Goalkeeper,21,0.45
Eredivisie,2022,234,Feyenoord Rotterdam,112008,Ofir Marciano,Goalkeeper,33,0.4
Eredivisie,2022,234,Feyenoord Rotterdam,554530,Tein Troost,Goalkeeper,21,0.1
Eredivisie,2022,234,Feyenoord Rotterdam,600677,Jaimy Kroesen,Goalkeeper,20,0.05
Eredivisie,2022,234,Feyenoord Rotterdam,420210,Lutsharel Geertruida,Centre-Back,22,25.0
Eredivisie,2022,234,Feyenoord Rotterdam,404418,Dávid Hancko,Centre-Back,25,25.0
Eredivisie,2022,234,Feyenoord Rotterdam,59145,Gernot Trauner,Centre-Back,31,5.0
Eredivisie,2022,234,Feyenoord Rotterdam,283233,Jacob Rasmussen,Centre-Back,26,3.0
Eredivisie,2022,234,Feyenoord Rotterdam,503640,Neraysho Kasanwirjo,Centre-Back,21,2.5
Eredivisie,2022,234,Feyenoord Rotterdam,514285,Quilindschy Hartman,Left-Back,21,10.0
Eredivisie,2022,234,Feyenoord Rotterdam,432175,Marcos López,Left-Back,23,4.0
Eredivisie,2022,234,Feyenoord Rotterdam,364938,Fredrik Bjørkan,Left-Back,24,1.5
Eredivisie,2022,234,Feyenoord Rotterdam,415381,Mats Wieffer,Right-Back,23,15.0
Eredivisie,2022,234,Feyenoord Rotterdam,583404,Marcus Pedersen,Right-Back,22,7.0
Eredivisie,2022,234,Feyenoord Rotterdam,591880,Mimeirhel Benita,Right-Back,19,0.7
Eredivisie,2022,234,Feyenoord Rotterdam,454567,Orkun Kökçü,Central Midfield,22,35.0
Eredivisie,2022,234,Feyenoord Rotterdam,223367,Fredrik Aursnes,Central Midfield,27,20.0
Eredivisie,2022,234,Feyenoord Rotterdam,420213,Quinten Timber,Central Midfield,22,8.0
Eredivisie,2022,234,Feyenoord Rotterdam,205004,Jorrit Hendrix,Central Midfield,28,1.2
Eredivisie,2022,234,Feyenoord Rotterdam,320748,Sebastian Szymański,Attacking Midfield,24,18.0
Eredivisie,2022,234,Feyenoord Rotterdam,627068,Ezequiel Bullaude,Attacking Midfield,22,3.0
Eredivisie,2022,234,Feyenoord Rotterdam,605144,Cole Bassett,Attacking Midfield,21,2.0
Eredivisie,2022,234,Feyenoord Rotterdam,683620,Antoni Milambo,Attacking Midfield,18,1.0
Eredivisie,2022,234,Feyenoord Rotterdam,134999,Jens Toornstra,Attacking Midfield,34,0.75
Eredivisie,2022,234,Feyenoord Rotterdam,578544,Noah Naujoks,Attacking Midfield,21,0.45
Eredivisie,2022,234,Feyenoord Rotterdam,653610,Igor Paixão,Left Winger,23,10.0
Eredivisie,2022,234,Feyenoord Rotterdam,315125,Javairô Dilrosun,Left Winger,25,6.0
Eredivisie,2022,234,Feyenoord Rotterdam,241391,Oussama Idrissi,Left Winger,27,5.5
Eredivisie,2022,234,Feyenoord Rotterdam,485591,Mohamed Taabouni,Left Winger,21,0.7
Eredivisie,2022,234,Feyenoord Rotterdam,213268,Alireza Jahanbakhsh,Right Winger,29,4.0
Eredivisie,2022,234,Feyenoord Rotterdam,721470,Patrik Wålemark,Right Winger,21,4.0
Eredivisie,2022,234,Feyenoord Rotterdam,552955,Santiago Gimenez,Centre-Forward,22,25.0
Eredivisie,2022,234,Feyenoord Rotterdam,519731,Danilo,Centre-Forward,24,6.5
Eredivisie,2022,1090,AZ Alkmaar,128969,Mathew Ryan,Goalkeeper,31,4.0
Eredivisie,2022,1090,AZ Alkmaar,395421,Peter Vindahl,Goalkeeper,25,0.65
Eredivisie,2022,1090,AZ Alkmaar,116471,Hobie Verhulst,Goalkeeper,30,0.6
Eredivisie,2022,1090,AZ Alkmaar,595935,Sem Westerveld,Goalkeeper,20,0.5
Eredivisie,2022,1090,AZ Alkmaar,704772,Rome-Jayden Owusu-Oduro,Goalkeeper,18,0.3
Eredivisie,2022,1090,AZ Alkmaar,635371,Daniël Deen,Goalkeeper,20,0.075
Eredivisie,2022,1090,AZ Alkmaar,338672,Zinho Vanheusden,Centre-Back,23,4.5
Eredivisie,2022,1090,AZ Alkmaar,433984,Sam Beukema,Centre-Back,24,4.5
Eredivisie,2022,1090,AZ Alkmaar,144244,Pantelis Hatzidiakos,Centre-Back,26,4.0
Eredivisie,2022,1090,AZ Alkmaar,216443,Riechedly Bazoer,Centre-Back,26,2.8
Eredivisie,2022,1090,AZ Alkmaar,112052,Bruno Martins Indi,Centre-Back,31,2.0
Eredivisie,2022,1090,AZ Alkmaar,646707,Wouter Goes,Centre-Back,19,2.0
Eredivisie,2022,1090,AZ Alkmaar,646704,Maxim Dekker,Centre-Back,19,1.5
Eredivisie,2022,1090,AZ Alkmaar,801031,Lewis Schouten,Centre-Back,19,0.3
Eredivisie,2022,1090,AZ Alkmaar,730861,Milos Kerkez,Left-Back,19,15.0
Eredivisie,2022,1090,AZ Alkmaar,315254,Mees de Wit,Left-Back,25,1.5
Eredivisie,2022,1090,AZ Alkmaar,405385,Yukinari Sugawara,Right-Back,23,6.5
Eredivisie,2022,1090,AZ Alkmaar,313944,Aslak Witry,Right-Back,27,1.4
Eredivisie,2022,1090,AZ Alkmaar,361078,Robin Lathouwers,Right-Back,23,0.15
Eredivisie,2022,1090,AZ Alkmaar,104223,Jordy Clasie,Defensive Midfield,32,3.0
Eredivisie,2022,1090,AZ Alkmaar,361074,Peer Koopmeiners,Defensive Midfield,23,0.7
Eredivisie,2022,1090,AZ Alkmaar,460939,Tijjani Reijnders,Central Midfield,24,14.0
Eredivisie,2022,1090,AZ Alkmaar,136180,Fredrik Midtsjø,Central Midfield,29,5.0
Eredivisie,2022,1090,AZ Alkmaar,340459,Dani de Wit,Central Midfield,25,4.0
Eredivisie,2022,1090,AZ Alkmaar,394688,Håkon Evjen,Central Midfield,23,1.8
Eredivisie,2022,1090,AZ Alkmaar,595940,Zico Buurmeester,Central Midfield,21,0.55
Eredivisie,2022,1090,AZ Alkmaar,345590,Jens Odgaard,Attacking Midfield,24,6.0
Eredivisie,2022,1090,AZ Alkmaar,484756,Djordje Mihailovic,Attacking Midfield,24,5.0
Eredivisie,2022,1090,AZ Alkmaar,578804,Sven Mijnans,Attacking Midfield,23,4.0
Eredivisie,2022,1090,AZ Alkmaar,559335,Fedde de Jong,Attacking Midfield,20,0.65
Eredivisie,2022,1090,AZ Alkmaar,367992,Jesper Karlsson,Left Winger,24,18.0
Eredivisie,2022,1090,AZ Alkmaar,650712,Myron van Brederode,Left Winger,19,3.0
Eredivisie,2022,1090,AZ Alkmaar,795274,Mayckel Lahdo,Right Winger,20,1.0
Eredivisie,2022,1090,AZ Alkmaar,515396,Iman Griffith,Right Winger,21,0.5
Eredivisie,2022,1090,AZ Alkmaar,324503,Vangelis Pavlidis,Centre-Forward,24,14.0
Eredivisie,2022,1090,AZ Alkmaar,678546,Mexx Meerdink,Centre-Forward,19,1.5
Eredivisie,2022,1090,AZ Alkmaar,566271,Yusuf Barası,Centre-Forward,20,0.6
Eredivisie,2022,1090,AZ Alkmaar,339327,Jelle Duin,Centre-Forward,24,0.35
Eredivisie,2022,317,FC Twente Enschede,53696,Lars Unnerstall,Goalkeeper,32,3.2
Eredivisie,2022,317,FC Twente Enschede,33210,Przemyslaw Tyton,Goalkeeper,36,0.15
Eredivisie,2022,317,FC Twente Enschede,430475,Issam El Maach,Goalkeeper,23,0.075
Eredivisie,2022,317,FC Twente Enschede,703779,Sam Karssies,Goalkeeper,20,0.075
Eredivisie,2022,317,FC Twente Enschede,562702,Mees Hilgers,Centre-Back,22,4.5
Eredivisie,2022,317,FC Twente Enschede,202788,Robin Pröpper,Centre-Back,29,2.5
Eredivisie,2022,317,FC Twente Enschede,251885,Julio Pleguezuelo,Centre-Back,26,1.5
Eredivisie,2022,317,FC Twente Enschede,618086,Max Bruns,Centre-Back,20,0.3
Eredivisie,2022,317,FC Twente Enschede,639365,Jaïr Haakmat,Centre-Back,19,0.025
Eredivisie,2022,317,FC Twente Enschede,374212,Gijs Smal,Left-Back,25,6.0
Eredivisie,2022,317,FC Twente Enschede,485584,Anass Salah-Eddine,Left-Back,21,0.8
Eredivisie,2022,317,FC Twente Enschede,207006,Joshua Brenet,Right-Back,29,4.0
Eredivisie,2022,317,FC Twente Enschede,332530,Alfons Sampsted,Right-Back,25,1.5
Eredivisie,2022,317,FC Twente Enschede,588744,Luca Everink,Right-Back,22,0.15
Eredivisie,2022,317,FC Twente Enschede,416660,Ramiz Zerrouki,Defensive Midfield,25,8.0
Eredivisie,2022,317,FC Twente Enschede,528652,Mathias Kjølø,Defensive Midfield,22,1.2
Eredivisie,2022,317,FC Twente Enschede,596158,Casper Staring,Defensive Midfield,22,0.275
Eredivisie,2022,317,FC Twente Enschede,30003,Wout Brama,Defensive Midfield,36,0.1
Eredivisie,2022,317,FC Twente Enschede,321204,Michal Sadílek,Central Midfield,24,4.0
Eredivisie,2022,317,FC Twente Enschede,342702,Michel Vlap,Attacking Midfield,26,2.0
Eredivisie,2022,317,FC Twente Enschede,593519,Sem Steijn,Attacking Midfield,21,1.0
Eredivisie,2022,317,FC Twente Enschede,524033,Thijs van Leeuwen,Attacking Midfield,21,0.2
Eredivisie,2022,317,FC Twente Enschede,451677,Christos Tzolis,Left Winger,21,5.0
Eredivisie,2022,317,FC Twente Enschede,214346,Virgil Misidjan,Left Winger,29,3.0
Eredivisie,2022,317,FC Twente Enschede,242063,Vaclav Cerny,Right Winger,25,8.0
Eredivisie,2022,317,FC Twente Enschede,591363,Daan Rots,Right Winger,21,0.7
Eredivisie,2022,317,FC Twente Enschede,582131,Denilho Cleonise,Right Winger,21,0.35
Eredivisie,2022,317,FC Twente Enschede,645173,Manfred Ugalde,Centre-Forward,21,3.0
Eredivisie,2022,317,FC Twente Enschede,41355,Ricky van Wolfswinkel,Centre-Forward,34,0.65
Eredivisie,2022,200,FC Utrecht,248658,Vasilios Barkas,Goalkeeper,29,3.0
Eredivisie,2022,200,FC Utrecht,462285,Fabian de Keijzer,Goalkeeper,23,0.7
Eredivisie,2022,200,FC Utrecht,315235,Thijmen Nijhuis,Goalkeeper,24,0.2
Eredivisie,2022,200,FC Utrecht,485588,Calvin Raatsie,Goalkeeper,21,0.2
Eredivisie,2022,200,FC Utrecht,607133,Kevin Gadellaa,Goalkeeper,20,0.025
Eredivisie,2022,200,FC Utrecht,524925,Modibo Sagnan,Centre-Back,24,3.0
Eredivisie,2022,200,FC Utrecht,187105,Mike van der Hoorn,Centre-Back,30,1.5
Eredivisie,2022,200,FC Utrecht,436064,Ramon Hendriks,Centre-Back,21,0.75
Eredivisie,2022,200,FC Utrecht,458734,Tommy St. Jago,Centre-Back,23,0.7
Eredivisie,2022,200,FC Utrecht,93081,Nick Viergever,Centre-Back,33,0.65
Eredivisie,2022,200,FC Utrecht,578421,Ruben Kluivert,Centre-Back,22,0.5
Eredivisie,2022,200,FC Utrecht,477249,Christopher Mamengi,Centre-Back,22,0.425
Eredivisie,2022,200,FC Utrecht,596178,Rick Meissen,Centre-Back,21,0.35
Eredivisie,2022,200,FC Utrecht,288449,Django Warmerdam,Left-Back,27,0.9
Eredivisie,2022,200,FC Utrecht,268113,Sean Klaiber,Right-Back,28,2.5
Eredivisie,2022,200,FC Utrecht,258519,Hidde ter Avest,Right-Back,26,1.3
Eredivisie,2022,200,FC Utrecht,128042,Mark van der Maarel,Right-Back,33,0.4
Eredivisie,2022,200,FC Utrecht,406609,Can Bozdogan,Central Midfield,22,4.5
Eredivisie,2022,200,FC Utrecht,369552,Luuk Brouwers,Central Midfield,25,1.2
Eredivisie,2022,200,FC Utrecht,596148,Djevencio van der Kust,Central Midfield,22,0.85
Eredivisie,2022,200,FC Utrecht,540659,Albert Lottin,Central Midfield,21,0.3
Eredivisie,2022,200,FC Utrecht,488296,Rocco Shein,Central Midfield,19,0.275
Eredivisie,2022,200,FC Utrecht,536477,Arthur Zagré,Left Midfield,21,0.7
Eredivisie,2022,200,FC Utrecht,123349,Zakaria Labyad,Attacking Midfield,30,1.6
Eredivisie,2022,200,FC Utrecht,190222,Sander van de Streek,Attacking Midfield,30,1.6
Eredivisie,2022,200,FC Utrecht,400548,Victor Jensen,Attacking Midfield,23,1.0
Eredivisie,2022,200,FC Utrecht,134999,Jens Toornstra,Attacking Midfield,34,0.75
Eredivisie,2022,200,FC Utrecht,326701,Bart Ramselaar,Left Winger,27,3.3
Eredivisie,2022,200,FC Utrecht,481117,Othmane Boussaid,Left Winger,23,2.2
Eredivisie,2022,200,FC Utrecht,96167,Amin Younes,Left Winger,29,1.0
Eredivisie,2022,200,FC Utrecht,216815,Mimoun Mahi,Left Winger,29,0.7
Eredivisie,2022,200,FC Utrecht,775994,Lynden Edhart,Left Winger,17,0.15
Eredivisie,2022,200,FC Utrecht,513963,Taylor Booth,Right Winger,22,5.0
Eredivisie,2022,200,FC Utrecht,246197,Naoki Maeda,Right Winger,28,0.7
Eredivisie,2022,200,FC Utrecht,608407,Derensili Sanches Fernandes,Right Winger,22,0.275
Eredivisie,2022,200,FC Utrecht,523318,Anastasios Douvikas,Centre-Forward,23,9.0
Eredivisie,2022,200,FC Utrecht,56331,Bas Dost,Centre-Forward,34,1.3
Eredivisie,2022,200,FC Utrecht,460655,Moussa Sylla,Centre-Forward,23,1.2
Eredivisie,2022,200,FC Utrecht,361081,Daishawn Redan,Centre-Forward,22,1.0
Eredivisie,2022,200,FC Utrecht,565434,Anthony Descotte,Centre-Forward,19,0.5
Eredivisie,2022,306,SC Heerenveen,276853,Andries Noppert,Goalkeeper,29,4.5
Eredivisie,2022,306,SC Heerenveen,288426,Xavier Mous,Goalkeeper,27,0.45
Eredivisie,2022,306,SC Heerenveen,312473,Jan Bekkema,Goalkeeper,27,0.05
Eredivisie,2022,306,SC Heerenveen,248395,Pawel Bochniewicz,Centre-Back,27,3.0
Eredivisie,2022,306,SC Heerenveen,256718,Sven van Beek,Centre-Back,28,1.0
Eredivisie,2022,306,SC Heerenveen,485586,Syb van Ottele,Centre-Back,21,0.75
Eredivisie,2022,306,SC Heerenveen,261546,Joost van Aken,Centre-Back,29,0.7
Eredivisie,2022,306,SC Heerenveen,88721,Jeffrey Bruma,Centre-Back,31,0.45
Eredivisie,2022,306,SC Heerenveen,288067,Mats Köhlert,Left-Back,25,1.5
Eredivisie,2022,306,SC Heerenveen,274373,Rami Kaib,Left-Back,26,0.6
Eredivisie,2022,306,SC Heerenveen,587335,Milan van Ewijk,Right-Back,22,7.0
Eredivisie,2022,306,SC Heerenveen,585325,Hussein Ali,Right-Back,21,0.3
Eredivisie,2022,306,SC Heerenveen,178219,Thom Haye,Defensive Midfield,28,2.5
Eredivisie,2022,306,SC Heerenveen,646670,Timo Zaal,Defensive Midfield,19,0.25
Eredivisie,2022,306,SC Heerenveen,321158,Simon Olsson,Central Midfield,25,1.3
Eredivisie,2022,306,SC Heerenveen,308265,Anas Tahiri,Central Midfield,28,1.2
Eredivisie,2022,306,SC Heerenveen,324957,Tibor Halilovic,Central Midfield,28,0.8
Eredivisie,2022,306,SC Heerenveen,590775,Djenahro Nunumete,Central Midfield,21,0.05
Eredivisie,2022,306,SC Heerenveen,454628,Alex Timossi Andersson,Right Midfield,22,0.65
Eredivisie,2022,306,SC Heerenveen,593415,Rami Al Hajj,Attacking Midfield,21,0.5
Eredivisie,2022,306,SC Heerenveen,580657,Osame Sahraoui,Left Winger,22,5.0
Eredivisie,2022,306,SC Heerenveen,326030,Ché Nunnely,Right Winger,24,0.7
Eredivisie,2022,306,SC Heerenveen,748382,Amin Sarr,Centre-Forward,22,8.0
Eredivisie,2022,306,SC Heerenveen,439292,Sydney van Hooijdonk,Centre-Forward,23,6.0
Eredivisie,2022,306,SC Heerenveen,661205,Daniel Karlsbakk,Centre-Forward,20,2.0
Eredivisie,2022,306,SC Heerenveen,262613,Pelle van Amersfoort,Centre-Forward,27,1.2
Eredivisie,2022,306,SC Heerenveen,440953,Antoine Colassin,Centre-Forward,22,0.65
Eredivisie,2022,202,FC Groningen,288259,Michael Verrips,Goalkeeper,26,0.6
Eredivisie,2022,202,FC Groningen,166326,Peter Leeuwenburgh,Goalkeeper,29,0.4
Eredivisie,2022,202,FC Groningen,409346,Jan Hoekstra,Goalkeeper,24,0.35
Eredivisie,2022,202,FC Groningen,426142,Jan de Boer,Goalkeeper,23,0.075
Eredivisie,2022,202,FC Groningen,503640,Neraysho Kasanwirjo,Centre-Back,21,2.5
Eredivisie,2022,202,FC Groningen,372240,Mads Bech Sørensen,Centre-Back,24,2.5
Eredivisie,2022,202,FC Groningen,719209,Thijmen Blokzijl,Centre-Back,18,1.5
Eredivisie,2022,202,FC Groningen,458405,Radinio Balker,Centre-Back,24,1.0
Eredivisie,2022,202,FC Groningen,146258,Jetro Willems,Centre-Back,29,0.7
Eredivisie,2022,202,FC Groningen,250450,Wessel Dammers,Centre-Back,28,0.6
Eredivisie,2022,202,FC Groningen,412933,Liam van Gelderen,Centre-Back,22,0.6
Eredivisie,2022,202,FC Groningen,321178,Matej Chalus,Centre-Back,25,0.5
Eredivisie,2022,202,FC Groningen,155806,Mike te Wierik,Centre-Back,31,0.4
Eredivisie,2022,202,FC Groningen,282169,Marin Šverko,Centre-Back,25,0.4
Eredivisie,2022,202,FC Groningen,420215,Nordin Musampa,Centre-Back,21,0.4
Eredivisie,2022,202,FC Groningen,664809,Isak Dybvik Määttä,Left-Back,21,0.55
Eredivisie,2022,202,FC Groningen,593410,Yahya Kalley,Left-Back,22,0.3
Eredivisie,2022,202,FC Groningen,295624,Damil Dankerlui,Right-Back,26,0.4
Eredivisie,2022,202,FC Groningen,671735,Jorg Schreuders,Right-Back,18,0.175
Eredivisie,2022,202,FC Groningen,258513,Laros Duarte,Defensive Midfield,26,0.8
Eredivisie,2022,202,FC Groningen,187293,Joey Pelupessy,Defensive Midfield,30,0.375
Eredivisie,2022,202,FC Groningen,486052,Emmanuel Matuta,Defensive Midfield,21,0.25
Eredivisie,2022,202,FC Groningen,418557,Johan Hove,Central Midfield,22,2.3
Eredivisie,2022,202,FC Groningen,579294,Aimar Sher,Central Midfield,20,0.8
Eredivisie,2022,202,FC Groningen,540333,Tomas Suslov,Attacking Midfield,21,2.0
Eredivisie,2022,202,FC Groningen,238084,Ramon Pascal Lundqvist,Attacking Midfield,26,0.7
Eredivisie,2022,202,FC Groningen,369653,Daleho Irandust,Attacking Midfield,25,0.7
Eredivisie,2022,202,FC Groningen,601495,Luciano Valente,Attacking Midfield,19,0.5
Eredivisie,2022,202,FC Groningen,671738,Thom van Bergen,Attacking Midfield,19,0.2
Eredivisie,2022,202,FC Groningen,410854,Ragnar Oratmangoen,Left Winger,25,0.45
Eredivisie,2022,202,FC Groningen,317593,Patrick Joosten,Left Winger,27,0.4
Eredivisie,2022,202,FC Groningen,513332,Kian Slor,Left Winger,21,0.1
Eredivisie,2022,202,FC Groningen,358032,Cyril Ngonge,Right Winger,23,2.0
Eredivisie,2022,202,FC Groningen,317740,Florian Krüger,Right Winger,24,0.9
Eredivisie,2022,202,FC Groningen,527896,Oliver Antman,Right Winger,21,0.7
Eredivisie,2022,202,FC Groningen,429983,Jørgen Strand Larsen,Centre-Forward,23,11.0
Eredivisie,2022,202,FC Groningen,627207,Ricardo Pepi,Centre-Forward,20,9.0
Eredivisie,2022,202,FC Groningen,579289,Paulos Abraham,Centre-Forward,20,0.7
Eredivisie,2022,202,FC Groningen,198070,Elvis Manu,Centre-Forward,29,0.5
Eredivisie,2022,202,FC Groningen,513330,Romano Postema,Centre-Forward,21,0.45
Eredivisie,2022,499,Vitesse Arnhem,463527,Kjell Scherpen,Goalkeeper,23,2.0
Eredivisie,2022,499,Vitesse Arnhem,296741,Markus Schubert,Goalkeeper,25,0.4
Eredivisie,2022,499,Vitesse Arnhem,412946,Daan Reiziger,Goalkeeper,22,0.35
Eredivisie,2022,499,Vitesse Arnhem,257980,Jeroen Houwen,Goalkeeper,27,0.25
Eredivisie,2022,499,Vitesse Arnhem,602630,Nigel van Haveren,Goalkeeper,19,0.025
Eredivisie,2022,499,Vitesse Arnhem,586429,Ryan Flamingo,Centre-Back,20,2.5
Eredivisie,2022,499,Vitesse Arnhem,294321,Ferro,Centre-Back,26,2.0
Eredivisie,2022,499,Vitesse Arnhem,353559,Dominik Oroz,Centre-Back,22,0.6
Eredivisie,2022,499,Vitesse Arnhem,147846,Nicolas Isimat-Mirin,Centre-Back,31,0.45
Eredivisie,2022,499,Vitesse Arnhem,181469,Tomas Hajek,Centre-Back,31,0.3
Eredivisie,2022,499,Vitesse Arnhem,196793,Maximilian Wittek,Left-Back,27,2.0
Eredivisie,2022,499,Vitesse Arnhem,187245,Mitchell Dijks,Left-Back,30,1.0
Eredivisie,2022,499,Vitesse Arnhem,371686,Carlens Arcus,Right-Back,27,1.5
Eredivisie,2022,499,Vitesse Arnhem,536521,Romaric Yapi,Right-Back,22,0.3
Eredivisie,2022,499,Vitesse Arnhem,607164,Enzo Cornelisse,Defensive Midfield,21,0.55
Eredivisie,2022,499,Vitesse Arnhem,204047,Matus Bero,Central Midfield,27,2.3
Eredivisie,2022,499,Vitesse Arnhem,426280,Melle Meulensteen,Central Midfield,23,2.0
Eredivisie,2022,499,Vitesse Arnhem,210348,Sondre Tronstad,Central Midfield,27,1.6
Eredivisie,2022,499,Vitesse Arnhem,147034,Marco van Ginkel,Central Midfield,30,1.3
Eredivisie,2022,499,Vitesse Arnhem,344649,Toni Domgjoni,Central Midfield,24,0.8
Eredivisie,2022,499,Vitesse Arnhem,79027,Davy Pröpper,Central Midfield,31,0.6
Eredivisie,2022,499,Vitesse Arnhem,564448,Daan Huisman,Central Midfield,20,0.5
Eredivisie,2022,499,Vitesse Arnhem,554284,Kacper Kozłowski,Attacking Midfield,19,8.0
Eredivisie,2022,499,Vitesse Arnhem,604327,Gabriel Vidovic,Left Winger,19,2.5
Eredivisie,2022,499,Vitesse Arnhem,747243,Gyan de Regt,Left Winger,19,0.1
Eredivisie,2022,499,Vitesse Arnhem,564449,Million Manhoef,Right Winger,21,3.5
Eredivisie,2022,499,Vitesse Arnhem,723008,Miliano Jonathans,Right Winger,19,0.2
Eredivisie,2022,499,Vitesse Arnhem,535551,Bartosz Bialek,Centre-Forward,21,3.0
Eredivisie,2022,499,Vitesse Arnhem,400550,Nikolai Baden Frederiksen,Centre-Forward,23,1.5
Eredivisie,2022,499,Vitesse Arnhem,572919,Mohamed Sankoh,Centre-Forward,19,0.7
Eredivisie,2022,499,Vitesse Arnhem,357826,Thomas Buitink,Centre-Forward,23,0.65
Eredivisie,2022,499,Vitesse Arnhem,602597,Simon van Duivenbooden,Centre-Forward,21,0.225
Eredivisie,2022,468,Sparta Rotterdam,215094,Nick Olij,Goalkeeper,27,3.0
Eredivisie,2022,468,Sparta Rotterdam,119061,Tim Coremans,Goalkeeper,32,0.2
Eredivisie,2022,468,Sparta Rotterdam,159143,Delano van Crooij,Goalkeeper,32,0.2
Eredivisie,2022,468,Sparta Rotterdam,531712,Youri Schoonderwaldt,Goalkeeper,23,0.15
Eredivisie,2022,468,Sparta Rotterdam,530253,Ishan Kort,Goalkeeper,23,0.05
Eredivisie,2022,468,Sparta Rotterdam,482141,Mike Eerdhuijzen,Centre-Back,22,0.9
Eredivisie,2022,468,Sparta Rotterdam,333815,Dirk Abels,Centre-Back,26,0.65
Eredivisie,2022,468,Sparta Rotterdam,578292,Omar Rekik,Centre-Back,21,0.6
Eredivisie,2022,468,Sparta Rotterdam,129991,Bart Vriends,Centre-Back,32,0.45
Eredivisie,2022,468,Sparta Rotterdam,596178,Rick Meissen,Centre-Back,21,0.35
Eredivisie,2022,468,Sparta Rotterdam,56381,Adil Auassar,Centre-Back,36,0.125
Eredivisie,2022,468,Sparta Rotterdam,593193,Augustin Drakpe,Centre-Back,21,0.075
Eredivisie,2022,468,Sparta Rotterdam,177866,Mica Pinto,Left-Back,30,0.9
Eredivisie,2022,468,Sparta Rotterdam,56836,Aaron Meijers,Left-Back,35,0.2
Eredivisie,2022,468,Sparta Rotterdam,412937,Shurandy Sambo,Right-Back,21,3.0
Eredivisie,2022,468,Sparta Rotterdam,432694,Joshua Kitolano,Defensive Midfield,21,4.5
Eredivisie,2022,468,Sparta Rotterdam,424330,Jeremy van Mullem,Defensive Midfield,24,0.375
Eredivisie,2022,468,Sparta Rotterdam,31067,Jonathan de Guzmán,Central Midfield,35,0.3
Eredivisie,2022,468,Sparta Rotterdam,699771,Pedro Alemañ,Central Midfield,21,0.15
Eredivisie,2022,468,Sparta Rotterdam,578804,Sven Mijnans,Attacking Midfield,23,4.0
Eredivisie,2022,468,Sparta Rotterdam,250591,Arno Verschueren,Attacking Midfield,26,2.3
Eredivisie,2022,468,Sparta Rotterdam,312493,Vito van Crooij,Attacking Midfield,27,2.2
Eredivisie,2022,468,Sparta Rotterdam,593824,Patrick Brouwer,Attacking Midfield,22,0.1
Eredivisie,2022,468,Sparta Rotterdam,501743,Koki Saito,Left Winger,21,3.0
Eredivisie,2022,468,Sparta Rotterdam,93637,Mario Engels,Left Winger,29,0.4
Eredivisie,2022,468,Sparta Rotterdam,227039,Younes Namli,Right Winger,29,0.9
Eredivisie,2022,468,Sparta Rotterdam,325200,Jason Lokilo,Right Winger,24,0.7
Eredivisie,2022,468,Sparta Rotterdam,272206,Tobias Lauritsen,Centre-Forward,25,3.0
Eredivisie,2022,468,Sparta Rotterdam,661428,Elias Hoff Melkersen,Centre-Forward,20,0.4
Eredivisie,2022,468,Sparta Rotterdam,595028,Charles-Andreas Brym,Centre-Forward,24,0.325
Eredivisie,2022,468,Sparta Rotterdam,412958,Mohammed Tahiri,Centre-Forward,22,0.175
Eredivisie,2022,385,Fortuna Sittard,371013,Ivor Pandur,Goalkeeper,23,2.0
Eredivisie,2022,385,Fortuna Sittard,258362,Yanick van Osch,Goalkeeper,26,0.5
Eredivisie,2022,385,Fortuna Sittard,687560,Tom Hendriks,Goalkeeper,21,0.05
Eredivisie,2022,385,Fortuna Sittard,492313,Rodrigo Guth,Centre-Back,22,2.0
Eredivisie,2022,385,Fortuna Sittard,371002,Stipe Radic,Centre-Back,23,0.6
Eredivisie,2022,385,Fortuna Sittard,52403,Dimitrios Siovas,Centre-Back,34,0.45
Eredivisie,2022,385,Fortuna Sittard,168787,Roel Janssen,Centre-Back,33,0.2
Eredivisie,2022,385,Fortuna Sittard,470392,Nuri Emre Aksit,Centre-Back,21,0.1
Eredivisie,2022,385,Fortuna Sittard,698082,Bryant Nieling,Centre-Back,20,0.025
Eredivisie,2022,385,Fortuna Sittard,359692,George Cox,Left-Back,25,0.85
Eredivisie,2022,385,Fortuna Sittard,805835,Rémy Vita,Left-Back,22,0.7
Eredivisie,2022,385,Fortuna Sittard,201248,Mickaël Tirpan,Right-Back,29,0.65
Eredivisie,2022,385,Fortuna Sittard,184767,Ximo Navarro,Right-Back,33,0.6
Eredivisie,2022,385,Fortuna Sittard,82281,Ivo Pinto,Right-Back,33,0.5
Eredivisie,2022,385,Fortuna Sittard,540271,Mike van Beijnen,Right-Back,24,0.125
Eredivisie,2022,385,Fortuna Sittard,239733,Doğan Erdoğan,Defensive Midfield,26,0.9
Eredivisie,2022,385,Fortuna Sittard,375857,Kristijan Bistrovic,Central Midfield,25,2.5
Eredivisie,2022,385,Fortuna Sittard,77966,Oğuzhan Özyakup,Central Midfield,30,0.9
Eredivisie,2022,385,Fortuna Sittard,432852,Deroy Duarte,Central Midfield,23,0.6
Eredivisie,2022,385,Fortuna Sittard,554398,Vasilios Sourlis,Central Midfield,20,0.45
Eredivisie,2022,385,Fortuna Sittard,605144,Cole Bassett,Attacking Midfield,21,2.0
Eredivisie,2022,385,Fortuna Sittard,187809,Mats Seuntjens,Attacking Midfield,31,1.2
Eredivisie,2022,385,Fortuna Sittard,247380,Arianit Ferati,Attacking Midfield,25,0.6
Eredivisie,2022,385,Fortuna Sittard,495963,Richie Musaba,Attacking Midfield,22,0.1
Eredivisie,2022,385,Fortuna Sittard,251848,Iñigo Córdoba,Left Winger,26,2.3
Eredivisie,2022,385,Fortuna Sittard,457736,Tijjani Noslin,Left Winger,23,0.75
Eredivisie,2022,385,Fortuna Sittard,496270,Gianmarco Cangiano,Left Winger,21,0.65
Eredivisie,2022,385,Fortuna Sittard,409886,Úmaro Embaló,Right Winger,22,1.0
Eredivisie,2022,385,Fortuna Sittard,594240,Tunahan Taşçı,Right Winger,21,0.15
Eredivisie,2022,385,Fortuna Sittard,34987,Burak Yılmaz,Centre-Forward,37,0.8
Eredivisie,2022,385,Fortuna Sittard,357826,Thomas Buitink,Centre-Forward,23,0.65
Eredivisie,2022,385,Fortuna Sittard,180843,Paul Gladon,Centre-Forward,31,0.5
Eredivisie,2022,467,NEC Nijmegen,146227,Jasper Cillessen,Goalkeeper,34,2.5
Eredivisie,2022,467,NEC Nijmegen,205128,Mattijs Branderhorst,Goalkeeper,29,0.7
Eredivisie,2022,467,NEC Nijmegen,646991,Robin Roefs,Goalkeeper,20,0.075
Eredivisie,2022,467,NEC Nijmegen,593163,Rijk Janse,Goalkeeper,21,0.025
Eredivisie,2022,467,NEC Nijmegen,340460,Philippe Sandler,Centre-Back,26,1.8
Eredivisie,2022,467,NEC Nijmegen,296227,Iván Márquez,Centre-Back,29,0.85
Eredivisie,2022,467,NEC Nijmegen,326329,Joris Kramer,Centre-Back,26,0.65
Eredivisie,2022,467,NEC Nijmegen,557412,Guus Gertsen,Centre-Back,20,0.025
Eredivisie,2022,467,NEC Nijmegen,541134,Souffian El Karouani,Left-Back,22,1.4
Eredivisie,2022,467,NEC Nijmegen,258364,Calvin Verdonk,Left-Back,26,0.8
Eredivisie,2022,467,NEC Nijmegen,547499,Bart van Rooij,Right-Back,22,0.9
Eredivisie,2022,467,NEC Nijmegen,491292,Ilias Bronkhorst,Right-Back,26,0.225
Eredivisie,2022,467,NEC Nijmegen,241483,Terry Lartey Sanniez,Right-Back,26,0.15
Eredivisie,2022,467,NEC Nijmegen,485587,Dirk Proper,Defensive Midfield,21,2.0
Eredivisie,2022,467,NEC Nijmegen,464446,Andri Fannar Baldursson,Defensive Midfield,21,0.5
Eredivisie,2022,467,NEC Nijmegen,34784,Lasse Schöne,Defensive Midfield,37,0.25
Eredivisie,2022,467,NEC Nijmegen,694039,Nils Rossen,Defensive Midfield,18,0.05
Eredivisie,2022,467,NEC Nijmegen,489929,Magnus Mattsson,Central Midfield,24,0.8
Eredivisie,2022,467,NEC Nijmegen,490383,Mathias De Wolf,Central Midfield,21,0.125
Eredivisie,2022,467,NEC Nijmegen,235540,Oussama Tannane,Attacking Midfield,29,1.0
Eredivisie,2022,467,NEC Nijmegen,241378,Jordy Bruijn,Attacking Midfield,26,0.6
Eredivisie,2022,467,NEC Nijmegen,576098,Kas de Wit,Attacking Midfield,19,0.025
Eredivisie,2022,467,NEC Nijmegen,575693,Ibrahim Cissoko,Left Winger,20,2.5
Eredivisie,2022,467,NEC Nijmegen,511401,Anthony Musaba,Left Winger,22,0.8
Eredivisie,2022,467,NEC Nijmegen,320265,Mikkel Duelund,Left Winger,26,0.7
Eredivisie,2022,467,NEC Nijmegen,462086,Elayis Tavsan,Right Winger,22,1.4
Eredivisie,2022,467,NEC Nijmegen,311489,Landry Dimata,Centre-Forward,25,2.5
Eredivisie,2022,467,NEC Nijmegen,404383,Pedro Marques,Centre-Forward,25,0.65
Eredivisie,2022,724,FC Volendam,552223,Filip Stanković,Goalkeeper,21,2.0
Eredivisie,2022,724,FC Volendam,434861,Barry Lauwers,Goalkeeper,23,0.175
Eredivisie,2022,724,FC Volendam,790669,Kayne van Oevelen,Goalkeeper,19,0.05
Eredivisie,2022,724,FC Volendam,640432,Xavier Mbuyamba,Centre-Back,21,2.0
Eredivisie,2022,724,FC Volendam,387199,Benaissa Benamar,Centre-Back,26,0.7
Eredivisie,2022,724,FC Volendam,474838,Brian Plat,Centre-Back,23,0.6
Eredivisie,2022,724,FC Volendam,257986,Damon Mirani,Centre-Back,27,0.55
Eredivisie,2022,724,FC Volendam,638666,Josh Flint,Centre-Back,22,0.3
Eredivisie,2022,724,FC Volendam,1008564,Billy van Duijl,Centre-Back,17,0.125
Eredivisie,2022,724,FC Volendam,457341,Derry Murkin,Left-Back,23,0.9
Eredivisie,2022,724,FC Volendam,529223,Dean James,Left-Back,23,0.25
Eredivisie,2022,724,FC Volendam,293283,Oskar Buur,Right-Back,25,0.35
Eredivisie,2022,724,FC Volendam,790411,Déron Payne,Right-Back,20,0.075
Eredivisie,2022,724,FC Volendam,997903,Givairo Read,Right-Back,17,0.025
Eredivisie,2022,724,FC Volendam,612758,Calvin Twigt,Defensive Midfield,20,0.65
Eredivisie,2022,724,FC Volendam,315128,Carel Eiting,Central Midfield,25,2.5
Eredivisie,2022,724,FC Volendam,607225,Florent Sanchez,Central Midfield,20,0.7
Eredivisie,2022,724,FC Volendam,929347,Imran Nazih,Central Midfield,17,0.15
Eredivisie,2022,724,FC Volendam,790482,Flip Klomp,Central Midfield,21,0.075
Eredivisie,2022,724,FC Volendam,702856,Joey Antonioli,Central Midfield,19,0.075
Eredivisie,2022,724,FC Volendam,613393,Gaetano Oristanio,Attacking Midfield,20,1.0
Eredivisie,2022,724,FC Volendam,338627,Francesco Antonucci,Attacking Midfield,24,1.0
Eredivisie,2022,724,FC Volendam,597104,Walid Ould-Chikh,Attacking Midfield,23,0.4
Eredivisie,2022,724,FC Volendam,1046796,Diego Gustavo,Attacking Midfield,19,0.025
Eredivisie,2022,724,FC Volendam,508642,Ibrahim El Kadiri,Left Winger,21,0.35
Eredivisie,2022,724,FC Volendam,516761,Achraf Douiri,Left Winger,23,0.2
Eredivisie,2022,724,FC Volendam,672100,Darius Johnson,Left Winger,23,0.075
Eredivisie,2022,724,FC Volendam,177821,Daryl van Mieghem,Right Winger,33,0.5
Eredivisie,2022,724,FC Volendam,241324,Bilal Ould-Chikh,Right Winger,25,0.35
Eredivisie,2022,724,FC Volendam,900070,Jordi Blom,Right Winger,21,0.025
Eredivisie,2022,724,FC Volendam,271743,Henk Veerman,Centre-Forward,32,0.5
Eredivisie,2022,724,FC Volendam,186763,Robert Mühren,Centre-Forward,34,0.4
Eredivisie,2022,724,FC Volendam,728864,Lequincio Zeefuik,Centre-Forward,18,0.35
Eredivisie,2022,1435,Go Ahead Eagles,315253,Jeffrey de Lange,Goalkeeper,25,0.75
Eredivisie,2022,1435,Go Ahead Eagles,56631,Erwin Mulder,Goalkeeper,34,0.25
Eredivisie,2022,1435,Go Ahead Eagles,335997,Luca Plogmann,Goalkeeper,23,0.225
Eredivisie,2022,1435,Go Ahead Eagles,690624,Sven Jansen,Goalkeeper,18,0.05
Eredivisie,2022,1435,Go Ahead Eagles,609361,José Fontán,Centre-Back,23,0.9
Eredivisie,2022,1435,Go Ahead Eagles,546926,Jay Idzes,Centre-Back,23,0.75
Eredivisie,2022,1435,Go Ahead Eagles,289651,Jamal Amofa,Centre-Back,24,0.75
Eredivisie,2022,1435,Go Ahead Eagles,85904,Gerrit Nauber,Centre-Back,31,0.5
Eredivisie,2022,1435,Go Ahead Eagles,313729,Justin Bakker,Centre-Back,25,0.3
Eredivisie,2022,1435,Go Ahead Eagles,624698,Pim Saathof,Centre-Back,19,0.075
Eredivisie,2022,1435,Go Ahead Eagles,187188,Bas Kuipers,Left-Back,28,0.7
Eredivisie,2022,1435,Go Ahead Eagles,539665,Fredrik Oppegård,Left-Back,20,0.65
Eredivisie,2022,1435,Go Ahead Eagles,451673,Aventis Aventisyan,Left-Back,20,0.075
Eredivisie,2022,1435,Go Ahead Eagles,369554,Mats Deijl,Right-Back,25,0.7
Eredivisie,2022,1435,Go Ahead Eagles,200194,Federico Mattiello,Right-Back,27,0.4
Eredivisie,2022,1435,Go Ahead Eagles,361112,Evert Linthorst,Defensive Midfield,23,0.5
Eredivisie,2022,1435,Go Ahead Eagles,412945,Enric Llansana,Defensive Midfield,22,0.5
Eredivisie,2022,1435,Go Ahead Eagles,496873,Xander Blomme,Defensive Midfield,21,0.35
Eredivisie,2022,1435,Go Ahead Eagles,340791,Philippe Rommens,Central Midfield,25,1.2
Eredivisie,2022,1435,Go Ahead Eagles,283185,Tesfaldet Tekie,Central Midfield,26,0.9
Eredivisie,2022,1435,Go Ahead Eagles,690665,Robbin Weijenberg,Central Midfield,18,0.025
Eredivisie,2022,1435,Go Ahead Eagles,455127,Willum Thór Willumsson,Attacking Midfield,24,1.3
Eredivisie,2022,1435,Go Ahead Eagles,374326,Oliver Edvardsen,Left Winger,24,1.0
Eredivisie,2022,1435,Go Ahead Eagles,315130,Rashaan Fernandes,Left Winger,24,0.4
Eredivisie,2022,1435,Go Ahead Eagles,834768,Darío Serra,Left Winger,20,0.1
Eredivisie,2022,1435,Go Ahead Eagles,331514,Bobby Adekanye,Right Winger,24,0.8
Eredivisie,2022,1435,Go Ahead Eagles,258335,Martijn Berden,Right Winger,25,0.3
Eredivisie,2022,1435,Go Ahead Eagles,677382,Jahnoah Markelo,Right Winger,20,0.15
Eredivisie,2022,1435,Go Ahead Eagles,322073,Isac Lidberg,Centre-Forward,24,0.75
Eredivisie,2022,1435,Go Ahead Eagles,241486,Finn Stokkers,Centre-Forward,27,0.45
Eredivisie,2022,1435,Go Ahead Eagles,343184,Sylla Sow,Centre-Forward,26,0.3
Eredivisie,2022,798,Excelsior Rotterdam,301696,Stijn van Gassel,Goalkeeper,26,0.9
Eredivisie,2022,798,Excelsior Rotterdam,278938,Norbert Alblas,Goalkeeper,28,0.25
Eredivisie,2022,798,Excelsior Rotterdam,796490,Pascal Kuiper,Goalkeeper,19,0.125
Eredivisie,2022,798,Excelsior Rotterdam,361207,Kik Pierie,Centre-Back,22,0.9
Eredivisie,2022,798,Excelsior Rotterdam,480730,Redouan El Yaakoubi,Centre-Back,27,0.7
Eredivisie,2022,798,Excelsior Rotterdam,314915,Siebe Horemans,Centre-Back,25,0.65
Eredivisie,2022,798,Excelsior Rotterdam,312218,Maxime Awoudja,Centre-Back,25,0.35
Eredivisie,2022,798,Excelsior Rotterdam,187291,Sven Nieuwpoort,Centre-Back,30,0.325
Eredivisie,2022,798,Excelsior Rotterdam,618038,Serano Seymor,Centre-Back,21,0.3
Eredivisie,2022,798,Excelsior Rotterdam,606023,Nathan Tjoe-A-On,Left-Back,21,0.5
Eredivisie,2022,798,Excelsior Rotterdam,451576,Nathan Markelo,Right-Back,24,0.275
Eredivisie,2022,798,Excelsior Rotterdam,361074,Peer Koopmeiners,Defensive Midfield,23,0.7
Eredivisie,2022,798,Excelsior Rotterdam,618036,Joshua Eijgenraam,Defensive Midfield,21,0.3
Eredivisie,2022,798,Excelsior Rotterdam,412943,Kenzo Goudmijn,Central Midfield,21,1.3
Eredivisie,2022,798,Excelsior Rotterdam,616340,Julian Baas,Central Midfield,21,0.8
Eredivisie,2022,798,Excelsior Rotterdam,379979,Adrian Fein,Central Midfield,24,0.6
Eredivisie,2022,798,Excelsior Rotterdam,182573,Yassin Ayoub,Central Midfield,29,0.4
Eredivisie,2022,798,Excelsior Rotterdam,536477,Arthur Zagré,Left Midfield,21,0.7
Eredivisie,2022,798,Excelsior Rotterdam,578544,Noah Naujoks,Attacking Midfield,21,0.45
Eredivisie,2022,798,Excelsior Rotterdam,593837,Couhaib Driouech,Left Winger,21,0.65
Eredivisie,2022,798,Excelsior Rotterdam,292356,Lazaros Labrou,Left Winger,25,0.6
Eredivisie,2022,798,Excelsior Rotterdam,553217,Jacky Donkor,Left Winger,24,0.3
Eredivisie,2022,798,Excelsior Rotterdam,736014,Luuk Admiraal,Left Winger,21,0.05
Eredivisie,2022,798,Excelsior Rotterdam,618050,Brent Vugts,Left Winger,21,0.025
Eredivisie,2022,798,Excelsior Rotterdam,412959,Marouan Azarkan,Right Winger,21,2.0
Eredivisie,2022,798,Excelsior Rotterdam,412954,Vicente Besuijen,Right Winger,22,0.6
Eredivisie,2022,798,Excelsior Rotterdam,477274,Nikolas Agrafiotis,Centre-Forward,23,0.4
Eredivisie,2022,798,Excelsior Rotterdam,482826,Reda Kharchouch,Centre-Forward,27,0.35
Eredivisie,2022,798,Excelsior Rotterdam,183397,Mike van Duinen,Centre-Forward,31,0.25
Eredivisie,2022,798,Excelsior Rotterdam,808646,Raphaël Eyongo,Centre-Forward,20,0.1
Eredivisie,2022,133,SC Cambuur Leeuwarden,329813,João Virgínia,Goalkeeper,23,0.6
Eredivisie,2022,133,SC Cambuur Leeuwarden,81775,Robbin Ruiter,Goalkeeper,36,0.275
Eredivisie,2022,133,SC Cambuur Leeuwarden,667902,Brett Minnema,Goalkeeper,21,0.05
Eredivisie,2022,133,SC Cambuur Leeuwarden,228478,Leon Bergsma,Centre-Back,26,0.55
Eredivisie,2022,133,SC Cambuur Leeuwarden,371461,Marco Tol,Centre-Back,25,0.5
Eredivisie,2022,133,SC Cambuur Leeuwarden,501640,Maxim Gullit,Centre-Back,22,0.35
Eredivisie,2022,133,SC Cambuur Leeuwarden,899710,Floris Smand,Centre-Back,20,0.35
Eredivisie,2022,133,SC Cambuur Leeuwarden,113996,Calvin Mac-Intosch,Centre-Back,33,0.2
Eredivisie,2022,133,SC Cambuur Leeuwarden,435821,Alex Bangura,Left-Back,23,0.9
Eredivisie,2022,133,SC Cambuur Leeuwarden,587333,Sekou Sylla,Left-Back,24,0.175
Eredivisie,2022,133,SC Cambuur Leeuwarden,172779,Sai van Wermeskerken,Right-Back,29,0.35
Eredivisie,2022,133,SC Cambuur Leeuwarden,195359,Doke Schmidt,Right-Back,31,0.275
Eredivisie,2022,133,SC Cambuur Leeuwarden,766810,Jhondly van der Meer,Right-Back,21,0.1
Eredivisie,2022,133,SC Cambuur Leeuwarden,315233,Mees Hoedemakers,Defensive Midfield,25,0.85
Eredivisie,2022,133,SC Cambuur Leeuwarden,377720,Daniël van Kaam,Defensive Midfield,23,0.7
Eredivisie,2022,133,SC Cambuur Leeuwarden,61612,Navarone Foor,Central Midfield,31,0.5
Eredivisie,2022,133,SC Cambuur Leeuwarden,213671,Mitchel Paulissen,Central Midfield,30,0.4
Eredivisie,2022,133,SC Cambuur Leeuwarden,64506,Ben Rienstra,Central Midfield,33,0.25
Eredivisie,2022,133,SC Cambuur Leeuwarden,339331,Jasper ter Heide,Central Midfield,24,0.15
Eredivisie,2022,133,SC Cambuur Leeuwarden,766807,Vincent Pichel,Central Midfield,21,0.05
Eredivisie,2022,133,SC Cambuur Leeuwarden,250030,Robin Maulun,Attacking Midfield,26,0.65
Eredivisie,2022,133,SC Cambuur Leeuwarden,410735,Jamie Jacobs,Attacking Midfield,25,0.55
Eredivisie,2022,133,SC Cambuur Leeuwarden,507496,Felix Mambimbi,Left Winger,22,2.5
Eredivisie,2022,133,SC Cambuur Leeuwarden,216815,Mimoun Mahi,Left Winger,29,0.7
Eredivisie,2022,133,SC Cambuur Leeuwarden,386164,Silvester van der Water,Right Winger,26,0.7
Eredivisie,2022,133,SC Cambuur Leeuwarden,258511,Michael Breij,Right Winger,26,0.45
Eredivisie,2022,133,SC Cambuur Leeuwarden,412940,Remco Balk,Right Winger,22,0.4
Eredivisie,2022,133,SC Cambuur Leeuwarden,243744,David Sambissa,Right Winger,27,0.35
Eredivisie,2022,133,SC Cambuur Leeuwarden,342152,Roberts Uldrikis,Centre-Forward,25,0.55
Eredivisie,2022,133,SC Cambuur Leeuwarden,250686,Bjørn Johnsen,Centre-Forward,31,0.45
Eredivisie,2022,133,SC Cambuur Leeuwarden,124863,Tom Boere,Centre-Forward,30,0.3
Eredivisie,2022,133,SC Cambuur Leeuwarden,225716,Sam Hendriks,Centre-Forward,28,0.25
Eredivisie,2022,133,SC Cambuur Leeuwarden,703772,Milan Smit,Centre-Forward,20,0.175
Eredivisie,2022,1283,FC Emmen,207048,Mickey van der Hart,Goalkeeper,29,0.6
Eredivisie,2022,1283,FC Emmen,152460,Eric Oelschlägel,Goalkeeper,27,0.4
Eredivisie,2022,1283,FC Emmen,452619,Kyan van Dorp,Goalkeeper,23,0.05
Eredivisie,2022,1283,FC Emmen,645966,Wouter Sibon,Goalkeeper,19,0.025
Eredivisie,2022,1283,FC Emmen,618087,Max Wolfs,Goalkeeper,21,0.025
Eredivisie,2022,1283,FC Emmen,211420,Miguel Araujo,Centre-Back,28,0.85
Eredivisie,2022,1283,FC Emmen,566930,Julius Dirksen,Centre-Back,20,0.45
Eredivisie,2022,1283,FC Emmen,155806,Mike te Wierik,Centre-Back,31,0.4
Eredivisie,2022,1283,FC Emmen,61867,Jeroen Veldmate,Centre-Back,34,0.35
Eredivisie,2022,1283,FC Emmen,412939,Dennis Vos,Centre-Back,21,0.35
Eredivisie,2022,1283,FC Emmen,255748,Michaël Heylen,Centre-Back,29,0.25
Eredivisie,2022,1283,FC Emmen,324111,Teun Bijleveld,Left-Back,25,0.325
Eredivisie,2022,1283,FC Emmen,124866,Lorenzo Burnet,Left-Back,32,0.25
Eredivisie,2022,1283,FC Emmen,546225,Mohamed Bouchouari,Right-Back,22,0.4
Eredivisie,2022,1283,FC Emmen,395509,Arnaud Luzayadio,Right-Back,23,0.175
Eredivisie,2022,1283,FC Emmen,258363,Keziah Veendorp,Defensive Midfield,26,0.55
Eredivisie,2022,1283,FC Emmen,82332,Maikel Kieftenbeld,Defensive Midfield,33,0.375
Eredivisie,2022,1283,FC Emmen,187507,Mark Diemers,Central Midfield,29,1.2
Eredivisie,2022,1283,FC Emmen,536480,Lucas Bernadou,Central Midfield,22,0.75
Eredivisie,2022,1283,FC Emmen,303939,Ahmed El Messaoudi,Central Midfield,27,0.6
Eredivisie,2022,1283,FC Emmen,374213,Jari Vlak,Central Midfield,24,0.5
Eredivisie,2022,1283,FC Emmen,263555,Jeff Hardeveld,Left Midfield,28,0.3
Eredivisie,2022,1283,FC Emmen,460630,Azzeddine Toufiqui,Attacking Midfield,24,0.225
Eredivisie,2022,1283,FC Emmen,556870,Ben Scholte,Attacking Midfield,21,0.15
Eredivisie,2022,1283,FC Emmen,451338,Fernando Pacheco,Left Winger,24,0.5
Eredivisie,2022,1283,FC Emmen,594273,Jeremy Antonisse,Left Winger,21,0.5
Eredivisie,2022,1283,FC Emmen,419828,Jasin Assehnoun,Left Winger,24,0.35
Eredivisie,2022,1283,FC Emmen,387996,Rui Mendes,Right Winger,23,0.7
Eredivisie,2022,1283,FC Emmen,594230,Maurilio de Lannoy,Right Winger,19,0.025
Eredivisie,2022,1283,FC Emmen,361070,Ole Romeny,Centre-Forward,23,1.3
Eredivisie,2022,1283,FC Emmen,321182,Oussama Darfalou,Centre-Forward,29,0.6
Eredivisie,2022,1283,FC Emmen,252755,Richairo Zivkovic,Centre-Forward,26,0.5
Eredivisie,2022,1283,FC Emmen,395519,Metehan Güclü,Centre-Forward,24,0.3
Eredivisie,2022,1283,FC Emmen,491562,Gonzalo Sánchez,Centre-Forward,23,0.2
Eredivisie,2022,1283,FC Emmen,211331,Mart Lieder,Centre-Forward,33,0.2
Eredivisie,2022,235,RKC Waalwijk,387197,Etienne Vaessen,Goalkeeper,27,1.0
Eredivisie,2022,235,RKC Waalwijk,192611,Joel Pereira,Goalkeeper,27,0.25
Eredivisie,2022,235,RKC Waalwijk,383705,Mark Spenkelink,Goalkeeper,26,0.1
Eredivisie,2022,235,RKC Waalwijk,471691,Joey Kesting,Goalkeeper,22,0.05
Eredivisie,2022,235,RKC Waalwijk,358021,Shawn Adewoye,Centre-Back,23,0.9
Eredivisie,2022,235,RKC Waalwijk,235274,Dario Van den Buijs,Centre-Back,27,0.55
Eredivisie,2022,235,RKC Waalwijk,328455,Juriën Gaari,Centre-Back,29,0.45
Eredivisie,2022,235,RKC Waalwijk,266414,Lars Nieuwpoort,Centre-Back,28,0.175
Eredivisie,2022,235,RKC Waalwijk,451297,Luuk Wouters,Centre-Back,24,0.175
Eredivisie,2022,235,RKC Waalwijk,45562,Hans Mulder,Centre-Back,36,0.075
Eredivisie,2022,235,RKC Waalwijk,416802,Thierry Lutonda,Left-Back,22,0.6
Eredivisie,2022,235,RKC Waalwijk,337673,Julian Lelieveld,Right-Back,25,0.7
Eredivisie,2022,235,RKC Waalwijk,524687,Saïd Bakari,Right-Back,28,0.45
Eredivisie,2022,235,RKC Waalwijk,30670,Vurnon Anita,Defensive Midfield,34,0.3
Eredivisie,2022,235,RKC Waalwijk,433933,Kevin Felida,Defensive Midfield,23,0.3
Eredivisie,2022,235,RKC Waalwijk,674261,Sebbe Augustijns,Defensive Midfield,23,0.125
Eredivisie,2022,235,RKC Waalwijk,566911,Yassin Oukili,Central Midfield,22,0.6
Eredivisie,2022,235,RKC Waalwijk,433805,Patrick Vroegh,Central Midfield,23,0.375
Eredivisie,2022,235,RKC Waalwijk,187809,Mats Seuntjens,Attacking Midfield,31,1.2
Eredivisie,2022,235,RKC Waalwijk,160431,Iliass Bel Hassani,Attacking Midfield,30,0.4
Eredivisie,2022,235,RKC Waalwijk,625654,Julen Lobete,Left Winger,22,1.5
Eredivisie,2022,235,RKC Waalwijk,297693,Pelle Clement,Left Winger,27,0.7
Eredivisie,2022,235,RKC Waalwijk,292805,Lennerd Daneels,Left Winger,25,0.35
Eredivisie,2022,235,RKC Waalwijk,671675,Chris Lokesa,Left Winger,18,0.35
Eredivisie,2022,235,RKC Waalwijk,203378,Zakaria Bakkali,Left Winger,27,0.3
Eredivisie,2022,235,RKC Waalwijk,124873,Florian Jozefzoon,Right Winger,32,0.45
Eredivisie,2022,235,RKC Waalwijk,469082,Roy Kuijpers,Right Winger,23,0.3
Eredivisie,2022,235,RKC Waalwijk,565821,Mika Biereth,Centre-Forward,20,0.5
Eredivisie,2022,235,RKC Waalwijk,56523,Michiel Kramer,Centre-Forward,34,0.4
Eredivisie,2023,383,PSV Eindhoven,296802,Walter Benítez,Goalkeeper,31,13.0
Eredivisie,2023,383,PSV Eindhoven,333640,Joël Drommel,Goalkeeper,27,2.5
Eredivisie,2023,383,PSV Eindhoven,654919,Kjell Peersman,Goalkeeper,20,0.3
Eredivisie,2023,383,PSV Eindhoven,723005,Niek Schiks,Goalkeeper,20,0.25
Eredivisie,2023,383,PSV Eindhoven,4391,Boy Waterman,Goalkeeper,40,0.05
Eredivisie,2023,383,PSV Eindhoven,318508,Olivier Boscagli,Centre-Back,26,27.0
Eredivisie,2023,383,PSV Eindhoven,467563,Armel Bella-Kotchap,Centre-Back,22,12.0
Eredivisie,2023,383,PSV Eindhoven,339337,Armando Obispo,Centre-Back,25,3.5
Eredivisie,2023,383,PSV Eindhoven,175792,André Ramalho,Centre-Back,32,2.5
Eredivisie,2023,383,PSV Eindhoven,323910,Mauro Júnior,Left-Back,25,7.0
Eredivisie,2023,383,PSV Eindhoven,52119,Patrick van Aanholt,Left-Back,33,2.0
Eredivisie,2023,383,PSV Eindhoven,127573,Phillipp Mwene,Left-Back,30,1.8
Eredivisie,2023,383,PSV Eindhoven,539665,Fredrik Oppegård,Left-Back,21,0.6
Eredivisie,2023,383,PSV Eindhoven,361104,Sergiño Dest,Right-Back,23,22.0
Eredivisie,2023,383,PSV Eindhoven,364245,Jordan Teze,Right-Back,24,18.0
Eredivisie,2023,383,PSV Eindhoven,412937,Shurandy Sambo,Right-Back,22,2.0
Eredivisie,2023,383,PSV Eindhoven,738478,Jason van Duiven,Right-Back,19,1.0
Eredivisie,2023,383,PSV Eindhoven,575367,Richard Ledezma,Right-Back,23,0.9
Eredivisie,2023,383,PSV Eindhoven,626764,Livano Comenencia,Right-Back,20,0.8
Eredivisie,2023,383,PSV Eindhoven,375885,Ibrahim Sangaré,Defensive Midfield,26,30.0
Eredivisie,2023,383,PSV Eindhoven,347900,Jerdy Schouten,Defensive Midfield,27,28.0
Eredivisie,2023,383,PSV Eindhoven,816974,Tygo Land,Defensive Midfield,18,3.0
Eredivisie,2023,383,PSV Eindhoven,408574,Joey Veerman,Central Midfield,25,40.0
Eredivisie,2023,383,PSV Eindhoven,467437,Malik Tillman,Attacking Midfield,22,20.0
Eredivisie,2023,383,PSV Eindhoven,702869,Ismael Saibari,Attacking Midfield,23,16.0
Eredivisie,2023,383,PSV Eindhoven,372267,Guus Til,Attacking Midfield,26,12.0
Eredivisie,2023,383,PSV Eindhoven,813437,Isaac Babadi,Attacking Midfield,19,6.0
Eredivisie,2023,383,PSV Eindhoven,339332,Noa Lang,Left Winger,25,18.0
Eredivisie,2023,383,PSV Eindhoven,316889,Hirving Lozano,Left Winger,28,15.0
Eredivisie,2023,383,PSV Eindhoven,565424,Johan Bakayoko,Right Winger,21,45.0
Eredivisie,2023,383,PSV Eindhoven,183720,Anwar El Ghazi,Right Winger,29,2.5
Eredivisie,2023,383,PSV Eindhoven,627207,Ricardo Pepi,Centre-Forward,21,12.0
Eredivisie,2023,383,PSV Eindhoven,409517,Yorbe Vertessen,Centre-Forward,23,5.0
Eredivisie,2023,383,PSV Eindhoven,72522,Luuk de Jong,Centre-Forward,33,3.5
Eredivisie,2023,383,PSV Eindhoven,746988,Jesper Uneken,Centre-Forward,19,0.5
Eredivisie,2023,234,Feyenoord Rotterdam,315121,Justin Bijlow,Goalkeeper,26,13.0
Eredivisie,2023,234,Feyenoord Rotterdam,196829,Timon Wellenreuther,Goalkeeper,28,7.0
Eredivisie,2023,234,Feyenoord Rotterdam,646708,Mikki van Sas,Goalkeeper,20,0.4
Eredivisie,2023,234,Feyenoord Rotterdam,64352,Kostas Lamprou,Goalkeeper,32,0.3
Eredivisie,2023,234,Feyenoord Rotterdam,404418,Dávid Hancko,Centre-Back,26,35.0
Eredivisie,2023,234,Feyenoord Rotterdam,420210,Lutsharel Geertruida,Centre-Back,23,32.0
Eredivisie,2023,234,Feyenoord Rotterdam,593862,Thomas Beelen,Centre-Back,23,12.0
Eredivisie,2023,234,Feyenoord Rotterdam,59145,Gernot Trauner,Centre-Back,32,3.5
Eredivisie,2023,234,Feyenoord Rotterdam,503640,Neraysho Kasanwirjo,Centre-Back,22,1.8
Eredivisie,2023,234,Feyenoord Rotterdam,436064,Ramon Hendriks,Centre-Back,22,0.8
Eredivisie,2023,234,Feyenoord Rotterdam,514285,Quilindschy Hartman,Left-Back,22,23.0
Eredivisie,2023,234,Feyenoord Rotterdam,432175,Marcos López,Left-Back,24,3.0
Eredivisie,2023,234,Feyenoord Rotterdam,415381,Mats Wieffer,Right-Back,24,30.0
Eredivisie,2023,234,Feyenoord Rotterdam,583404,Marcus Pedersen,Right-Back,23,5.5
Eredivisie,2023,234,Feyenoord Rotterdam,257987,Bart Nieuwkoop,Right-Back,28,4.0
Eredivisie,2023,234,Feyenoord Rotterdam,997903,Givairo Read,Right-Back,18,0.8
Eredivisie,2023,234,Feyenoord Rotterdam,416660,Ramiz Zerrouki,Defensive Midfield,26,9.0
Eredivisie,2023,234,Feyenoord Rotterdam,420213,Quinten Timber,Central Midfield,23,28.0
Eredivisie,2023,234,Feyenoord Rotterdam,412941,Thomas van den Belt,Central Midfield,23,1.8
Eredivisie,2023,234,Feyenoord Rotterdam,571149,Gjivai Zechiël,Central Midfield,20,0.6
Eredivisie,2023,234,Feyenoord Rotterdam,387105,Luka Ivanušec,Attacking Midfield,25,12.0
Eredivisie,2023,234,Feyenoord Rotterdam,683620,Antoni Milambo,Attacking Midfield,19,6.0
Eredivisie,2023,234,Feyenoord Rotterdam,653610,Igor Paixão,Left Winger,24,14.0
Eredivisie,2023,234,Feyenoord Rotterdam,710886,Leo Sauer,Left Winger,18,5.0
Eredivisie,2023,234,Feyenoord Rotterdam,315125,Javairô Dilrosun,Left Winger,26,4.0
Eredivisie,2023,234,Feyenoord Rotterdam,1012534,Yankuba Minteh,Right Winger,19,16.0
Eredivisie,2023,234,Feyenoord Rotterdam,409344,Calvin Stengs,Right Winger,25,15.0
Eredivisie,2023,234,Feyenoord Rotterdam,321195,Ondrej Lingr,Right Winger,25,3.5
Eredivisie,2023,234,Feyenoord Rotterdam,213268,Alireza Jahanbakhsh,Right Winger,30,3.0
Eredivisie,2023,234,Feyenoord Rotterdam,552955,Santiago Gimenez,Centre-Forward,23,40.0
Eredivisie,2023,234,Feyenoord Rotterdam,589128,Ayase Ueda,Centre-Forward,25,8.0
Eredivisie,2023,610,Ajax Amsterdam,448705,Diant Ramaj,Goalkeeper,22,18.0
Eredivisie,2023,610,Ajax Amsterdam,229604,Gerónimo Rulli,Goalkeeper,32,5.0
Eredivisie,2023,610,Ajax Amsterdam,480453,Jay Gorter,Goalkeeper,24,1.5
Eredivisie,2023,610,Ajax Amsterdam,635129,Charlie Setford,Goalkeeper,20,0.6
Eredivisie,2023,610,Ajax Amsterdam,729010,Tom de Graaff,Goalkeeper,19,0.4
Eredivisie,2023,610,Ajax Amsterdam,25520,Remko Pasveer,Goalkeeper,40,0.15
Eredivisie,2023,610,Ajax Amsterdam,371001,Josip Sutalo,Centre-Back,24,15.0
Eredivisie,2023,610,Ajax Amsterdam,662131,Ahmetcan Kaplan,Centre-Back,21,10.0
Eredivisie,2023,610,Ajax Amsterdam,748601,Gastón Ávila,Centre-Back,22,5.0
Eredivisie,2023,610,Ajax Amsterdam,488755,Jakov Medic,Centre-Back,25,2.0
Eredivisie,2023,610,Ajax Amsterdam,904802,Jorrel Hato,Left-Back,18,30.0
Eredivisie,2023,610,Ajax Amsterdam,293194,Borna Sosa,Left-Back,26,7.5
Eredivisie,2023,610,Ajax Amsterdam,339328,Owen Wijndal,Left-Back,24,5.5
Eredivisie,2023,610,Ajax Amsterdam,485584,Anass Salah-Eddine,Left-Back,22,1.2
Eredivisie,2023,610,Ajax Amsterdam,557407,Devyne Rensch,Right-Back,21,10.0
Eredivisie,2023,610,Ajax Amsterdam,356044,Jorge Sánchez,Right-Back,26,3.5
Eredivisie,2023,610,Ajax Amsterdam,701055,Anton Gaaei,Right-Back,21,3.0
Eredivisie,2023,610,Ajax Amsterdam,656800,Tristan Gooijer,Right-Back,19,2.0
Eredivisie,2023,610,Ajax Amsterdam,720791,Olivier Aertssen,Right-Back,19,0.6
Eredivisie,2023,610,Ajax Amsterdam,510310,Sivert Mannsverk,Defensive Midfield,22,6.0
Eredivisie,2023,610,Ajax Amsterdam,738476,Silvano Vos,Defensive Midfield,19,2.5
Eredivisie,2023,610,Ajax Amsterdam,470394,Kenneth Taylor,Central Midfield,22,15.0
Eredivisie,2023,610,Ajax Amsterdam,203938,Branco van den Boomen,Central Midfield,28,6.0
Eredivisie,2023,610,Ajax Amsterdam,787907,Benjamin Tahirović,Central Midfield,21,5.0
Eredivisie,2023,610,Ajax Amsterdam,182932,Davy Klaassen,Central Midfield,31,4.0
Eredivisie,2023,610,Ajax Amsterdam,61651,Jordan Henderson,Central Midfield,34,4.0
Eredivisie,2023,610,Ajax Amsterdam,559333,Kian Fitz-Jim,Central Midfield,20,1.0
Eredivisie,2023,610,Ajax Amsterdam,646699,Julian Brandes,Central Midfield,20,0.4
Eredivisie,2023,610,Ajax Amsterdam,694186,Kristian Hlynsson,Attacking Midfield,20,7.0
Eredivisie,2023,610,Ajax Amsterdam,646698,Gabriel Misehouy,Attacking Midfield,18,1.0
Eredivisie,2023,610,Ajax Amsterdam,284165,Steven Bergwijn,Left Winger,26,18.0
Eredivisie,2023,610,Ajax Amsterdam,748804,Mika Godts,Left Winger,19,4.0
Eredivisie,2023,610,Ajax Amsterdam,706889,Jaydon Banel,Left Winger,19,1.2
Eredivisie,2023,610,Ajax Amsterdam,704773,Amourricho van Axel Dongen,Left Winger,19,0.6
Eredivisie,2023,610,Ajax Amsterdam,738474,David Kalokoh,Left Winger,19,0.3
Eredivisie,2023,610,Ajax Amsterdam,543499,Mohammed Kudus,Right Winger,23,50.0
Eredivisie,2023,610,Ajax Amsterdam,742451,Carlos Forbs,Right Winger,20,8.0
Eredivisie,2023,610,Ajax Amsterdam,129554,Steven Berghuis,Right Winger,32,6.0
Eredivisie,2023,610,Ajax Amsterdam,610429,Christian Rasmussen,Right Winger,21,2.0
Eredivisie,2023,610,Ajax Amsterdam,572519,Ar'jany Martha,Right Winger,20,1.2
Eredivisie,2023,610,Ajax Amsterdam,473169,Brian Brobbey,Centre-Forward,22,35.0
Eredivisie,2023,610,Ajax Amsterdam,729814,Georges Mikautadze,Centre-Forward,23,15.0
Eredivisie,2023,610,Ajax Amsterdam,197642,Chuba Akpom,Centre-Forward,28,12.0
Eredivisie,2023,610,Ajax Amsterdam,720799,Julian Rijkhoff,Centre-Forward,19,1.5
Eredivisie,2023,1090,AZ Alkmaar,128969,Mathew Ryan,Goalkeeper,32,3.5
Eredivisie,2023,1090,AZ Alkmaar,704772,Rome-Jayden Owusu-Oduro,Goalkeeper,19,0.9
Eredivisie,2023,1090,AZ Alkmaar,116471,Hobie Verhulst,Goalkeeper,31,0.4
Eredivisie,2023,1090,AZ Alkmaar,595935,Sem Westerveld,Goalkeeper,21,0.4
Eredivisie,2023,1090,AZ Alkmaar,738514,Tristan Kuijsten,Goalkeeper,19,0.3
Eredivisie,2023,1090,AZ Alkmaar,635371,Daniël Deen,Goalkeeper,21,0.15
Eredivisie,2023,1090,AZ Alkmaar,646707,Wouter Goes,Centre-Back,20,5.0
Eredivisie,2023,1090,AZ Alkmaar,479643,Alexandre Penetra,Centre-Back,22,4.5
Eredivisie,2023,1090,AZ Alkmaar,216443,Riechedly Bazoer,Centre-Back,27,4.0
Eredivisie,2023,1090,AZ Alkmaar,144244,Pantelis Hatzidiakos,Centre-Back,27,2.5
Eredivisie,2023,1090,AZ Alkmaar,112052,Bruno Martins Indi,Centre-Back,32,1.0
Eredivisie,2023,1090,AZ Alkmaar,646704,Maxim Dekker,Centre-Back,20,0.8
Eredivisie,2023,1090,AZ Alkmaar,801031,Lewis Schouten,Centre-Back,20,0.6
Eredivisie,2023,1090,AZ Alkmaar,665541,Finn Stam,Centre-Back,21,0.3
Eredivisie,2023,1090,AZ Alkmaar,661427,David Møller Wolfe,Left-Back,22,4.5
Eredivisie,2023,1090,AZ Alkmaar,315254,Mees de Wit,Left-Back,26,2.5
Eredivisie,2023,1090,AZ Alkmaar,405385,Yukinari Sugawara,Right-Back,24,12.0
Eredivisie,2023,1090,AZ Alkmaar,577394,Denso Kasius,Right-Back,21,2.0
Eredivisie,2023,1090,AZ Alkmaar,726721,Gonçalo Esteves,Right-Back,20,1.3
Eredivisie,2023,1090,AZ Alkmaar,507223,Kristijan Belic,Defensive Midfield,23,5.0
Eredivisie,2023,1090,AZ Alkmaar,104223,Jordy Clasie,Defensive Midfield,33,2.5
Eredivisie,2023,1090,AZ Alkmaar,801029,Enoch Mastoras,Defensive Midfield,18,0.5
Eredivisie,2023,1090,AZ Alkmaar,340459,Dani de Wit,Central Midfield,26,5.0
Eredivisie,2023,1090,AZ Alkmaar,429987,Tiago Dantas,Central Midfield,23,3.0
Eredivisie,2023,1090,AZ Alkmaar,412943,Kenzo Goudmijn,Central Midfield,22,1.8
Eredivisie,2023,1090,AZ Alkmaar,747017,Dave Kwakman,Central Midfield,19,0.7
Eredivisie,2023,1090,AZ Alkmaar,578804,Sven Mijnans,Attacking Midfield,24,6.5
Eredivisie,2023,1090,AZ Alkmaar,345590,Jens Odgaard,Attacking Midfield,25,4.5
Eredivisie,2023,1090,AZ Alkmaar,484756,Djordje Mihailovic,Attacking Midfield,25,3.0
Eredivisie,2023,1090,AZ Alkmaar,859035,Kees Smit,Attacking Midfield,18,0.8
Eredivisie,2023,1090,AZ Alkmaar,367992,Jesper Karlsson,Left Winger,25,8.0
Eredivisie,2023,1090,AZ Alkmaar,735701,Ruben van Bommel,Left Winger,19,5.0
Eredivisie,2023,1090,AZ Alkmaar,650712,Myron van Brederode,Left Winger,20,3.5
Eredivisie,2023,1090,AZ Alkmaar,795274,Mayckel Lahdo,Right Winger,21,3.0
Eredivisie,2023,1090,AZ Alkmaar,543501,Ibrahim Sadiq,Right Winger,24,2.5
Eredivisie,2023,1090,AZ Alkmaar,718303,Ernest Poku,Right Winger,20,1.3
Eredivisie,2023,1090,AZ Alkmaar,747720,Jayden Addai,Right Winger,18,1.0
Eredivisie,2023,1090,AZ Alkmaar,324503,Vangelis Pavlidis,Centre-Forward,25,25.0
Eredivisie,2023,1090,AZ Alkmaar,728864,Lequincio Zeefuik,Centre-Forward,19,1.0
Eredivisie,2023,1090,AZ Alkmaar,678546,Mexx Meerdink,Centre-Forward,20,0.9
Eredivisie,2023,317,FC Twente Enschede,53696,Lars Unnerstall,Goalkeeper,33,3.5
Eredivisie,2023,317,FC Twente Enschede,33210,Przemyslaw Tyton,Goalkeeper,37,0.1
Eredivisie,2023,317,FC Twente Enschede,430475,Issam El Maach,Goalkeeper,24,0.075
Eredivisie,2023,317,FC Twente Enschede,703779,Sam Karssies,Goalkeeper,21,0.075
Eredivisie,2023,317,FC Twente Enschede,562702,Mees Hilgers,Centre-Back,23,7.0
Eredivisie,2023,317,FC Twente Enschede,202788,Robin Pröpper,Centre-Back,30,3.0
Eredivisie,2023,317,FC Twente Enschede,405892,Alec Van Hoorenbeeck,Centre-Back,25,0.9
Eredivisie,2023,317,FC Twente Enschede,618086,Max Bruns,Centre-Back,21,0.8
Eredivisie,2023,317,FC Twente Enschede,895089,Juliën Mesbahi,Centre-Back,18,0.175
Eredivisie,2023,317,FC Twente Enschede,374212,Gijs Smal,Left-Back,26,6.0
Eredivisie,2023,317,FC Twente Enschede,485584,Anass Salah-Eddine,Left-Back,22,1.2
Eredivisie,2023,317,FC Twente Enschede,983677,Mats Rots,Left-Back,18,0.25
Eredivisie,2023,317,FC Twente Enschede,207006,Joshua Brenet,Right-Back,30,3.5
Eredivisie,2023,317,FC Twente Enschede,332530,Alfons Sampsted,Right-Back,26,2.3
Eredivisie,2023,317,FC Twente Enschede,528652,Mathias Kjølø,Defensive Midfield,23,5.0
Eredivisie,2023,317,FC Twente Enschede,559324,Youri Regeer,Defensive Midfield,20,3.5
Eredivisie,2023,317,FC Twente Enschede,321204,Michal Sadílek,Central Midfield,25,8.0
Eredivisie,2023,317,FC Twente Enschede,315128,Carel Eiting,Central Midfield,26,2.3
Eredivisie,2023,317,FC Twente Enschede,704075,Gijs Besselink,Central Midfield,20,0.15
Eredivisie,2023,317,FC Twente Enschede,593519,Sem Steijn,Attacking Midfield,22,10.0
Eredivisie,2023,317,FC Twente Enschede,342702,Michel Vlap,Attacking Midfield,27,3.0
Eredivisie,2023,317,FC Twente Enschede,508639,Naci Ünüvar,Left Winger,21,2.5
Eredivisie,2023,317,FC Twente Enschede,591363,Daan Rots,Right Winger,22,7.0
Eredivisie,2023,317,FC Twente Enschede,866328,Younes Taha,Right Winger,21,1.5
Eredivisie,2023,317,FC Twente Enschede,393239,Mitchell van Bergen,Right Winger,24,0.9
Eredivisie,2023,317,FC Twente Enschede,645173,Manfred Ugalde,Centre-Forward,22,7.5
Eredivisie,2023,317,FC Twente Enschede,412932,Myron Boadu,Centre-Forward,23,5.0
Eredivisie,2023,317,FC Twente Enschede,41355,Ricky van Wolfswinkel,Centre-Forward,35,0.55
Eredivisie,2023,200,FC Utrecht,248658,Vasilios Barkas,Goalkeeper,30,3.0
Eredivisie,2023,200,FC Utrecht,205128,Mattijs Branderhorst,Goalkeeper,30,0.6
Eredivisie,2023,200,FC Utrecht,485588,Calvin Raatsie,Goalkeeper,22,0.4
Eredivisie,2023,200,FC Utrecht,607133,Kevin Gadellaa,Goalkeeper,21,0.2
Eredivisie,2023,200,FC Utrecht,802540,Andreas Dithmer,Goalkeeper,18,0.2
Eredivisie,2023,200,FC Utrecht,315235,Thijmen Nijhuis,Goalkeeper,25,0.15
Eredivisie,2023,200,FC Utrecht,591878,Devin Remie,Goalkeeper,21,0.05
Eredivisie,2023,200,FC Utrecht,586429,Ryan Flamingo,Centre-Back,21,7.0
Eredivisie,2023,200,FC Utrecht,524925,Modibo Sagnan,Centre-Back,25,3.0
Eredivisie,2023,200,FC Utrecht,187105,Mike van der Hoorn,Centre-Back,31,1.2
Eredivisie,2023,200,FC Utrecht,458734,Tommy St. Jago,Centre-Back,24,0.7
Eredivisie,2023,200,FC Utrecht,93081,Nick Viergever,Centre-Back,34,0.45
Eredivisie,2023,200,FC Utrecht,691975,Joshua Mukeh,Centre-Back,21,0.35
Eredivisie,2023,200,FC Utrecht,931018,Wessel Kooy,Centre-Back,19,0.35
Eredivisie,2023,200,FC Utrecht,541134,Souffian El Karouani,Left-Back,23,2.4
Eredivisie,2023,200,FC Utrecht,284177,Tim Handwerker,Left-Back,26,1.0
Eredivisie,2023,200,FC Utrecht,541020,Yannick Leliendal,Left-Back,22,0.5
Eredivisie,2023,200,FC Utrecht,940072,Nazjir Held,Left-Back,18,0.4
Eredivisie,2023,200,FC Utrecht,268113,Sean Klaiber,Right-Back,29,2.5
Eredivisie,2023,200,FC Utrecht,668276,Hugo Novoa,Right-Back,21,2.5
Eredivisie,2023,200,FC Utrecht,258519,Hidde ter Avest,Right-Back,27,1.5
Eredivisie,2023,200,FC Utrecht,613449,Rickson van Hees,Right-Back,22,0.25
Eredivisie,2023,200,FC Utrecht,128042,Mark van der Maarel,Right-Back,34,0.2
Eredivisie,2023,200,FC Utrecht,685657,Silas Andersen,Defensive Midfield,20,0.4
Eredivisie,2023,200,FC Utrecht,406609,Can Bozdogan,Central Midfield,23,4.5
Eredivisie,2023,200,FC Utrecht,610428,Oscar Fraulo,Central Midfield,20,3.0
Eredivisie,2023,200,FC Utrecht,686845,Zidane Iqbal,Central Midfield,21,1.0
Eredivisie,2023,200,FC Utrecht,656796,Ivar Jenner,Central Midfield,20,0.35
Eredivisie,2023,200,FC Utrecht,422932,Niklas Vesterlund,Right Midfield,25,1.2
Eredivisie,2023,200,FC Utrecht,400548,Victor Jensen,Attacking Midfield,24,2.0
Eredivisie,2023,200,FC Utrecht,187809,Mats Seuntjens,Attacking Midfield,32,0.85
Eredivisie,2023,200,FC Utrecht,123349,Zakaria Labyad,Attacking Midfield,31,0.7
Eredivisie,2023,200,FC Utrecht,134999,Jens Toornstra,Attacking Midfield,35,0.45
Eredivisie,2023,200,FC Utrecht,345591,Jeppe Okkels,Left Winger,24,3.0
Eredivisie,2023,200,FC Utrecht,481117,Othmane Boussaid,Left Winger,24,2.3
Eredivisie,2023,200,FC Utrecht,326701,Bart Ramselaar,Left Winger,28,2.0
Eredivisie,2023,200,FC Utrecht,875581,Adrian Blake,Left Winger,18,0.5
Eredivisie,2023,200,FC Utrecht,775994,Lynden Edhart,Left Winger,18,0.3
Eredivisie,2023,200,FC Utrecht,513963,Taylor Booth,Right Winger,23,3.0
Eredivisie,2023,200,FC Utrecht,412959,Marouan Azarkan,Right Winger,22,1.5
Eredivisie,2023,200,FC Utrecht,523318,Anastasios Douvikas,Centre-Forward,24,6.0
Eredivisie,2023,200,FC Utrecht,386914,Sam Lammers,Centre-Forward,27,5.0
Eredivisie,2023,200,FC Utrecht,361070,Ole Romeny,Centre-Forward,24,0.8
Eredivisie,2023,200,FC Utrecht,322073,Isac Lidberg,Centre-Forward,25,0.7
Eredivisie,2023,200,FC Utrecht,565434,Anthony Descotte,Centre-Forward,20,0.5
Eredivisie,2023,200,FC Utrecht,930983,Jesse van de Haar,Centre-Forward,19,0.325
Eredivisie,2023,467,NEC Nijmegen,146227,Jasper Cillessen,Goalkeeper,35,1.3
Eredivisie,2023,467,NEC Nijmegen,646991,Robin Roefs,Goalkeeper,21,0.6
Eredivisie,2023,467,NEC Nijmegen,593163,Rijk Janse,Goalkeeper,22,0.025
Eredivisie,2023,467,NEC Nijmegen,340460,Philippe Sandler,Centre-Back,27,3.0
Eredivisie,2023,467,NEC Nijmegen,545331,Mathias Ross,Centre-Back,23,1.0
Eredivisie,2023,467,NEC Nijmegen,559327,Youri Baas,Centre-Back,21,1.0
Eredivisie,2023,467,NEC Nijmegen,104597,Bram Nuytinck,Centre-Back,34,0.6
Eredivisie,2023,467,NEC Nijmegen,747019,Luc Netten,Centre-Back,20,0.025
Eredivisie,2023,467,NEC Nijmegen,258364,Calvin Verdonk,Left-Back,27,2.5
Eredivisie,2023,467,NEC Nijmegen,547499,Bart van Rooij,Right-Back,23,2.0
Eredivisie,2023,467,NEC Nijmegen,620317,Brayann Pereira,Right-Back,21,0.7
Eredivisie,2023,467,NEC Nijmegen,172779,Sai van Wermeskerken,Right-Back,30,0.4
Eredivisie,2023,467,NEC Nijmegen,625169,D'Leanu Arts,Right-Back,21,0.075
Eredivisie,2023,467,NEC Nijmegen,485587,Dirk Proper,Defensive Midfield,22,6.0
Eredivisie,2023,467,NEC Nijmegen,957544,Kodai Sano,Defensive Midfield,20,4.0
Eredivisie,2023,467,NEC Nijmegen,315233,Mees Hoedemakers,Defensive Midfield,26,2.0
Eredivisie,2023,467,NEC Nijmegen,34784,Lasse Schöne,Defensive Midfield,38,0.175
Eredivisie,2023,467,NEC Nijmegen,694039,Nils Rossen,Defensive Midfield,19,0.075
Eredivisie,2023,467,NEC Nijmegen,489929,Magnus Mattsson,Central Midfield,25,3.5
Eredivisie,2023,467,NEC Nijmegen,750886,Alexis Tibidi,Attacking Midfield,20,1.7
Eredivisie,2023,467,NEC Nijmegen,76326,Tjaronn Chery,Attacking Midfield,36,0.35
Eredivisie,2023,467,NEC Nijmegen,576098,Kas de Wit,Attacking Midfield,20,0.025
Eredivisie,2023,467,NEC Nijmegen,586659,Yvandro Borges Sanches,Left Winger,20,1.0
Eredivisie,2023,467,NEC Nijmegen,930997,Selim Can Sönmez,Left Winger,19,0.05
Eredivisie,2023,467,NEC Nijmegen,485582,Sontje Hansen,Right Winger,22,3.0
Eredivisie,2023,467,NEC Nijmegen,505675,Rober González,Right Winger,23,2.5
Eredivisie,2023,467,NEC Nijmegen,462086,Elayis Tavsan,Right Winger,23,1.0
Eredivisie,2023,467,NEC Nijmegen,432682,Lars Olden Larsen,Second Striker,25,0.6
Eredivisie,2023,467,NEC Nijmegen,351567,Koki Ogawa,Centre-Forward,26,3.0
Eredivisie,2023,467,NEC Nijmegen,404383,Pedro Marques,Centre-Forward,26,0.8
Eredivisie,2023,467,NEC Nijmegen,343184,Sylla Sow,Centre-Forward,27,0.7
Eredivisie,2023,467,NEC Nijmegen,56331,Bas Dost,Centre-Forward,35,0.6
Eredivisie,2023,306,SC Heerenveen,276853,Andries Noppert,Goalkeeper,30,1.5
Eredivisie,2023,306,SC Heerenveen,207048,Mickey van der Hart,Goalkeeper,30,0.5
Eredivisie,2023,306,SC Heerenveen,725816,Bernt Klaverboer,Goalkeeper,18,0.075
Eredivisie,2023,306,SC Heerenveen,312473,Jan Bekkema,Goalkeeper,28,0.05
Eredivisie,2023,306,SC Heerenveen,248395,Pawel Bochniewicz,Centre-Back,28,3.0
Eredivisie,2023,306,SC Heerenveen,256718,Sven van Beek,Centre-Back,29,1.5
Eredivisie,2023,306,SC Heerenveen,485586,Syb van Ottele,Centre-Back,22,0.7
Eredivisie,2023,306,SC Heerenveen,288067,Mats Köhlert,Left-Back,26,2.0
Eredivisie,2023,306,SC Heerenveen,606023,Nathan Tjoe-A-On,Left-Back,22,0.35
Eredivisie,2023,306,SC Heerenveen,869067,Oliver Braude,Right-Back,20,2.0
Eredivisie,2023,306,SC Heerenveen,585325,Hussein Ali,Right-Back,22,0.4
Eredivisie,2023,306,SC Heerenveen,412949,Denzel Hall,Right-Back,23,0.35
Eredivisie,2023,306,SC Heerenveen,178219,Thom Haye,Defensive Midfield,29,3.0
Eredivisie,2023,306,SC Heerenveen,321158,Simon Olsson,Central Midfield,26,3.0
Eredivisie,2023,306,SC Heerenveen,369552,Luuk Brouwers,Central Midfield,26,2.0
Eredivisie,2023,306,SC Heerenveen,308265,Anas Tahiri,Central Midfield,29,0.75
Eredivisie,2023,306,SC Heerenveen,697278,Charlie Webster,Central Midfield,20,0.5
Eredivisie,2023,306,SC Heerenveen,607144,Espen van Ee,Central Midfield,20,0.4
Eredivisie,2023,306,SC Heerenveen,590775,Djenahro Nunumete,Central Midfield,22,0.1
Eredivisie,2023,306,SC Heerenveen,580657,Osame Sahraoui,Left Winger,23,8.5
Eredivisie,2023,306,SC Heerenveen,721470,Patrik Wålemark,Right Winger,22,2.5
Eredivisie,2023,306,SC Heerenveen,615033,Loizos Loizou,Right Winger,20,1.5
Eredivisie,2023,306,SC Heerenveen,326030,Ché Nunnely,Right Winger,25,0.7
Eredivisie,2023,306,SC Heerenveen,262613,Pelle van Amersfoort,Centre-Forward,28,1.5
Eredivisie,2023,306,SC Heerenveen,438310,Ion Nicolaescu,Centre-Forward,25,1.0
Eredivisie,2023,306,SC Heerenveen,661205,Daniel Karlsbakk,Centre-Forward,21,0.9
Eredivisie,2023,468,Sparta Rotterdam,215094,Nick Olij,Goalkeeper,28,4.0
Eredivisie,2023,468,Sparta Rotterdam,159143,Delano van Crooij,Goalkeeper,33,0.225
Eredivisie,2023,468,Sparta Rotterdam,531712,Youri Schoonderwaldt,Goalkeeper,24,0.125
Eredivisie,2023,468,Sparta Rotterdam,810846,Kaylen,Goalkeeper,20,0.05
Eredivisie,2023,468,Sparta Rotterdam,482141,Mike Eerdhuijzen,Centre-Back,23,1.3
Eredivisie,2023,468,Sparta Rotterdam,568377,Tijs Velthuis,Centre-Back,22,0.8
Eredivisie,2023,468,Sparta Rotterdam,596178,Rick Meissen,Centre-Back,22,0.65
Eredivisie,2023,468,Sparta Rotterdam,129991,Bart Vriends,Centre-Back,33,0.4
Eredivisie,2023,468,Sparta Rotterdam,288449,Django Warmerdam,Left-Back,28,0.65
Eredivisie,2023,468,Sparta Rotterdam,524687,Saïd Bakari,Right-Back,29,0.8
Eredivisie,2023,468,Sparta Rotterdam,466797,Sergi Rosanas,Right-Back,23,0.05
Eredivisie,2023,468,Sparta Rotterdam,639368,Dylan van Wageningen,Right-Back,21,0.05
Eredivisie,2023,468,Sparta Rotterdam,432694,Joshua Kitolano,Defensive Midfield,22,4.5
Eredivisie,2023,468,Sparta Rotterdam,424330,Jeremy van Mullem,Defensive Midfield,25,0.3
Eredivisie,2023,468,Sparta Rotterdam,859396,Metinho,Central Midfield,21,3.5
Eredivisie,2023,468,Sparta Rotterdam,596148,Djevencio van der Kust,Central Midfield,23,1.2
Eredivisie,2023,468,Sparta Rotterdam,31067,Jonathan de Guzmán,Central Midfield,36,0.25
Eredivisie,2023,468,Sparta Rotterdam,699771,Pedro Alemañ,Central Midfield,22,0.15
Eredivisie,2023,468,Sparta Rotterdam,928612,Hamza el Dahri,Central Midfield,19,0.1
Eredivisie,2023,468,Sparta Rotterdam,250591,Arno Verschueren,Attacking Midfield,27,2.7
Eredivisie,2023,468,Sparta Rotterdam,312493,Vito van Crooij,Attacking Midfield,28,1.5
Eredivisie,2023,468,Sparta Rotterdam,566013,Shunsuke Mito,Attacking Midfield,21,0.8
Eredivisie,2023,468,Sparta Rotterdam,501743,Koki Saito,Left Winger,22,4.0
Eredivisie,2023,468,Sparta Rotterdam,297693,Pelle Clement,Left Winger,28,0.9
Eredivisie,2023,468,Sparta Rotterdam,860812,Agustín Anello,Left Winger,22,0.45
Eredivisie,2023,468,Sparta Rotterdam,806284,Rayvien Rosario,Left Winger,20,0.075
Eredivisie,2023,468,Sparta Rotterdam,587588,Camiel Neghli,Right Winger,22,0.8
Eredivisie,2023,468,Sparta Rotterdam,272206,Tobias Lauritsen,Centre-Forward,26,5.0
Eredivisie,2023,468,Sparta Rotterdam,595028,Charles-Andreas Brym,Centre-Forward,25,0.55
Eredivisie,2023,385,Fortuna Sittard,371013,Ivor Pandur,Goalkeeper,24,2.0
Eredivisie,2023,385,Fortuna Sittard,288259,Michael Verrips,Goalkeeper,27,0.65
Eredivisie,2023,385,Fortuna Sittard,235108,Luuk Koopmans,Goalkeeper,30,0.225
Eredivisie,2023,385,Fortuna Sittard,687560,Tom Hendriks,Goalkeeper,22,0.05
Eredivisie,2023,385,Fortuna Sittard,492313,Rodrigo Guth,Centre-Back,23,2.5
Eredivisie,2023,385,Fortuna Sittard,371002,Stipe Radic,Centre-Back,24,0.8
Eredivisie,2023,385,Fortuna Sittard,460845,Siemen Voet,Centre-Back,24,0.4
Eredivisie,2023,385,Fortuna Sittard,52403,Dimitrios Siovas,Centre-Back,35,0.35
Eredivisie,2023,385,Fortuna Sittard,187245,Mitchell Dijks,Left-Back,31,0.85
Eredivisie,2023,385,Fortuna Sittard,805835,Rémy Vita,Left-Back,23,0.5
Eredivisie,2023,385,Fortuna Sittard,82281,Ivo Pinto,Right-Back,34,0.45
Eredivisie,2023,385,Fortuna Sittard,451576,Nathan Markelo,Right-Back,25,0.25
Eredivisie,2023,385,Fortuna Sittard,586855,Loreintz Rosier,Defensive Midfield,25,0.9
Eredivisie,2023,385,Fortuna Sittard,644613,Sadik Fofana,Defensive Midfield,21,0.5
Eredivisie,2023,385,Fortuna Sittard,432852,Deroy Duarte,Central Midfield,24,1.0
Eredivisie,2023,385,Fortuna Sittard,357917,Justin Lonwijk,Central Midfield,24,1.0
Eredivisie,2023,385,Fortuna Sittard,77966,Oğuzhan Özyakup,Central Midfield,31,0.6
Eredivisie,2023,385,Fortuna Sittard,226074,Alen Halilovic,Attacking Midfield,28,1.3
Eredivisie,2023,385,Fortuna Sittard,247380,Arianit Ferati,Attacking Midfield,26,0.65
Eredivisie,2023,385,Fortuna Sittard,457736,Tijjani Noslin,Left Winger,24,10.0
Eredivisie,2023,385,Fortuna Sittard,251848,Iñigo Córdoba,Left Winger,27,1.5
Eredivisie,2023,385,Fortuna Sittard,470391,Jayden Braaf,Left Winger,21,0.8
Eredivisie,2023,385,Fortuna Sittard,186704,Kristoffer Peterson,Left Winger,29,0.6
Eredivisie,2023,385,Fortuna Sittard,410854,Ragnar Oratmangoen,Left Winger,26,0.45
Eredivisie,2023,385,Fortuna Sittard,409886,Úmaro Embaló,Right Winger,23,1.0
Eredivisie,2023,385,Fortuna Sittard,515396,Iman Griffith,Right Winger,22,0.4
Eredivisie,2023,385,Fortuna Sittard,913022,Milan Robberechts,Right Winger,20,0.35
Eredivisie,2023,385,Fortuna Sittard,594240,Tunahan Taşçı,Right Winger,22,0.3
Eredivisie,2023,385,Fortuna Sittard,315283,Kaj Sierhuis,Centre-Forward,26,1.8
Eredivisie,2023,385,Fortuna Sittard,698548,Marko Lazetić,Centre-Forward,20,1.5
Eredivisie,2023,385,Fortuna Sittard,337670,Alessio Da Cruz,Centre-Forward,27,0.7
Eredivisie,2023,385,Fortuna Sittard,394127,Mouhamed Belkheir,Centre-Forward,25,0.35
Eredivisie,2023,385,Fortuna Sittard,180843,Paul Gladon,Centre-Forward,32,0.3
Eredivisie,2023,499,Vitesse Arnhem,79294,Eloy Room,Goalkeeper,35,0.3
Eredivisie,2023,499,Vitesse Arnhem,296741,Markus Schubert,Goalkeeper,26,0.3
Eredivisie,2023,499,Vitesse Arnhem,412946,Daan Reiziger,Goalkeeper,23,0.15
Eredivisie,2023,499,Vitesse Arnhem,738480,Tom Bramel,Goalkeeper,18,0.025
Eredivisie,2023,499,Vitesse Arnhem,436064,Ramon Hendriks,Centre-Back,22,0.8
Eredivisie,2023,499,Vitesse Arnhem,353559,Dominik Oroz,Centre-Back,23,0.4
Eredivisie,2023,499,Vitesse Arnhem,147846,Nicolas Isimat-Mirin,Centre-Back,32,0.325
Eredivisie,2023,499,Vitesse Arnhem,805149,Giovanni van Zwam,Centre-Back,20,0.1
Eredivisie,2023,499,Vitesse Arnhem,196793,Maximilian Wittek,Left-Back,28,2.0
Eredivisie,2023,499,Vitesse Arnhem,177866,Mica Pinto,Left-Back,31,0.7
Eredivisie,2023,499,Vitesse Arnhem,371686,Carlens Arcus,Right-Back,28,0.7
Eredivisie,2023,499,Vitesse Arnhem,536521,Romaric Yapi,Right-Back,23,0.3
Eredivisie,2023,499,Vitesse Arnhem,1030525,Mats Egbring,Right-Back,17,0.075
Eredivisie,2023,499,Vitesse Arnhem,607173,Jordi Altena,Right-Back,20,0.05
Eredivisie,2023,499,Vitesse Arnhem,607164,Enzo Cornelisse,Defensive Midfield,22,0.375
Eredivisie,2023,499,Vitesse Arnhem,426280,Melle Meulensteen,Central Midfield,24,0.9
Eredivisie,2023,499,Vitesse Arnhem,608889,Mathijs Tielemans,Central Midfield,22,0.8
Eredivisie,2023,499,Vitesse Arnhem,147034,Marco van Ginkel,Central Midfield,31,0.75
Eredivisie,2023,499,Vitesse Arnhem,344649,Toni Domgjoni,Central Midfield,25,0.45
Eredivisie,2023,499,Vitesse Arnhem,564448,Daan Huisman,Central Midfield,21,0.35
Eredivisie,2023,499,Vitesse Arnhem,79027,Davy Pröpper,Central Midfield,32,0.3
Eredivisie,2023,499,Vitesse Arnhem,554284,Kacper Kozłowski,Attacking Midfield,20,5.0
Eredivisie,2023,499,Vitesse Arnhem,795738,Paxten Aaronson,Attacking Midfield,20,4.5
Eredivisie,2023,499,Vitesse Arnhem,651977,Amine Boutrah,Left Winger,23,0.6
Eredivisie,2023,499,Vitesse Arnhem,747243,Gyan de Regt,Left Winger,20,0.4
Eredivisie,2023,499,Vitesse Arnhem,564449,Million Manhoef,Right Winger,22,3.5
Eredivisie,2023,499,Vitesse Arnhem,723835,Adrian Mazilu,Right Winger,18,2.5
Eredivisie,2023,499,Vitesse Arnhem,917911,Anis Hadj Moussa,Right Winger,22,2.0
Eredivisie,2023,499,Vitesse Arnhem,723008,Miliano Jonathans,Right Winger,20,0.35
Eredivisie,2023,499,Vitesse Arnhem,678546,Mexx Meerdink,Centre-Forward,20,0.9
Eredivisie,2023,499,Vitesse Arnhem,652996,Said Hamulic,Centre-Forward,23,0.8
Eredivisie,2023,499,Vitesse Arnhem,357826,Thomas Buitink,Centre-Forward,24,0.6
Eredivisie,2023,499,Vitesse Arnhem,647534,Joel Voelkerling Persson,Centre-Forward,21,0.4
Eredivisie,2023,499,Vitesse Arnhem,594039,Fodé Fofana,Centre-Forward,21,0.35
Eredivisie,2023,499,Vitesse Arnhem,1096365,Andy Visser,Centre-Forward,19,0.15
Eredivisie,2023,499,Vitesse Arnhem,602597,Simon van Duivenbooden,Centre-Forward,22,0.15
Eredivisie,2023,798,Excelsior Rotterdam,301696,Stijn van Gassel,Goalkeeper,27,0.8
Eredivisie,2023,798,Excelsior Rotterdam,278938,Norbert Alblas,Goalkeeper,29,0.15
Eredivisie,2023,798,Excelsior Rotterdam,796490,Pascal Kuiper,Goalkeeper,20,0.075
Eredivisie,2023,798,Excelsior Rotterdam,314915,Siebe Horemans,Centre-Back,26,1.2
Eredivisie,2023,798,Excelsior Rotterdam,480730,Redouan El Yaakoubi,Centre-Back,28,0.85
Eredivisie,2023,798,Excelsior Rotterdam,361207,Kik Pierie,Centre-Back,23,0.8
Eredivisie,2023,798,Excelsior Rotterdam,605395,Casper Widell,Centre-Back,21,0.7
Eredivisie,2023,798,Excelsior Rotterdam,618038,Serano Seymor,Centre-Back,22,0.35
Eredivisie,2023,798,Excelsior Rotterdam,187291,Sven Nieuwpoort,Centre-Back,31,0.275
Eredivisie,2023,798,Excelsior Rotterdam,361083,Ian Smeulers,Left-Back,24,0.25
Eredivisie,2023,798,Excelsior Rotterdam,591880,Mimeirhel Benita,Right-Back,20,0.85
Eredivisie,2023,798,Excelsior Rotterdam,412943,Kenzo Goudmijn,Central Midfield,22,1.8
Eredivisie,2023,798,Excelsior Rotterdam,616340,Julian Baas,Central Midfield,22,1.3
Eredivisie,2023,798,Excelsior Rotterdam,559333,Kian Fitz-Jim,Central Midfield,20,1.0
Eredivisie,2023,798,Excelsior Rotterdam,595238,Lennard Hartjes,Central Midfield,21,0.5
Eredivisie,2023,798,Excelsior Rotterdam,379979,Adrian Fein,Central Midfield,25,0.225
Eredivisie,2023,798,Excelsior Rotterdam,182573,Yassin Ayoub,Central Midfield,30,0.2
Eredivisie,2023,798,Excelsior Rotterdam,536477,Arthur Zagré,Left Midfield,22,1.3
Eredivisie,2023,798,Excelsior Rotterdam,632088,Cisse Sandra,Attacking Midfield,20,0.8
Eredivisie,2023,798,Excelsior Rotterdam,378316,Lance Duijvestijn,Attacking Midfield,25,0.7
Eredivisie,2023,798,Excelsior Rotterdam,578544,Noah Naujoks,Attacking Midfield,22,0.45
Eredivisie,2023,798,Excelsior Rotterdam,593837,Couhaib Driouech,Left Winger,22,4.0
Eredivisie,2023,798,Excelsior Rotterdam,292356,Lazaros Labrou,Left Winger,26,0.75
Eredivisie,2023,798,Excelsior Rotterdam,553217,Jacky Donkor,Left Winger,25,0.225
Eredivisie,2023,798,Excelsior Rotterdam,585334,Oscar Uddenäs,Right Winger,21,0.65
Eredivisie,2023,798,Excelsior Rotterdam,608407,Derensili Sanches Fernandes,Right Winger,23,0.45
Eredivisie,2023,798,Excelsior Rotterdam,552655,Troy Parrott,Centre-Forward,22,4.5
Eredivisie,2023,798,Excelsior Rotterdam,477274,Nikolas Agrafiotis,Centre-Forward,24,0.6
Eredivisie,2023,798,Excelsior Rotterdam,764863,Richie Omorowa,Centre-Forward,20,0.4
Eredivisie,2023,798,Excelsior Rotterdam,183397,Mike van Duinen,Centre-Forward,32,0.2
Eredivisie,2023,798,Excelsior Rotterdam,808646,Raphaël Eyongo,Centre-Forward,21,0.075
Eredivisie,2023,1435,Go Ahead Eagles,315253,Jeffrey de Lange,Goalkeeper,26,3.0
Eredivisie,2023,1435,Go Ahead Eagles,56631,Erwin Mulder,Goalkeeper,35,0.15
Eredivisie,2023,1435,Go Ahead Eagles,690624,Sven Jansen,Goalkeeper,19,0.05
Eredivisie,2023,1435,Go Ahead Eagles,783017,Nando Verdoni,Goalkeeper,20,0.025
Eredivisie,2023,1435,Go Ahead Eagles,326329,Joris Kramer,Centre-Back,27,1.2
Eredivisie,2023,1435,Go Ahead Eagles,289651,Jamal Amofa,Centre-Back,25,0.75
Eredivisie,2023,1435,Go Ahead Eagles,85904,Gerrit Nauber,Centre-Back,32,0.45
Eredivisie,2023,1435,Go Ahead Eagles,624698,Pim Saathof,Centre-Back,20,0.1
Eredivisie,2023,1435,Go Ahead Eagles,187188,Bas Kuipers,Left-Back,29,1.3
Eredivisie,2023,1435,Go Ahead Eagles,529223,Dean James,Left-Back,24,0.25
Eredivisie,2023,1435,Go Ahead Eagles,451673,Aventis Aventisyan,Left-Back,21,0.05
Eredivisie,2023,1435,Go Ahead Eagles,369554,Mats Deijl,Right-Back,26,1.2
Eredivisie,2023,1435,Go Ahead Eagles,588744,Luca Everink,Right-Back,23,0.3
Eredivisie,2023,1435,Go Ahead Eagles,361112,Evert Linthorst,Defensive Midfield,24,1.2
Eredivisie,2023,1435,Go Ahead Eagles,412945,Enric Llansana,Defensive Midfield,23,0.7
Eredivisie,2023,1435,Go Ahead Eagles,496873,Xander Blomme,Defensive Midfield,22,0.55
Eredivisie,2023,1435,Go Ahead Eagles,340791,Philippe Rommens,Central Midfield,26,3.5
Eredivisie,2023,1435,Go Ahead Eagles,455127,Willum Thór Willumsson,Attacking Midfield,25,3.0
Eredivisie,2023,1435,Go Ahead Eagles,657957,Jakob Breum,Attacking Midfield,20,1.0
Eredivisie,2023,1435,Go Ahead Eagles,265324,Victor Edvardsen,Attacking Midfield,28,0.8
Eredivisie,2023,1435,Go Ahead Eagles,374326,Oliver Edvardsen,Left Winger,25,2.3
Eredivisie,2023,1435,Go Ahead Eagles,486043,Thibo Baeten,Left Winger,22,0.6
Eredivisie,2023,1435,Go Ahead Eagles,315130,Rashaan Fernandes,Left Winger,25,0.25
Eredivisie,2023,1435,Go Ahead Eagles,834768,Darío Serra,Left Winger,21,0.1
Eredivisie,2023,1435,Go Ahead Eagles,541601,Søren Tengstedt,Right Winger,24,0.9
Eredivisie,2023,1435,Go Ahead Eagles,331514,Bobby Adekanye,Right Winger,25,0.9
Eredivisie,2023,1435,Go Ahead Eagles,343184,Sylla Sow,Centre-Forward,27,0.7
Eredivisie,2023,1435,Go Ahead Eagles,241486,Finn Stokkers,Centre-Forward,28,0.45
Eredivisie,2023,1269,PEC Zwolle,361082,Jasper Schendelaar,Goalkeeper,23,1.3
Eredivisie,2023,1269,PEC Zwolle,297373,Mike Hauptmeijer,Goalkeeper,27,0.075
Eredivisie,2023,1269,PEC Zwolle,30290,Kenneth Vermeer,Goalkeeper,38,0.05
Eredivisie,2023,1269,PEC Zwolle,933570,Duke Verduin,Goalkeeper,20,0.025
Eredivisie,2023,1269,PEC Zwolle,631904,Anselmo García MacNulty,Centre-Back,21,1.0
Eredivisie,2023,1269,PEC Zwolle,430797,Sam Kersten,Centre-Back,26,0.8
Eredivisie,2023,1269,PEC Zwolle,131821,Thomas Lam,Centre-Back,30,0.7
Eredivisie,2023,1269,PEC Zwolle,309393,Lennart Czyborra,Left-Back,25,0.7
Eredivisie,2023,1269,PEC Zwolle,640558,Damian van der Haar,Left-Back,20,0.2
Eredivisie,2023,1269,PEC Zwolle,57328,Bart van Hintum,Left-Back,37,0.1
Eredivisie,2023,1269,PEC Zwolle,538057,Eliano Reijnders,Right-Back,23,0.65
Eredivisie,2023,1269,PEC Zwolle,611816,Daijiro Chirino,Right-Back,22,0.4
Eredivisie,2023,1269,PEC Zwolle,443746,Luis Görlich,Right-Back,24,0.3
Eredivisie,2023,1269,PEC Zwolle,41583,Bram van Polen,Right-Back,38,0.1
Eredivisie,2023,1269,PEC Zwolle,361066,Davy van den Berg,Defensive Midfield,24,1.5
Eredivisie,2023,1269,PEC Zwolle,203357,Ryan Thomas,Defensive Midfield,29,0.9
Eredivisie,2023,1269,PEC Zwolle,806384,Nick Fichtinger,Defensive Midfield,20,0.35
Eredivisie,2023,1269,PEC Zwolle,595940,Zico Buurmeester,Central Midfield,22,0.7
Eredivisie,2023,1269,PEC Zwolle,593774,Anouar El Azzouzi,Central Midfield,23,0.65
Eredivisie,2023,1269,PEC Zwolle,530258,Dean Huiberts,Central Midfield,24,0.5
Eredivisie,2023,1269,PEC Zwolle,486814,Filip Krastev,Attacking Midfield,22,3.0
Eredivisie,2023,1269,PEC Zwolle,360520,Odysseus Velanas,Attacking Midfield,26,0.75
Eredivisie,2023,1269,PEC Zwolle,447216,Anthony Fontana,Attacking Midfield,24,0.35
Eredivisie,2023,1269,PEC Zwolle,648887,Divaio Bobson,Attacking Midfield,20,0.2
Eredivisie,2023,1269,PEC Zwolle,564620,Samir Lagsir,Attacking Midfield,21,0.2
Eredivisie,2023,1269,PEC Zwolle,668183,Nico Serrano,Left Winger,21,1.4
Eredivisie,2023,1269,PEC Zwolle,540927,Kaj de Rooij,Left Winger,23,0.35
Eredivisie,2023,1269,PEC Zwolle,227039,Younes Namli,Right Winger,30,1.6
Eredivisie,2023,1269,PEC Zwolle,386164,Silvester van der Water,Right Winger,27,0.45
Eredivisie,2023,1269,PEC Zwolle,360519,Ferdy Druijf,Centre-Forward,26,1.0
Eredivisie,2023,1269,PEC Zwolle,23553,Lennart Thy,Centre-Forward,32,0.6
Eredivisie,2023,1269,PEC Zwolle,124495,Apostolos Vellios,Centre-Forward,32,0.275
Eredivisie,2023,723,Almere City FC,534015,Nordin Bakker,Goalkeeper,26,0.8
Eredivisie,2023,723,Almere City FC,77563,Samuel Sahin-Radlinger,Goalkeeper,31,0.4
Eredivisie,2023,723,Almere City FC,458417,Stijn Keller,Goalkeeper,24,0.075
Eredivisie,2023,723,Almere City FC,463610,Loïc Mbe Soh,Centre-Back,23,1.5
Eredivisie,2023,723,Almere City FC,361124,Joey Jacobs,Centre-Back,24,0.65
Eredivisie,2023,723,Almere City FC,241420,Damian van Bruggen,Centre-Back,28,0.65
Eredivisie,2023,723,Almere City FC,484987,Théo Barbet,Centre-Back,23,0.55
Eredivisie,2023,723,Almere City FC,477249,Christopher Mamengi,Centre-Back,23,0.35
Eredivisie,2023,723,Almere City FC,315211,Sherel Floranus,Left-Back,25,0.7
Eredivisie,2023,723,Almere City FC,351216,Manel Royo,Left-Back,30,0.35
Eredivisie,2023,723,Almere City FC,480457,Thomas Poll,Left-Back,22,0.325
Eredivisie,2023,723,Almere City FC,738478,Jason van Duiven,Right-Back,19,1.0
Eredivisie,2023,723,Almere City FC,590773,Hamdi Akujobi,Right-Back,24,0.55
Eredivisie,2023,723,Almere City FC,361074,Peer Koopmeiners,Defensive Midfield,24,1.8
Eredivisie,2023,723,Almere City FC,793099,Stije Resink,Defensive Midfield,21,1.0
Eredivisie,2023,723,Almere City FC,90343,Danny Post,Defensive Midfield,35,0.075
Eredivisie,2023,723,Almere City FC,156887,Álvaro Peña,Central Midfield,32,0.4
Eredivisie,2023,723,Almere City FC,706896,Marcelencio Esajas,Central Midfield,22,0.15
Eredivisie,2023,723,Almere City FC,865281,Jochem Ritmeester van de Kamp,Attacking Midfield,20,0.9
Eredivisie,2023,723,Almere City FC,378316,Lance Duijvestijn,Attacking Midfield,25,0.7
Eredivisie,2023,723,Almere City FC,332875,Adi Nalic,Attacking Midfield,26,0.55
Eredivisie,2023,723,Almere City FC,547354,Pascu,Attacking Midfield,24,0.25
Eredivisie,2023,723,Almere City FC,338632,Milan Corryn,Attacking Midfield,25,0.2
Eredivisie,2023,723,Almere City FC,782476,Yoann Cathline,Left Winger,21,2.0
Eredivisie,2023,723,Almere City FC,140803,Anthony Limbombe,Left Winger,29,0.7
Eredivisie,2023,723,Almere City FC,432698,Kornelius Normann,Left Winger,23,0.6
Eredivisie,2023,723,Almere City FC,730573,Faiz Mattoir,Left Winger,23,0.3
Eredivisie,2023,723,Almere City FC,361071,Bradly van Hoeven,Left Winger,24,0.275
Eredivisie,2023,723,Almere City FC,77001,Rajiv van La Parra,Left Winger,33,0.25
Eredivisie,2023,723,Almere City FC,667263,Jeffry Puriel,Left Winger,21,0.05
Eredivisie,2023,723,Almere City FC,290615,Thomas Robinet,Centre-Forward,27,0.8
Eredivisie,2023,723,Almere City FC,395677,Yann Kitala,Centre-Forward,26,0.7
Eredivisie,2023,1304,Heracles Almelo,231650,Michael Brouwer,Goalkeeper,31,0.7
Eredivisie,2023,1304,Heracles Almelo,462285,Fabian de Keijzer,Goalkeeper,24,0.5
Eredivisie,2023,1304,Heracles Almelo,463526,Robin Jalving,Goalkeeper,24,0.05
Eredivisie,2023,1304,Heracles Almelo,703778,Timo Jansink,Goalkeeper,21,0.025
Eredivisie,2023,1304,Heracles Almelo,411287,Justin Hoogma,Centre-Back,26,0.9
Eredivisie,2023,1304,Heracles Almelo,936571,Stijn Bultman,Centre-Back,19,0.65
Eredivisie,2023,1304,Heracles Almelo,339151,Sven Sonnenberg,Centre-Back,25,0.45
Eredivisie,2023,1304,Heracles Almelo,464906,Sava-Arangel Cestic,Centre-Back,23,0.4
Eredivisie,2023,1304,Heracles Almelo,146258,Jetro Willems,Centre-Back,30,0.4
Eredivisie,2023,1304,Heracles Almelo,539665,Fredrik Oppegård,Left-Back,21,0.6
Eredivisie,2023,1304,Heracles Almelo,538963,Ruben Roosken,Left-Back,24,0.45
Eredivisie,2023,1304,Heracles Almelo,703775,Chiel Olde Keizer,Left-Back,21,0.05
Eredivisie,2023,1304,Heracles Almelo,447801,Jannes Wieckhoff,Right-Back,23,0.45
Eredivisie,2023,1304,Heracles Almelo,339330,Navajo Bakboord,Right-Back,25,0.45
Eredivisie,2023,1304,Heracles Almelo,92936,Kelvin Leerdam,Right-Back,34,0.225
Eredivisie,2023,1304,Heracles Almelo,150663,Sylian Mokono,Right-Back,25,0.15
Eredivisie,2023,1304,Heracles Almelo,429916,Brian De Keersmaecker,Defensive Midfield,24,0.9
Eredivisie,2023,1304,Heracles Almelo,618083,Sem Scheperman,Defensive Midfield,22,0.3
Eredivisie,2023,1304,Heracles Almelo,59594,Marko Vejinović,Defensive Midfield,34,0.275
Eredivisie,2023,1304,Heracles Almelo,265625,Ajdin Hrustic,Central Midfield,27,0.6
Eredivisie,2023,1304,Heracles Almelo,391555,Melih İbrahimoğlu,Central Midfield,23,0.325
Eredivisie,2023,1304,Heracles Almelo,240889,Anas Ouahim,Attacking Midfield,26,0.5
Eredivisie,2023,1304,Heracles Almelo,241378,Jordy Bruijn,Attacking Midfield,27,0.45
Eredivisie,2023,1304,Heracles Almelo,172202,Thomas Bruns,Attacking Midfield,32,0.35
Eredivisie,2023,1304,Heracles Almelo,276002,Emil Hansson,Left Winger,26,1.5
Eredivisie,2023,1304,Heracles Almelo,93637,Mario Engels,Left Winger,30,0.45
Eredivisie,2023,1304,Heracles Almelo,455662,Abdenego Nankishi,Left Winger,21,0.45
Eredivisie,2023,1304,Heracles Almelo,290555,Nikolai Laursen,Right Winger,26,0.9
Eredivisie,2023,1304,Heracles Almelo,502288,Bryan Limbombe,Right Winger,23,0.6
Eredivisie,2023,1304,Heracles Almelo,618102,Lasse Wehmeyer,Right Winger,21,0.2
Eredivisie,2023,1304,Heracles Almelo,185817,Jizz Hornkamp,Centre-Forward,26,1.0
Eredivisie,2023,1304,Heracles Almelo,572919,Mohamed Sankoh,Centre-Forward,20,0.7
Eredivisie,2023,1304,Heracles Almelo,679414,Antonio Satriano,Centre-Forward,20,0.225
Eredivisie,2023,1304,Heracles Almelo,989998,Diego van Oorschot,Centre-Forward,18,0.125
Eredivisie,2023,724,FC Volendam,620295,Mio Backhaus,Goalkeeper,20,1.0
Eredivisie,2023,724,FC Volendam,434861,Barry Lauwers,Goalkeeper,24,0.15
Eredivisie,2023,724,FC Volendam,790669,Kayne van Oevelen,Goalkeeper,20,0.05
Eredivisie,2023,724,FC Volendam,640432,Xavier Mbuyamba,Centre-Back,22,1.0
Eredivisie,2023,724,FC Volendam,257986,Damon Mirani,Centre-Back,28,0.55
Eredivisie,2023,724,FC Volendam,387199,Benaissa Benamar,Centre-Back,27,0.55
Eredivisie,2023,724,FC Volendam,474838,Brian Plat,Centre-Back,24,0.5
Eredivisie,2023,724,FC Volendam,925584,Axel Guessand,Centre-Back,19,0.5
Eredivisie,2023,724,FC Volendam,638666,Josh Flint,Centre-Back,23,0.45
Eredivisie,2023,724,FC Volendam,1008564,Billy van Duijl,Centre-Back,18,0.1
Eredivisie,2023,724,FC Volendam,457341,Derry Murkin,Left-Back,24,1.8
Eredivisie,2023,724,FC Volendam,359692,George Cox,Left-Back,26,0.65
Eredivisie,2023,724,FC Volendam,293283,Oskar Buur,Right-Back,26,0.4
Eredivisie,2023,724,FC Volendam,790411,Déron Payne,Right-Back,21,0.275
Eredivisie,2023,724,FC Volendam,1094229,Francisco Reyes Marizan,Right-Back,18,0.075
Eredivisie,2023,724,FC Volendam,612758,Calvin Twigt,Defensive Midfield,21,0.65
Eredivisie,2023,724,FC Volendam,467616,Luke Le Roux,Central Midfield,24,0.6
Eredivisie,2023,724,FC Volendam,765468,Milan de Haan,Central Midfield,20,0.45
Eredivisie,2023,724,FC Volendam,929347,Imran Nazih,Central Midfield,18,0.15
Eredivisie,2023,724,FC Volendam,702856,Joey Antonioli,Central Midfield,20,0.1
Eredivisie,2023,724,FC Volendam,891836,Bram van Driel,Central Midfield,19,0.075
Eredivisie,2023,724,FC Volendam,790482,Flip Klomp,Central Midfield,22,0.075
Eredivisie,2023,724,FC Volendam,1055234,Mika van der Horst,Central Midfield,19,0.025
Eredivisie,2023,724,FC Volendam,250030,Robin Maulun,Attacking Midfield,27,0.45
Eredivisie,2023,724,FC Volendam,1046796,Diego Gustavo,Attacking Midfield,20,0.025
Eredivisie,2023,724,FC Volendam,967948,Garang Kuol,Left Winger,19,0.6
Eredivisie,2023,724,FC Volendam,746838,Zach Booth,Left Winger,20,0.5
Eredivisie,2023,724,FC Volendam,672100,Darius Johnson,Left Winger,24,0.275
Eredivisie,2023,724,FC Volendam,516761,Achraf Douiri,Left Winger,24,0.2
Eredivisie,2023,724,FC Volendam,508642,Ibrahim El Kadiri,Left Winger,22,0.15
Eredivisie,2023,724,FC Volendam,241324,Bilal Ould-Chikh,Right Winger,26,0.6
Eredivisie,2023,724,FC Volendam,177821,Daryl van Mieghem,Right Winger,34,0.4
Eredivisie,2023,724,FC Volendam,804776,Safouane Karim,Right Winger,19,0.1
Eredivisie,2023,724,FC Volendam,929359,Ezechiel Fiemawhle,Right Winger,19,0.025
Eredivisie,2023,724,FC Volendam,728864,Lequincio Zeefuik,Centre-Forward,19,1.0
Eredivisie,2023,724,FC Volendam,1014243,Vivaldo Semedo,Centre-Forward,19,0.5
Eredivisie,2023,724,FC Volendam,186763,Robert Mühren,Centre-Forward,35,0.3
Eredivisie,2023,724,FC Volendam,702834,Quincy Hoeve,Centre-Forward,21,0.125
Eredivisie,2023,724,FC Volendam,727531,Koen Blommestijn,Centre-Forward,24,0.1
Eredivisie,2023,235,RKC Waalwijk,387197,Etienne Vaessen,Goalkeeper,28,1.5
Eredivisie,2023,235,RKC Waalwijk,257980,Jeroen Houwen,Goalkeeper,28,0.25
Eredivisie,2023,235,RKC Waalwijk,383705,Mark Spenkelink,Goalkeeper,27,0.125
Eredivisie,2023,235,RKC Waalwijk,471691,Joey Kesting,Goalkeeper,23,0.05
Eredivisie,2023,235,RKC Waalwijk,358021,Shawn Adewoye,Centre-Back,24,1.3
Eredivisie,2023,235,RKC Waalwijk,235274,Dario Van den Buijs,Centre-Back,28,0.75
Eredivisie,2023,235,RKC Waalwijk,328455,Juriën Gaari,Centre-Back,30,0.45
Eredivisie,2023,235,RKC Waalwijk,451297,Luuk Wouters,Centre-Back,25,0.3
Eredivisie,2023,235,RKC Waalwijk,88721,Jeffrey Bruma,Centre-Back,32,0.25
Eredivisie,2023,235,RKC Waalwijk,416802,Thierry Lutonda,Left-Back,23,0.4
Eredivisie,2023,235,RKC Waalwijk,56836,Aaron Meijers,Left-Back,36,0.15
Eredivisie,2023,235,RKC Waalwijk,337673,Julian Lelieveld,Right-Back,26,0.85
Eredivisie,2023,235,RKC Waalwijk,247633,Raz Meir,Right-Back,27,0.275
Eredivisie,2023,235,RKC Waalwijk,393241,Godfried Roemeratoe,Defensive Midfield,24,0.65
Eredivisie,2023,235,RKC Waalwijk,433933,Kevin Felida,Defensive Midfield,24,0.3
Eredivisie,2023,235,RKC Waalwijk,566911,Yassin Oukili,Central Midfield,23,1.7
Eredivisie,2023,235,RKC Waalwijk,433805,Patrick Vroegh,Central Midfield,24,0.225
Eredivisie,2023,235,RKC Waalwijk,808578,Daouda Weidmann,Central Midfield,21,0.175
Eredivisie,2023,235,RKC Waalwijk,187809,Mats Seuntjens,Attacking Midfield,32,0.85
Eredivisie,2023,235,RKC Waalwijk,443308,Reuven Niemeijer,Attacking Midfield,29,0.4
Eredivisie,2023,235,RKC Waalwijk,503635,Nouri El Harmazi,Attacking Midfield,22,0.025
Eredivisie,2023,235,RKC Waalwijk,627750,Filip Stevanovic,Left Winger,21,0.9
Eredivisie,2023,235,RKC Waalwijk,671675,Chris Lokesa,Left Winger,19,0.6
Eredivisie,2023,235,RKC Waalwijk,203378,Zakaria Bakkali,Left Winger,28,0.25
Eredivisie,2023,235,RKC Waalwijk,488768,Ilias Takidine,Left Winger,23,0.15
Eredivisie,2023,235,RKC Waalwijk,582131,Denilho Cleonise,Right Winger,22,0.55
Eredivisie,2023,235,RKC Waalwijk,604813,David Min,Centre-Forward,25,0.8
Eredivisie,2023,235,RKC Waalwijk,465326,Richonell Margaret,Centre-Forward,23,0.35
Eredivisie,2023,235,RKC Waalwijk,56523,Michiel Kramer,Centre-Forward,35,0.275
Eredivisie,2024,234,Feyenoord Rotterdam,196829,Timon Wellenreuther,Goalkeeper,29,6.0
Eredivisie,2024,234,Feyenoord Rotterdam,315121,Justin Bijlow,Goalkeeper,27,5.0
Eredivisie,2024,234,Feyenoord Rotterdam,859218,Plamen Andreev,Goalkeeper,20,1.5
Eredivisie,2024,234,Feyenoord Rotterdam,264176,Liam Bossin,Goalkeeper,28,0.45
Eredivisie,2024,234,Feyenoord Rotterdam,646708,Mikki van Sas,Goalkeeper,21,0.4
Eredivisie,2024,234,Feyenoord Rotterdam,746973,Mannou Berger,Goalkeeper,20,0.075
Eredivisie,2024,234,Feyenoord Rotterdam,404418,Dávid Hancko,Centre-Back,27,30.0
Eredivisie,2024,234,Feyenoord Rotterdam,420210,Lutsharel Geertruida,Centre-Back,24,20.0
Eredivisie,2024,234,Feyenoord Rotterdam,593862,Thomas Beelen,Centre-Back,24,8.0
Eredivisie,2024,234,Feyenoord Rotterdam,825199,Facundo González,Centre-Back,22,3.0
Eredivisie,2024,234,Feyenoord Rotterdam,59145,Gernot Trauner,Centre-Back,33,2.5
Eredivisie,2024,234,Feyenoord Rotterdam,856068,Jeyland Mitchell,Centre-Back,20,2.0
Eredivisie,2024,234,Feyenoord Rotterdam,503640,Neraysho Kasanwirjo,Centre-Back,23,1.8
Eredivisie,2024,234,Feyenoord Rotterdam,514285,Quilindschy Hartman,Left-Back,23,14.0
Eredivisie,2024,234,Feyenoord Rotterdam,698678,Hugo Bueno,Left-Back,22,8.0
Eredivisie,2024,234,Feyenoord Rotterdam,374212,Gijs Smal,Left-Back,27,7.0
Eredivisie,2024,234,Feyenoord Rotterdam,432175,Marcos López,Left-Back,25,2.5
Eredivisie,2024,234,Feyenoord Rotterdam,997903,Givairo Read,Right-Back,19,16.0
Eredivisie,2024,234,Feyenoord Rotterdam,313094,Jordan Lotomba,Right-Back,26,6.5
Eredivisie,2024,234,Feyenoord Rotterdam,583404,Marcus Pedersen,Right-Back,24,3.0
Eredivisie,2024,234,Feyenoord Rotterdam,257987,Bart Nieuwkoop,Right-Back,29,2.0
Eredivisie,2024,234,Feyenoord Rotterdam,416660,Ramiz Zerrouki,Defensive Midfield,27,5.0
Eredivisie,2024,234,Feyenoord Rotterdam,667965,Oussama Targhalline,Defensive Midfield,23,4.0
Eredivisie,2024,234,Feyenoord Rotterdam,420213,Quinten Timber,Central Midfield,24,30.0
Eredivisie,2024,234,Feyenoord Rotterdam,384461,Jakub Moder,Central Midfield,26,12.0
Eredivisie,2024,234,Feyenoord Rotterdam,365394,In-beom Hwang,Central Midfield,28,10.0
Eredivisie,2024,234,Feyenoord Rotterdam,571149,Gjivai Zechiël,Central Midfield,21,4.0
Eredivisie,2024,234,Feyenoord Rotterdam,1057565,Chris-Kévin Nadje,Central Midfield,23,1.2
Eredivisie,2024,234,Feyenoord Rotterdam,683620,Antoni Milambo,Attacking Midfield,20,18.0
Eredivisie,2024,234,Feyenoord Rotterdam,387105,Luka Ivanušec,Attacking Midfield,26,3.5
Eredivisie,2024,234,Feyenoord Rotterdam,595247,Shiloh 't Zand,Attacking Midfield,22,0.9
Eredivisie,2024,234,Feyenoord Rotterdam,653610,Igor Paixão,Left Winger,25,35.0
Eredivisie,2024,234,Feyenoord Rotterdam,1110406,Ibrahim Osman,Left Winger,20,10.0
Eredivisie,2024,234,Feyenoord Rotterdam,710886,Leo Sauer,Left Winger,19,5.0
Eredivisie,2024,234,Feyenoord Rotterdam,917911,Anis Hadj Moussa,Right Winger,23,14.0
Eredivisie,2024,234,Feyenoord Rotterdam,409344,Calvin Stengs,Right Winger,26,7.0
Eredivisie,2024,234,Feyenoord Rotterdam,321195,Ondrej Lingr,Right Winger,26,3.0
Eredivisie,2024,234,Feyenoord Rotterdam,775257,Aymen Sliti,Right Winger,19,0.75
Eredivisie,2024,234,Feyenoord Rotterdam,552955,Santiago Gimenez,Centre-Forward,24,30.0
Eredivisie,2024,234,Feyenoord Rotterdam,589128,Ayase Ueda,Centre-Forward,26,8.0
Eredivisie,2024,234,Feyenoord Rotterdam,491707,Julián Carranza,Centre-Forward,25,5.0
Eredivisie,2024,234,Feyenoord Rotterdam,955224,Stéphano Carrillo,Centre-Forward,19,2.5
Eredivisie,2024,234,Feyenoord Rotterdam,765972,Zépiqueno Redmond,Centre-Forward,19,0.8
Eredivisie,2024,383,PSV Eindhoven,296802,Walter Benítez,Goalkeeper,32,7.5
Eredivisie,2024,383,PSV Eindhoven,333640,Joël Drommel,Goalkeeper,28,1.5
Eredivisie,2024,383,PSV Eindhoven,723005,Niek Schiks,Goalkeeper,21,0.25
Eredivisie,2024,383,PSV Eindhoven,720805,Tijn Smolenaars,Goalkeeper,20,0.1
Eredivisie,2024,383,PSV Eindhoven,586429,Ryan Flamingo,Centre-Back,22,20.0
Eredivisie,2024,383,PSV Eindhoven,318508,Olivier Boscagli,Centre-Back,27,20.0
Eredivisie,2024,383,PSV Eindhoven,800976,Adamo Nagalo,Centre-Back,22,6.0
Eredivisie,2024,383,PSV Eindhoven,339337,Armando Obispo,Centre-Back,26,3.0
Eredivisie,2024,383,PSV Eindhoven,942070,Wessel Kuhn,Centre-Back,18,0.5
Eredivisie,2024,383,PSV Eindhoven,738481,Emmanuel van de Blaak,Centre-Back,20,0.45
Eredivisie,2024,383,PSV Eindhoven,1088684,Michael Bresser,Centre-Back,18,0.35
Eredivisie,2024,383,PSV Eindhoven,1024744,Samuel Gomez Van Hoogen,Centre-Back,19,0.3
Eredivisie,2024,383,PSV Eindhoven,323910,Mauro Júnior,Left-Back,26,12.0
Eredivisie,2024,383,PSV Eindhoven,339340,Tyrell Malacia,Left-Back,25,8.0
Eredivisie,2024,383,PSV Eindhoven,654918,Matteo Dams,Left-Back,21,4.5
Eredivisie,2024,383,PSV Eindhoven,539665,Fredrik Oppegård,Left-Back,22,0.6
Eredivisie,2024,383,PSV Eindhoven,361104,Sergiño Dest,Right-Back,24,16.0
Eredivisie,2024,383,PSV Eindhoven,364245,Jordan Teze,Right-Back,25,9.0
Eredivisie,2024,383,PSV Eindhoven,205006,Rick Karsdorp,Right-Back,30,3.0
Eredivisie,2024,383,PSV Eindhoven,575367,Richard Ledezma,Right-Back,24,3.0
Eredivisie,2024,383,PSV Eindhoven,347900,Jerdy Schouten,Defensive Midfield,28,22.0
Eredivisie,2024,383,PSV Eindhoven,816974,Tygo Land,Defensive Midfield,19,2.0
Eredivisie,2024,383,PSV Eindhoven,408574,Joey Veerman,Central Midfield,26,25.0
Eredivisie,2024,383,PSV Eindhoven,467437,Malik Tillman,Attacking Midfield,23,32.0
Eredivisie,2024,383,PSV Eindhoven,702869,Ismael Saibari,Attacking Midfield,24,27.0
Eredivisie,2024,383,PSV Eindhoven,372267,Guus Til,Attacking Midfield,27,12.0
Eredivisie,2024,383,PSV Eindhoven,813437,Isaac Babadi,Attacking Midfield,20,3.0
Eredivisie,2024,383,PSV Eindhoven,339332,Noa Lang,Left Winger,26,25.0
Eredivisie,2024,383,PSV Eindhoven,316889,Hirving Lozano,Left Winger,29,10.0
Eredivisie,2024,383,PSV Eindhoven,593837,Couhaib Driouech,Left Winger,23,4.0
Eredivisie,2024,383,PSV Eindhoven,565424,Johan Bakayoko,Right Winger,22,30.0
Eredivisie,2024,383,PSV Eindhoven,925862,Esmir Bajraktarevic,Right Winger,20,3.0
Eredivisie,2024,383,PSV Eindhoven,42460,Ivan Perisic,Right Winger,36,1.5
Eredivisie,2024,383,PSV Eindhoven,921345,Tay Abed,Right Winger,20,0.75
Eredivisie,2024,383,PSV Eindhoven,627207,Ricardo Pepi,Centre-Forward,22,16.0
Eredivisie,2024,383,PSV Eindhoven,72522,Luuk de Jong,Centre-Forward,34,2.5
Eredivisie,2024,383,PSV Eindhoven,746988,Jesper Uneken,Centre-Forward,20,0.6
Eredivisie,2024,383,PSV Eindhoven,73185,Lucas Pérez,Centre-Forward,36,0.4
Eredivisie,2024,610,Ajax Amsterdam,448705,Diant Ramaj,Goalkeeper,23,7.0
Eredivisie,2024,610,Ajax Amsterdam,177547,Matheus,Goalkeeper,33,2.5
Eredivisie,2024,610,Ajax Amsterdam,480453,Jay Gorter,Goalkeeper,25,0.9
Eredivisie,2024,610,Ajax Amsterdam,635129,Charlie Setford,Goalkeeper,21,0.4
Eredivisie,2024,610,Ajax Amsterdam,1015401,Paul Reverson,Goalkeeper,20,0.35
Eredivisie,2024,610,Ajax Amsterdam,25520,Remko Pasveer,Goalkeeper,41,0.15
Eredivisie,2024,610,Ajax Amsterdam,371001,Josip Sutalo,Centre-Back,25,24.0
Eredivisie,2024,610,Ajax Amsterdam,559327,Youri Baas,Centre-Back,22,12.0
Eredivisie,2024,610,Ajax Amsterdam,662131,Ahmetcan Kaplan,Centre-Back,22,5.0
Eredivisie,2024,610,Ajax Amsterdam,162959,Daniele Rugani,Centre-Back,30,3.0
Eredivisie,2024,610,Ajax Amsterdam,488755,Jakov Medic,Centre-Back,26,2.0
Eredivisie,2024,610,Ajax Amsterdam,765743,Dies Janse,Centre-Back,19,0.9
Eredivisie,2024,610,Ajax Amsterdam,891835,Nick Verschuren,Centre-Back,20,0.4
Eredivisie,2024,610,Ajax Amsterdam,987366,Aaron Bouwman,Centre-Back,17,0.35
Eredivisie,2024,610,Ajax Amsterdam,904802,Jorrel Hato,Left-Back,19,35.0
Eredivisie,2024,610,Ajax Amsterdam,339328,Owen Wijndal,Left-Back,25,3.5
Eredivisie,2024,610,Ajax Amsterdam,987355,Lucas Jetten,Left-Back,18,0.7
Eredivisie,2024,610,Ajax Amsterdam,557407,Devyne Rensch,Right-Back,22,10.0
Eredivisie,2024,610,Ajax Amsterdam,701055,Anton Gaaei,Right-Back,22,7.0
Eredivisie,2024,610,Ajax Amsterdam,468309,Lucas Rosa,Right-Back,25,3.0
Eredivisie,2024,610,Ajax Amsterdam,936006,Precious Ugwu,Right-Back,19,0.325
Eredivisie,2024,610,Ajax Amsterdam,1105532,Jorthy Mokio,Defensive Midfield,17,8.0
Eredivisie,2024,610,Ajax Amsterdam,559324,Youri Regeer,Defensive Midfield,21,6.0
Eredivisie,2024,610,Ajax Amsterdam,510310,Sivert Mannsverk,Defensive Midfield,23,4.0
Eredivisie,2024,610,Ajax Amsterdam,470394,Kenneth Taylor,Central Midfield,23,28.0
Eredivisie,2024,610,Ajax Amsterdam,559333,Kian Fitz-Jim,Central Midfield,21,5.0
Eredivisie,2024,610,Ajax Amsterdam,182932,Davy Klaassen,Central Midfield,32,3.5
Eredivisie,2024,610,Ajax Amsterdam,203938,Branco van den Boomen,Central Midfield,29,3.5
Eredivisie,2024,610,Ajax Amsterdam,787907,Benjamin Tahirović,Central Midfield,22,3.0
Eredivisie,2024,610,Ajax Amsterdam,61651,Jordan Henderson,Central Midfield,35,2.5
Eredivisie,2024,610,Ajax Amsterdam,1111063,Sean Steur,Central Midfield,17,0.7
Eredivisie,2024,610,Ajax Amsterdam,891854,Gerald Alders,Right Midfield,20,0.275
Eredivisie,2024,610,Ajax Amsterdam,694186,Kristian Hlynsson,Attacking Midfield,21,4.0
Eredivisie,2024,610,Ajax Amsterdam,598491,Rayane Bounida,Attacking Midfield,19,0.8
Eredivisie,2024,610,Ajax Amsterdam,284165,Steven Bergwijn,Left Winger,27,14.0
Eredivisie,2024,610,Ajax Amsterdam,748804,Mika Godts,Left Winger,20,10.0
Eredivisie,2024,610,Ajax Amsterdam,374326,Oliver Edvardsen,Left Winger,26,5.0
Eredivisie,2024,610,Ajax Amsterdam,706889,Jaydon Banel,Left Winger,20,1.0
Eredivisie,2024,610,Ajax Amsterdam,704773,Amourricho van Axel Dongen,Left Winger,20,0.4
Eredivisie,2024,610,Ajax Amsterdam,742451,Carlos Forbs,Right Winger,21,8.0
Eredivisie,2024,610,Ajax Amsterdam,131996,Bertrand Traoré,Right Winger,29,8.0
Eredivisie,2024,610,Ajax Amsterdam,129554,Steven Berghuis,Right Winger,33,3.5
Eredivisie,2024,610,Ajax Amsterdam,610429,Christian Rasmussen,Right Winger,22,1.5
Eredivisie,2024,610,Ajax Amsterdam,949480,Jan Faberski,Right Winger,19,0.7
Eredivisie,2024,610,Ajax Amsterdam,473169,Brian Brobbey,Centre-Forward,23,22.0
Eredivisie,2024,610,Ajax Amsterdam,197642,Chuba Akpom,Centre-Forward,29,7.0
Eredivisie,2024,610,Ajax Amsterdam,228645,Wout Weghorst,Centre-Forward,32,4.0
Eredivisie,2024,610,Ajax Amsterdam,981693,Don-Angelo Konadu,Centre-Forward,19,0.8
Eredivisie,2024,610,Ajax Amsterdam,720799,Julian Rijkhoff,Centre-Forward,20,0.65
Eredivisie,2024,1090,AZ Alkmaar,704772,Rome-Jayden Owusu-Oduro,Goalkeeper,20,6.0
Eredivisie,2024,1090,AZ Alkmaar,738514,Tristan Kuijsten,Goalkeeper,20,0.3
Eredivisie,2024,1090,AZ Alkmaar,79045,Jeroen Zoet,Goalkeeper,34,0.3
Eredivisie,2024,1090,AZ Alkmaar,116471,Hobie Verhulst,Goalkeeper,32,0.2
Eredivisie,2024,1090,AZ Alkmaar,595935,Sem Westerveld,Goalkeeper,22,0.2
Eredivisie,2024,1090,AZ Alkmaar,635371,Daniël Deen,Goalkeeper,22,0.125
Eredivisie,2024,1090,AZ Alkmaar,646707,Wouter Goes,Centre-Back,21,10.0
Eredivisie,2024,1090,AZ Alkmaar,479643,Alexandre Penetra,Centre-Back,23,9.0
Eredivisie,2024,1090,AZ Alkmaar,216443,Riechedly Bazoer,Centre-Back,28,3.0
Eredivisie,2024,1090,AZ Alkmaar,646704,Maxim Dekker,Centre-Back,21,1.0
Eredivisie,2024,1090,AZ Alkmaar,112052,Bruno Martins Indi,Centre-Back,33,0.65
Eredivisie,2024,1090,AZ Alkmaar,801031,Lewis Schouten,Centre-Back,21,0.4
Eredivisie,2024,1090,AZ Alkmaar,595937,Jorn Berkhout,Centre-Back,23,0.3
Eredivisie,2024,1090,AZ Alkmaar,661427,David Møller Wolfe,Left-Back,23,9.0
Eredivisie,2024,1090,AZ Alkmaar,315254,Mees de Wit,Left-Back,27,1.5
Eredivisie,2024,1090,AZ Alkmaar,733438,Seiya Maikuma,Right-Back,27,4.0
Eredivisie,2024,1090,AZ Alkmaar,577394,Denso Kasius,Right-Back,22,4.0
Eredivisie,2024,1090,AZ Alkmaar,957241,Elijah Dijkstra,Right-Back,18,0.7
Eredivisie,2024,1090,AZ Alkmaar,361074,Peer Koopmeiners,Defensive Midfield,25,10.0
Eredivisie,2024,1090,AZ Alkmaar,507223,Kristijan Belic,Defensive Midfield,24,3.5
Eredivisie,2024,1090,AZ Alkmaar,104223,Jordy Clasie,Defensive Midfield,34,1.5
Eredivisie,2024,1090,AZ Alkmaar,801029,Enoch Mastoras,Defensive Midfield,19,0.5
Eredivisie,2024,1090,AZ Alkmaar,988406,Kasper Boogaard,Defensive Midfield,19,0.2
Eredivisie,2024,1090,AZ Alkmaar,595940,Zico Buurmeester,Central Midfield,23,3.5
Eredivisie,2024,1090,AZ Alkmaar,747017,Dave Kwakman,Central Midfield,20,2.0
Eredivisie,2024,1090,AZ Alkmaar,578804,Sven Mijnans,Attacking Midfield,25,9.0
Eredivisie,2024,1090,AZ Alkmaar,859035,Kees Smit,Attacking Midfield,19,5.0
Eredivisie,2024,1090,AZ Alkmaar,942065,Julian Oerip,Attacking Midfield,18,0.25
Eredivisie,2024,1090,AZ Alkmaar,735701,Ruben van Bommel,Left Winger,20,8.0
Eredivisie,2024,1090,AZ Alkmaar,650712,Myron van Brederode,Left Winger,21,3.0
Eredivisie,2024,1090,AZ Alkmaar,800995,Ro-Zangelo Daal,Left Winger,21,0.75
Eredivisie,2024,1090,AZ Alkmaar,990008,Wassim Bouziane,Left Winger,18,0.15
Eredivisie,2024,1090,AZ Alkmaar,718303,Ernest Poku,Right Winger,21,4.0
Eredivisie,2024,1090,AZ Alkmaar,543501,Ibrahim Sadiq,Right Winger,25,3.5
Eredivisie,2024,1090,AZ Alkmaar,795274,Mayckel Lahdo,Right Winger,22,3.0
Eredivisie,2024,1090,AZ Alkmaar,747720,Jayden Addai,Right Winger,19,1.5
Eredivisie,2024,1090,AZ Alkmaar,552655,Troy Parrott,Centre-Forward,23,14.0
Eredivisie,2024,1090,AZ Alkmaar,678546,Mexx Meerdink,Centre-Forward,21,8.0
Eredivisie,2024,1090,AZ Alkmaar,728864,Lequincio Zeefuik,Centre-Forward,20,0.85
Eredivisie,2024,1090,AZ Alkmaar,926491,Sem van Duijn,Centre-Forward,21,0.325
Eredivisie,2024,317,FC Twente Enschede,53696,Lars Unnerstall,Goalkeeper,34,2.0
Eredivisie,2024,317,FC Twente Enschede,430475,Issam El Maach,Goalkeeper,25,0.2
Eredivisie,2024,317,FC Twente Enschede,703779,Sam Karssies,Goalkeeper,22,0.075
Eredivisie,2024,317,FC Twente Enschede,33210,Przemyslaw Tyton,Goalkeeper,38,0.075
Eredivisie,2024,317,FC Twente Enschede,562702,Mees Hilgers,Centre-Back,24,6.5
Eredivisie,2024,317,FC Twente Enschede,485395,Gustaf Lagerbielke,Centre-Back,25,3.0
Eredivisie,2024,317,FC Twente Enschede,618086,Max Bruns,Centre-Back,22,2.5
Eredivisie,2024,317,FC Twente Enschede,405892,Alec Van Hoorenbeeck,Centre-Back,26,0.8
Eredivisie,2024,317,FC Twente Enschede,895089,Juliën Mesbahi,Centre-Back,19,0.15
Eredivisie,2024,317,FC Twente Enschede,485584,Anass Salah-Eddine,Left-Back,23,8.0
Eredivisie,2024,317,FC Twente Enschede,187188,Bas Kuipers,Left-Back,30,1.2
Eredivisie,2024,317,FC Twente Enschede,983677,Mats Rots,Left-Back,19,1.0
Eredivisie,2024,317,FC Twente Enschede,547499,Bart van Rooij,Right-Back,24,6.0
Eredivisie,2024,317,FC Twente Enschede,332530,Alfons Sampsted,Right-Back,27,2.0
Eredivisie,2024,317,FC Twente Enschede,559324,Youri Regeer,Defensive Midfield,21,6.0
Eredivisie,2024,317,FC Twente Enschede,528652,Mathias Kjølø,Defensive Midfield,24,1.5
Eredivisie,2024,317,FC Twente Enschede,321204,Michal Sadílek,Central Midfield,26,8.0
Eredivisie,2024,317,FC Twente Enschede,315128,Carel Eiting,Central Midfield,27,1.6
Eredivisie,2024,317,FC Twente Enschede,704075,Gijs Besselink,Central Midfield,21,0.6
Eredivisie,2024,317,FC Twente Enschede,891854,Gerald Alders,Right Midfield,20,0.275
Eredivisie,2024,317,FC Twente Enschede,593519,Sem Steijn,Attacking Midfield,23,16.0
Eredivisie,2024,317,FC Twente Enschede,342702,Michel Vlap,Attacking Midfield,28,5.0
Eredivisie,2024,317,FC Twente Enschede,250591,Arno Verschueren,Attacking Midfield,28,1.5
Eredivisie,2024,317,FC Twente Enschede,936605,Harrie Kuster,Attacking Midfield,19,0.125
Eredivisie,2024,317,FC Twente Enschede,508639,Naci Ünüvar,Left Winger,22,2.0
Eredivisie,2024,317,FC Twente Enschede,388220,Sayfallah Ltaief,Left Winger,25,1.8
Eredivisie,2024,317,FC Twente Enschede,591363,Daan Rots,Right Winger,23,4.0
Eredivisie,2024,317,FC Twente Enschede,513963,Taylor Booth,Right Winger,24,2.0
Eredivisie,2024,317,FC Twente Enschede,393239,Mitchell van Bergen,Right Winger,25,1.5
Eredivisie,2024,317,FC Twente Enschede,866328,Younes Taha,Right Winger,22,1.0
Eredivisie,2024,317,FC Twente Enschede,386914,Sam Lammers,Centre-Forward,28,4.0
Eredivisie,2024,317,FC Twente Enschede,41355,Ricky van Wolfswinkel,Centre-Forward,36,0.4
Eredivisie,2024,317,FC Twente Enschede,997646,Lucas Vennegoor of Hesselink,Centre-Forward,19,0.3
Eredivisie,2024,200,FC Utrecht,248658,Vasilios Barkas,Goalkeeper,31,3.5
Eredivisie,2024,200,FC Utrecht,231650,Michael Brouwer,Goalkeeper,32,0.4
Eredivisie,2024,200,FC Utrecht,729010,Tom de Graaff,Goalkeeper,20,0.3
Eredivisie,2024,200,FC Utrecht,802540,Andreas Dithmer,Goalkeeper,19,0.2
Eredivisie,2024,200,FC Utrecht,607133,Kevin Gadellaa,Goalkeeper,22,0.15
Eredivisie,2024,200,FC Utrecht,314915,Siebe Horemans,Centre-Back,27,3.5
Eredivisie,2024,200,FC Utrecht,187105,Mike van der Hoorn,Centre-Back,32,1.0
Eredivisie,2024,200,FC Utrecht,570597,Matisse Didden,Centre-Back,23,1.0
Eredivisie,2024,200,FC Utrecht,93081,Nick Viergever,Centre-Back,35,0.4
Eredivisie,2024,200,FC Utrecht,691975,Joshua Mukeh,Centre-Back,22,0.25
Eredivisie,2024,200,FC Utrecht,541134,Souffian El Karouani,Left-Back,24,9.0
Eredivisie,2024,200,FC Utrecht,320421,Kolbeinn Finnsson,Left-Back,25,0.65
Eredivisie,2024,200,FC Utrecht,613449,Rickson van Hees,Right-Back,23,0.3
Eredivisie,2024,200,FC Utrecht,565436,Alonzo Engwanda,Defensive Midfield,22,2.5
Eredivisie,2024,200,FC Utrecht,685657,Silas Andersen,Defensive Midfield,21,0.7
Eredivisie,2024,200,FC Utrecht,938687,Massien Ghaddari,Defensive Midfield,20,0.275
Eredivisie,2024,200,FC Utrecht,686845,Zidane Iqbal,Central Midfield,22,4.0
Eredivisie,2024,200,FC Utrecht,610428,Oscar Fraulo,Central Midfield,21,3.5
Eredivisie,2024,200,FC Utrecht,406609,Can Bozdogan,Central Midfield,24,3.5
Eredivisie,2024,200,FC Utrecht,422932,Niklas Vesterlund,Right Midfield,26,1.0
Eredivisie,2024,200,FC Utrecht,795738,Paxten Aaronson,Attacking Midfield,21,8.0
Eredivisie,2024,200,FC Utrecht,400548,Victor Jensen,Attacking Midfield,25,2.0
Eredivisie,2024,200,FC Utrecht,738479,Rafik El Arguioui,Attacking Midfield,19,0.35
Eredivisie,2024,200,FC Utrecht,134999,Jens Toornstra,Attacking Midfield,36,0.35
Eredivisie,2024,200,FC Utrecht,782476,Yoann Cathline,Left Winger,22,8.0
Eredivisie,2024,200,FC Utrecht,875581,Adrian Blake,Left Winger,19,0.75
Eredivisie,2024,200,FC Utrecht,634427,Miguel Rodríguez,Right Winger,22,4.5
Eredivisie,2024,200,FC Utrecht,513963,Taylor Booth,Right Winger,24,2.0
Eredivisie,2024,200,FC Utrecht,723008,Miliano Jonathans,Right Winger,21,0.9
Eredivisie,2024,200,FC Utrecht,181375,Sébastien Haller,Centre-Forward,31,3.0
Eredivisie,2024,200,FC Utrecht,557410,Noah Ohio,Centre-Forward,22,2.0
Eredivisie,2024,200,FC Utrecht,361070,Ole Romeny,Centre-Forward,25,1.2
Eredivisie,2024,200,FC Utrecht,604813,David Min,Centre-Forward,26,0.8
Eredivisie,2024,200,FC Utrecht,565434,Anthony Descotte,Centre-Forward,21,0.65
Eredivisie,2024,306,SC Heerenveen,276853,Andries Noppert,Goalkeeper,31,1.0
Eredivisie,2024,306,SC Heerenveen,207048,Mickey van der Hart,Goalkeeper,31,0.5
Eredivisie,2024,306,SC Heerenveen,725816,Bernt Klaverboer,Goalkeeper,19,0.075
Eredivisie,2024,306,SC Heerenveen,312473,Jan Bekkema,Goalkeeper,29,0.05
Eredivisie,2024,306,SC Heerenveen,894050,Nikolai Hopland,Centre-Back,20,3.0
Eredivisie,2024,306,SC Heerenveen,248395,Pawel Bochniewicz,Centre-Back,29,2.5
Eredivisie,2024,306,SC Heerenveen,430797,Sam Kersten,Centre-Back,27,1.0
Eredivisie,2024,306,SC Heerenveen,628042,Hristiyan Petrov,Centre-Back,23,0.6
Eredivisie,2024,306,SC Heerenveen,215096,Jordy de Wijs,Centre-Back,30,0.6
Eredivisie,2024,306,SC Heerenveen,775242,Mateja Milovanovic,Centre-Back,21,0.2
Eredivisie,2024,306,SC Heerenveen,703822,Ties Oostra,Centre-Back,21,0.05
Eredivisie,2024,306,SC Heerenveen,288067,Mats Köhlert,Left-Back,27,3.5
Eredivisie,2024,306,SC Heerenveen,869067,Oliver Braude,Right-Back,21,4.0
Eredivisie,2024,306,SC Heerenveen,412949,Denzel Hall,Right-Back,24,0.45
Eredivisie,2024,306,SC Heerenveen,585325,Hussein Ali,Right-Back,23,0.3
Eredivisie,2024,306,SC Heerenveen,207580,Amara Condé,Defensive Midfield,28,0.6
Eredivisie,2024,306,SC Heerenveen,899163,Marcus Linday,Central Midfield,22,4.0
Eredivisie,2024,306,SC Heerenveen,369552,Luuk Brouwers,Central Midfield,27,2.5
Eredivisie,2024,306,SC Heerenveen,321158,Simon Olsson,Central Midfield,27,2.0
Eredivisie,2024,306,SC Heerenveen,607144,Espen van Ee,Central Midfield,21,1.3
Eredivisie,2024,306,SC Heerenveen,886252,Isaiah Ahmed,Central Midfield,19,0.125
Eredivisie,2024,306,SC Heerenveen,918365,Levi Smans,Attacking Midfield,22,2.0
Eredivisie,2024,306,SC Heerenveen,603477,Melle Witteveen,Attacking Midfield,22,0.05
Eredivisie,2024,306,SC Heerenveen,852953,Ilias Sebaoui,Left Winger,23,1.5
Eredivisie,2024,306,SC Heerenveen,866082,Danilo Al-Saed,Left Winger,26,0.8
Eredivisie,2024,306,SC Heerenveen,542684,Jacob Trenskow,Right Winger,24,4.0
Eredivisie,2024,306,SC Heerenveen,213268,Alireza Jahanbakhsh,Right Winger,31,1.5
Eredivisie,2024,306,SC Heerenveen,1130803,Eser Gürbüz,Right Winger,18,0.6
Eredivisie,2024,306,SC Heerenveen,326030,Ché Nunnely,Right Winger,26,0.5
Eredivisie,2024,306,SC Heerenveen,845872,Milos Lukovic,Centre-Forward,19,5.0
Eredivisie,2024,306,SC Heerenveen,661205,Daniel Karlsbakk,Centre-Forward,22,2.5
Eredivisie,2024,306,SC Heerenveen,438310,Ion Nicolaescu,Centre-Forward,26,1.5
Eredivisie,2024,306,SC Heerenveen,747953,Dimitris Rallis,Centre-Forward,20,0.65
Eredivisie,2024,468,Sparta Rotterdam,215094,Nick Olij,Goalkeeper,29,3.5
Eredivisie,2024,468,Sparta Rotterdam,531712,Youri Schoonderwaldt,Goalkeeper,25,0.1
Eredivisie,2024,468,Sparta Rotterdam,810846,Kaylen,Goalkeeper,21,0.075
Eredivisie,2024,468,Sparta Rotterdam,928592,Marvin Young,Centre-Back,19,2.5
Eredivisie,2024,468,Sparta Rotterdam,482141,Mike Eerdhuijzen,Centre-Back,24,2.3
Eredivisie,2024,468,Sparta Rotterdam,627069,Teo Quintero,Centre-Back,26,0.6
Eredivisie,2024,468,Sparta Rotterdam,596178,Rick Meissen,Centre-Back,23,0.5
Eredivisie,2024,468,Sparta Rotterdam,52119,Patrick van Aanholt,Left-Back,34,0.5
Eredivisie,2024,468,Sparta Rotterdam,738516,Mike Kleijn,Left-Back,20,0.25
Eredivisie,2024,468,Sparta Rotterdam,524687,Saïd Bakari,Right-Back,30,0.65
Eredivisie,2024,468,Sparta Rotterdam,393240,Boyd Reith,Right-Back,26,0.4
Eredivisie,2024,468,Sparta Rotterdam,432694,Joshua Kitolano,Defensive Midfield,23,2.5
Eredivisie,2024,468,Sparta Rotterdam,571149,Gjivai Zechiël,Central Midfield,21,4.0
Eredivisie,2024,468,Sparta Rotterdam,859396,Metinho,Central Midfield,22,3.0
Eredivisie,2024,468,Sparta Rotterdam,315128,Carel Eiting,Central Midfield,27,1.6
Eredivisie,2024,468,Sparta Rotterdam,616340,Julian Baas,Central Midfield,23,0.8
Eredivisie,2024,468,Sparta Rotterdam,596148,Djevencio van der Kust,Central Midfield,24,0.6
Eredivisie,2024,468,Sparta Rotterdam,928612,Hamza el Dahri,Central Midfield,20,0.1
Eredivisie,2024,468,Sparta Rotterdam,31067,Jonathan de Guzmán,Central Midfield,37,0.05
Eredivisie,2024,468,Sparta Rotterdam,694186,Kristian Hlynsson,Attacking Midfield,21,4.0
Eredivisie,2024,468,Sparta Rotterdam,250591,Arno Verschueren,Attacking Midfield,28,1.5
Eredivisie,2024,468,Sparta Rotterdam,566013,Shunsuke Mito,Attacking Midfield,22,0.85
Eredivisie,2024,468,Sparta Rotterdam,640565,Mohamed Nassoh,Attacking Midfield,22,0.7
Eredivisie,2024,468,Sparta Rotterdam,297693,Pelle Clement,Left Winger,29,0.65
Eredivisie,2024,468,Sparta Rotterdam,760508,Joel Ideho,Left Winger,21,0.5
Eredivisie,2024,468,Sparta Rotterdam,865293,Layee Kromah,Left Winger,22,0.2
Eredivisie,2024,468,Sparta Rotterdam,806284,Rayvien Rosario,Left Winger,21,0.1
Eredivisie,2024,468,Sparta Rotterdam,668265,Kayky,Right Winger,22,6.0
Eredivisie,2024,468,Sparta Rotterdam,587588,Camiel Neghli,Right Winger,23,2.0
Eredivisie,2024,468,Sparta Rotterdam,393239,Mitchell van Bergen,Right Winger,25,1.5
Eredivisie,2024,468,Sparta Rotterdam,1078350,Ayoub Oufkir,Right Winger,19,0.25
Eredivisie,2024,468,Sparta Rotterdam,272206,Tobias Lauritsen,Centre-Forward,27,3.5
Eredivisie,2024,468,Sparta Rotterdam,381349,Nökkvi Thórisson,Centre-Forward,25,0.6
Eredivisie,2024,468,Sparta Rotterdam,595028,Charles-Andreas Brym,Centre-Forward,26,0.45
Eredivisie,2024,468,Sparta Rotterdam,702834,Quincy Hoeve,Centre-Forward,22,0.1
Eredivisie,2024,1435,Go Ahead Eagles,315253,Jeffrey de Lange,Goalkeeper,27,2.0
Eredivisie,2024,1435,Go Ahead Eagles,426849,Jari De Busser,Goalkeeper,25,2.0
Eredivisie,2024,1435,Go Ahead Eagles,335997,Luca Plogmann,Goalkeeper,25,0.5
Eredivisie,2024,1435,Go Ahead Eagles,690624,Sven Jansen,Goalkeeper,20,0.05
Eredivisie,2024,1435,Go Ahead Eagles,783017,Nando Verdoni,Goalkeeper,21,0.025
Eredivisie,2024,1435,Go Ahead Eagles,326329,Joris Kramer,Centre-Back,28,2.0
Eredivisie,2024,1435,Go Ahead Eagles,289651,Jamal Amofa,Centre-Back,26,0.5
Eredivisie,2024,1435,Go Ahead Eagles,85904,Gerrit Nauber,Centre-Back,33,0.4
Eredivisie,2024,1435,Go Ahead Eagles,566930,Julius Dirksen,Centre-Back,22,0.4
Eredivisie,2024,1435,Go Ahead Eagles,624698,Pim Saathof,Centre-Back,21,0.075
Eredivisie,2024,1435,Go Ahead Eagles,529223,Dean James,Left-Back,25,1.8
Eredivisie,2024,1435,Go Ahead Eagles,656132,Aske Adelgaard,Left-Back,21,0.85
Eredivisie,2024,1435,Go Ahead Eagles,369554,Mats Deijl,Right-Back,27,2.0
Eredivisie,2024,1435,Go Ahead Eagles,588744,Luca Everink,Right-Back,24,0.2
Eredivisie,2024,1435,Go Ahead Eagles,412945,Enric Llansana,Defensive Midfield,24,4.0
Eredivisie,2024,1435,Go Ahead Eagles,361112,Evert Linthorst,Defensive Midfield,25,2.5
Eredivisie,2024,1435,Go Ahead Eagles,612758,Calvin Twigt,Defensive Midfield,22,0.6
Eredivisie,2024,1435,Go Ahead Eagles,496873,Xander Blomme,Defensive Midfield,23,0.45
Eredivisie,2024,1435,Go Ahead Eagles,690665,Robbin Weijenberg,Central Midfield,20,0.25
Eredivisie,2024,1435,Go Ahead Eagles,657957,Jakob Breum,Attacking Midfield,21,5.0
Eredivisie,2024,1435,Go Ahead Eagles,265324,Victor Edvardsen,Attacking Midfield,29,1.3
Eredivisie,2024,1435,Go Ahead Eagles,374326,Oliver Edvardsen,Left Winger,26,5.0
Eredivisie,2024,1435,Go Ahead Eagles,422760,Mathis Suray,Left Winger,23,1.5
Eredivisie,2024,1435,Go Ahead Eagles,715510,Oskar Sivertsen,Left Winger,21,1.3
Eredivisie,2024,1435,Go Ahead Eagles,486043,Thibo Baeten,Left Winger,23,0.4
Eredivisie,2024,1435,Go Ahead Eagles,834768,Darío Serra,Left Winger,22,0.35
Eredivisie,2024,1435,Go Ahead Eagles,527896,Oliver Antman,Right Winger,23,6.0
Eredivisie,2024,1435,Go Ahead Eagles,541601,Søren Tengstedt,Right Winger,25,0.8
Eredivisie,2024,1435,Go Ahead Eagles,331514,Bobby Adekanye,Right Winger,26,0.65
Eredivisie,2024,1435,Go Ahead Eagles,577816,Oscar Pettersson,Right Winger,25,0.5
Eredivisie,2024,1435,Go Ahead Eagles,703772,Milan Smit,Centre-Forward,22,1.5
Eredivisie,2024,1435,Go Ahead Eagles,241486,Finn Stokkers,Centre-Forward,29,0.45
Eredivisie,2024,467,NEC Nijmegen,646991,Robin Roefs,Goalkeeper,22,4.0
Eredivisie,2024,467,NEC Nijmegen,301696,Stijn van Gassel,Goalkeeper,28,0.45
Eredivisie,2024,467,NEC Nijmegen,593163,Rijk Janse,Goalkeeper,23,0.025
Eredivisie,2024,467,NEC Nijmegen,340460,Philippe Sandler,Centre-Back,28,2.3
Eredivisie,2024,467,NEC Nijmegen,241477,Thomas Ouwejan,Centre-Back,28,1.2
Eredivisie,2024,467,NEC Nijmegen,296227,Iván Márquez,Centre-Back,31,0.6
Eredivisie,2024,467,NEC Nijmegen,104597,Bram Nuytinck,Centre-Back,35,0.3
Eredivisie,2024,467,NEC Nijmegen,694007,Thomas Reinders,Centre-Back,21,0.05
Eredivisie,2024,467,NEC Nijmegen,258364,Calvin Verdonk,Left-Back,28,2.5
Eredivisie,2024,467,NEC Nijmegen,547499,Bart van Rooij,Right-Back,24,6.0
Eredivisie,2024,467,NEC Nijmegen,620317,Brayann Pereira,Right-Back,22,1.0
Eredivisie,2024,467,NEC Nijmegen,390125,Lefteris Lyratzis,Right-Back,25,0.85
Eredivisie,2024,467,NEC Nijmegen,625169,D'Leanu Arts,Right-Back,22,0.05
Eredivisie,2024,467,NEC Nijmegen,957544,Kodai Sano,Defensive Midfield,21,4.0
Eredivisie,2024,467,NEC Nijmegen,485587,Dirk Proper,Defensive Midfield,23,3.0
Eredivisie,2024,467,NEC Nijmegen,315233,Mees Hoedemakers,Defensive Midfield,27,1.0
Eredivisie,2024,467,NEC Nijmegen,34784,Lasse Schöne,Defensive Midfield,39,0.075
Eredivisie,2024,467,NEC Nijmegen,775048,Omar Mohamedhoesein,Central Midfield,21,0.05
Eredivisie,2024,467,NEC Nijmegen,312493,Vito van Crooij,Attacking Midfield,29,1.5
Eredivisie,2024,467,NEC Nijmegen,814533,Argyris Darelas,Attacking Midfield,21,0.25
Eredivisie,2024,467,NEC Nijmegen,576098,Kas de Wit,Attacking Midfield,21,0.05
Eredivisie,2024,467,NEC Nijmegen,864112,Başar Önal,Left Winger,20,0.7
Eredivisie,2024,467,NEC Nijmegen,1024696,Luc Nieuwenhuijs,Left Winger,18,0.05
Eredivisie,2024,467,NEC Nijmegen,485582,Sontje Hansen,Right Winger,23,4.0
Eredivisie,2024,467,NEC Nijmegen,505675,Rober González,Right Winger,24,1.5
Eredivisie,2024,467,NEC Nijmegen,747016,Sami Ouaissa,Right Winger,20,1.5
Eredivisie,2024,467,NEC Nijmegen,432682,Lars Olden Larsen,Second Striker,26,0.5
Eredivisie,2024,467,NEC Nijmegen,351567,Koki Ogawa,Centre-Forward,27,2.5
Eredivisie,2024,467,NEC Nijmegen,1144627,Kento Shiogai,Centre-Forward,20,0.85
Eredivisie,2024,467,NEC Nijmegen,82410,Bryan Linssen,Centre-Forward,34,0.4
Eredivisie,2024,202,FC Groningen,387197,Etienne Vaessen,Goalkeeper,29,2.0
Eredivisie,2024,202,FC Groningen,215551,Hidde Jurjus,Goalkeeper,31,0.3
Eredivisie,2024,202,FC Groningen,747635,Dirk Baron,Goalkeeper,22,0.025
Eredivisie,2024,202,FC Groningen,704252,Jasper Meijster,Goalkeeper,20,0.025
Eredivisie,2024,202,FC Groningen,392179,Hjalmar Ekdal,Centre-Back,26,4.5
Eredivisie,2024,202,FC Groningen,719209,Thijmen Blokzijl,Centre-Back,20,2.0
Eredivisie,2024,202,FC Groningen,665541,Finn Stam,Centre-Back,22,0.45
Eredivisie,2024,202,FC Groningen,125769,Marvin Peersman,Centre-Back,34,0.3
Eredivisie,2024,202,FC Groningen,848755,Sven Bouland,Centre-Back,19,0.15
Eredivisie,2024,202,FC Groningen,660059,Maxim Mariani,Centre-Back,20,0.075
Eredivisie,2024,202,FC Groningen,671734,Wouter Prins,Left-Back,21,0.8
Eredivisie,2024,202,FC Groningen,671735,Jorg Schreuders,Right-Back,20,1.2
Eredivisie,2024,202,FC Groningen,237244,Marco Rente,Right-Back,28,0.8
Eredivisie,2024,202,FC Groningen,793099,Stije Resink,Defensive Midfield,22,4.0
Eredivisie,2024,202,FC Groningen,258513,Laros Duarte,Defensive Midfield,28,0.9
Eredivisie,2024,202,FC Groningen,187293,Joey Pelupessy,Defensive Midfield,32,0.25
Eredivisie,2024,202,FC Groningen,418557,Johan Hove,Central Midfield,24,2.0
Eredivisie,2024,202,FC Groningen,747017,Dave Kwakman,Central Midfield,20,2.0
Eredivisie,2024,202,FC Groningen,653725,Tika de Jonge,Central Midfield,22,0.9
Eredivisie,2024,202,FC Groningen,126014,Leandro Bacuna,Central Midfield,33,0.3
Eredivisie,2024,202,FC Groningen,601495,Luciano Valente,Attacking Midfield,21,7.0
Eredivisie,2024,202,FC Groningen,671738,Thom van Bergen,Attacking Midfield,21,1.3
Eredivisie,2024,202,FC Groningen,187809,Mats Seuntjens,Attacking Midfield,33,0.55
Eredivisie,2024,202,FC Groningen,441216,Thijs Oosting,Attacking Midfield,25,0.5
Eredivisie,2024,202,FC Groningen,557611,Noam Emeran,Left Winger,22,0.2
Eredivisie,2024,202,FC Groningen,671736,Fofin Turay,Left Winger,21,0.1
Eredivisie,2024,202,FC Groningen,387996,Rui Mendes,Right Winger,25,0.35
Eredivisie,2024,202,FC Groningen,464444,Brynjólfur Willumsson,Centre-Forward,24,0.7
Eredivisie,2024,202,FC Groningen,513330,Romano Postema,Centre-Forward,23,0.45
Eredivisie,2024,202,FC Groningen,159894,Kevin van Veen,Centre-Forward,34,0.2
Eredivisie,2024,1269,PEC Zwolle,361082,Jasper Schendelaar,Goalkeeper,24,2.5
Eredivisie,2024,1269,PEC Zwolle,297373,Mike Hauptmeijer,Goalkeeper,28,0.1
Eredivisie,2024,1269,PEC Zwolle,30290,Kenneth Vermeer,Goalkeeper,39,0.05
Eredivisie,2024,1269,PEC Zwolle,933570,Duke Verduin,Goalkeeper,21,0.025
Eredivisie,2024,1269,PEC Zwolle,631904,Anselmo García MacNulty,Centre-Back,22,1.5
Eredivisie,2024,1269,PEC Zwolle,542858,Simon Graves,Centre-Back,26,1.5
Eredivisie,2024,1269,PEC Zwolle,315211,Sherel Floranus,Left-Back,26,0.85
Eredivisie,2024,1269,PEC Zwolle,640558,Damian van der Haar,Left-Back,21,0.6
Eredivisie,2024,1269,PEC Zwolle,416802,Thierry Lutonda,Left-Back,24,0.3
Eredivisie,2024,1269,PEC Zwolle,656800,Tristan Gooijer,Right-Back,20,1.5
Eredivisie,2024,1269,PEC Zwolle,720791,Olivier Aertssen,Right-Back,20,0.75
Eredivisie,2024,1269,PEC Zwolle,538057,Eliano Reijnders,Right-Back,24,0.6
Eredivisie,2024,1269,PEC Zwolle,361066,Davy van den Berg,Defensive Midfield,25,2.0
Eredivisie,2024,1269,PEC Zwolle,203357,Ryan Thomas,Defensive Midfield,30,0.7
Eredivisie,2024,1269,PEC Zwolle,806384,Nick Fichtinger,Defensive Midfield,21,0.45
Eredivisie,2024,1269,PEC Zwolle,593774,Anouar El Azzouzi,Central Midfield,24,1.8
Eredivisie,2024,1269,PEC Zwolle,272930,Jamiro Monteiro,Central Midfield,31,1.0
Eredivisie,2024,1269,PEC Zwolle,738477,Teun Gijselhart,Central Midfield,20,0.05
Eredivisie,2024,1269,PEC Zwolle,486814,Filip Krastev,Attacking Midfield,23,4.0
Eredivisie,2024,1269,PEC Zwolle,360520,Odysseus Velanas,Attacking Midfield,27,0.55
Eredivisie,2024,1269,PEC Zwolle,447216,Anthony Fontana,Attacking Midfield,25,0.3
Eredivisie,2024,1269,PEC Zwolle,564620,Samir Lagsir,Attacking Midfield,22,0.15
Eredivisie,2024,1269,PEC Zwolle,1073955,Mohamed Oukhattou,Attacking Midfield,20,0.05
Eredivisie,2024,1269,PEC Zwolle,231590,Braydon Manu,Left Winger,28,0.5
Eredivisie,2024,1269,PEC Zwolle,540927,Kaj de Rooij,Left Winger,24,0.35
Eredivisie,2024,1269,PEC Zwolle,502289,Dylan Mbayo,Right Winger,23,2.0
Eredivisie,2024,1269,PEC Zwolle,227039,Younes Namli,Right Winger,31,1.3
Eredivisie,2024,1269,PEC Zwolle,369319,Dylan Vente,Centre-Forward,26,2.0
Eredivisie,2024,1269,PEC Zwolle,357826,Thomas Buitink,Centre-Forward,25,0.4
Eredivisie,2024,1269,PEC Zwolle,124495,Apostolos Vellios,Centre-Forward,33,0.175
Eredivisie,2024,385,Fortuna Sittard,205128,Mattijs Branderhorst,Goalkeeper,31,0.8
Eredivisie,2024,385,Fortuna Sittard,235108,Luuk Koopmans,Goalkeeper,31,0.2
Eredivisie,2024,385,Fortuna Sittard,1148221,Niels Martens,Goalkeeper,21,0.025
Eredivisie,2024,385,Fortuna Sittard,1029376,Ramazan Bayram,Goalkeeper,20,0.025
Eredivisie,2024,385,Fortuna Sittard,492313,Rodrigo Guth,Centre-Back,24,2.8
Eredivisie,2024,385,Fortuna Sittard,358021,Shawn Adewoye,Centre-Back,25,1.3
Eredivisie,2024,385,Fortuna Sittard,485586,Syb van Ottele,Centre-Back,23,1.0
Eredivisie,2024,385,Fortuna Sittard,307769,Darijo Grujcic,Centre-Back,26,0.25
Eredivisie,2024,385,Fortuna Sittard,576682,Jasper Dahlhaus,Left-Back,23,1.0
Eredivisie,2024,385,Fortuna Sittard,215099,Daley Sinkgraven,Left-Back,29,0.6
Eredivisie,2024,385,Fortuna Sittard,187245,Mitchell Dijks,Left-Back,32,0.6
Eredivisie,2024,385,Fortuna Sittard,82281,Ivo Pinto,Right-Back,35,0.3
Eredivisie,2024,385,Fortuna Sittard,620832,Ryan Fosso,Defensive Midfield,23,1.5
Eredivisie,2024,385,Fortuna Sittard,586855,Loreintz Rosier,Defensive Midfield,26,0.9
Eredivisie,2024,385,Fortuna Sittard,1135967,Tristan Schenkhuizen,Defensive Midfield,20,0.025
Eredivisie,2024,385,Fortuna Sittard,659521,Edouard Michut,Central Midfield,22,1.8
Eredivisie,2024,385,Fortuna Sittard,289510,Samuel Bastien,Central Midfield,28,0.65
Eredivisie,2024,385,Fortuna Sittard,627068,Ezequiel Bullaude,Attacking Midfield,24,2.5
Eredivisie,2024,385,Fortuna Sittard,226074,Alen Halilovic,Attacking Midfield,29,1.0
Eredivisie,2024,385,Fortuna Sittard,915445,Luka Tunjic,Attacking Midfield,19,0.45
Eredivisie,2024,385,Fortuna Sittard,186704,Kristoffer Peterson,Left Winger,30,0.8
Eredivisie,2024,385,Fortuna Sittard,813152,Makan Aïko,Left Winger,24,0.6
Eredivisie,2024,385,Fortuna Sittard,409886,Úmaro Embaló,Right Winger,24,0.7
Eredivisie,2024,385,Fortuna Sittard,464332,Josip Mitrovic,Right Winger,25,0.5
Eredivisie,2024,385,Fortuna Sittard,913022,Milan Robberechts,Right Winger,21,0.3
Eredivisie,2024,385,Fortuna Sittard,315283,Kaj Sierhuis,Centre-Forward,27,1.3
Eredivisie,2024,385,Fortuna Sittard,516407,Bojan Radulović,Centre-Forward,25,0.8
Eredivisie,2024,385,Fortuna Sittard,337670,Alessio Da Cruz,Centre-Forward,28,0.6
Eredivisie,2024,385,Fortuna Sittard,131303,Ante Erceg,Centre-Forward,35,0.1
Eredivisie,2024,385,Fortuna Sittard,614630,Onur Demir,Centre-Forward,22,0.025
Eredivisie,2024,132,NAC Breda,463233,Daniel Bielica,Goalkeeper,26,1.0
Eredivisie,2024,132,NAC Breda,195546,Roy Kortsmit,Goalkeeper,32,0.2
Eredivisie,2024,132,NAC Breda,64352,Kostas Lamprou,Goalkeeper,33,0.2
Eredivisie,2024,132,NAC Breda,554530,Tein Troost,Goalkeeper,23,0.175
Eredivisie,2024,132,NAC Breda,559331,Aron van Lare,Goalkeeper,22,0.025
Eredivisie,2024,132,NAC Breda,434110,Leo Greiml,Centre-Back,23,2.0
Eredivisie,2024,132,NAC Breda,334495,Jan Van den Bergh,Centre-Back,30,0.8
Eredivisie,2024,132,NAC Breda,152651,Terence Kongolo,Centre-Back,31,0.5
Eredivisie,2024,132,NAC Breda,329055,Enes Mahmutovic,Centre-Back,28,0.4
Eredivisie,2024,132,NAC Breda,1078945,Daan van Reeuwijk,Centre-Back,18,0.025
Eredivisie,2024,132,NAC Breda,428502,Boy Kemper,Left-Back,26,0.85
Eredivisie,2024,132,NAC Breda,351216,Manel Royo,Left-Back,31,0.15
Eredivisie,2024,132,NAC Breda,936581,Cherrion Valerius,Right-Back,19,1.0
Eredivisie,2024,132,NAC Breda,570817,Maxime Busi,Right-Back,25,1.0
Eredivisie,2024,132,NAC Breda,406091,Boyd Lucassen,Right-Back,26,0.5
Eredivisie,2024,132,NAC Breda,382204,Martin Koscelník,Right-Back,30,0.325
Eredivisie,2024,132,NAC Breda,849428,Max Balard,Defensive Midfield,24,1.5
Eredivisie,2024,132,NAC Breda,596158,Casper Staring,Defensive Midfield,24,0.35
Eredivisie,2024,132,NAC Breda,218233,Fredrik Oldrup Jensen,Defensive Midfield,32,0.3
Eredivisie,2024,132,NAC Breda,250464,Clint Leemans,Central Midfield,29,0.75
Eredivisie,2024,132,NAC Breda,617019,Matthew Garbett,Central Midfield,23,0.4
Eredivisie,2024,132,NAC Breda,579298,Adam Kaied,Central Midfield,23,0.3
Eredivisie,2024,132,NAC Breda,824000,Lars Mol,Central Midfield,20,0.2
Eredivisie,2024,132,NAC Breda,746972,Aïmane Jaddi,Central Midfield,21,0.025
Eredivisie,2024,132,NAC Breda,522993,Dominik Janosek,Attacking Midfield,27,0.75
Eredivisie,2024,132,NAC Breda,710886,Leo Sauer,Left Winger,19,5.0
Eredivisie,2024,132,NAC Breda,564489,Kamal Sowah,Left Winger,25,0.8
Eredivisie,2024,132,NAC Breda,1026255,Saná Fernandes,Left Winger,19,0.7
Eredivisie,2024,132,NAC Breda,716756,Raul Paula,Left Winger,21,0.6
Eredivisie,2024,132,NAC Breda,469082,Roy Kuijpers,Right Winger,25,0.275
Eredivisie,2024,132,NAC Breda,439292,Sydney van Hooijdonk,Centre-Forward,25,1.0
Eredivisie,2024,132,NAC Breda,205655,Elías Már Ómarsson,Centre-Forward,30,0.7
Eredivisie,2024,132,NAC Breda,510459,Kacper Kostorz,Centre-Forward,25,0.45
Eredivisie,2024,1304,Heracles Almelo,462285,Fabian de Keijzer,Goalkeeper,25,1.5
Eredivisie,2024,1304,Heracles Almelo,535741,Robin Mantel,Goalkeeper,24,0.05
Eredivisie,2024,1304,Heracles Almelo,703778,Timo Jansink,Goalkeeper,22,0.025
Eredivisie,2024,1304,Heracles Almelo,482838,Ivan Mesik,Centre-Back,24,1.3
Eredivisie,2024,1304,Heracles Almelo,257986,Damon Mirani,Centre-Back,29,0.65
Eredivisie,2024,1304,Heracles Almelo,411287,Justin Hoogma,Centre-Back,27,0.5
Eredivisie,2024,1304,Heracles Almelo,464906,Sava-Arangel Cestic,Centre-Back,24,0.3
Eredivisie,2024,1304,Heracles Almelo,936571,Stijn Bultman,Centre-Back,20,0.3
Eredivisie,2024,1304,Heracles Almelo,936604,Jop Tijink,Centre-Back,20,0.05
Eredivisie,2024,1304,Heracles Almelo,983677,Mats Rots,Left-Back,19,1.0
Eredivisie,2024,1304,Heracles Almelo,538963,Ruben Roosken,Left-Back,25,0.6
Eredivisie,2024,1304,Heracles Almelo,500274,Lorenzo Milani,Left-Back,24,0.225
Eredivisie,2024,1304,Heracles Almelo,591880,Mimeirhel Benita,Right-Back,21,1.0
Eredivisie,2024,1304,Heracles Almelo,447801,Jannes Wieckhoff,Right-Back,24,0.65
Eredivisie,2024,1304,Heracles Almelo,92936,Kelvin Leerdam,Right-Back,35,0.1
Eredivisie,2024,1304,Heracles Almelo,429916,Brian De Keersmaecker,Defensive Midfield,25,3.0
Eredivisie,2024,1304,Heracles Almelo,618083,Sem Scheperman,Defensive Midfield,23,0.9
Eredivisie,2024,1304,Heracles Almelo,377720,Daniël van Kaam,Defensive Midfield,25,0.45
Eredivisie,2024,1304,Heracles Almelo,487924,Jan Zamburek,Central Midfield,24,0.45
Eredivisie,2024,1304,Heracles Almelo,595247,Shiloh 't Zand,Attacking Midfield,22,0.9
Eredivisie,2024,1304,Heracles Almelo,241378,Jordy Bruijn,Attacking Midfield,28,0.3
Eredivisie,2024,1304,Heracles Almelo,172202,Thomas Bruns,Attacking Midfield,33,0.25
Eredivisie,2024,1304,Heracles Almelo,540827,Suf Podgoreanu,Left Winger,23,0.85
Eredivisie,2024,1304,Heracles Almelo,93637,Mario Engels,Left Winger,31,0.5
Eredivisie,2024,1304,Heracles Almelo,1025411,Giandro Sambo,Left Winger,18,0.05
Eredivisie,2024,1304,Heracles Almelo,741587,Juho Talvitie,Right Winger,20,0.9
Eredivisie,2024,1304,Heracles Almelo,502288,Bryan Limbombe,Right Winger,24,0.4
Eredivisie,2024,1304,Heracles Almelo,290555,Nikolai Laursen,Right Winger,27,0.3
Eredivisie,2024,1304,Heracles Almelo,185817,Jizz Hornkamp,Centre-Forward,27,1.3
Eredivisie,2024,1304,Heracles Almelo,569470,Luka Kulenovic,Centre-Forward,25,1.2
Eredivisie,2024,1304,Heracles Almelo,679414,Antonio Satriano,Centre-Forward,21,0.15
Eredivisie,2024,1304,Heracles Almelo,989998,Diego van Oorschot,Centre-Forward,19,0.1
Eredivisie,2024,723,Almere City FC,534015,Nordin Bakker,Goalkeeper,27,0.7
Eredivisie,2024,723,Almere City FC,367443,Jonas Wendlinger,Goalkeeper,24,0.125
Eredivisie,2024,723,Almere City FC,458417,Stijn Keller,Goalkeeper,25,0.05
Eredivisie,2024,723,Almere City FC,928573,Joël van der Wilt,Goalkeeper,21,0.025
Eredivisie,2024,723,Almere City FC,630989,Ricardo Visus,Centre-Back,24,0.75
Eredivisie,2024,723,Almere City FC,313504,Marvin Martins,Centre-Back,30,0.4
Eredivisie,2024,723,Almere City FC,484987,Théo Barbet,Centre-Back,24,0.375
Eredivisie,2024,723,Almere City FC,361124,Joey Jacobs,Centre-Back,25,0.35
Eredivisie,2024,723,Almere City FC,272706,James Lawrence,Centre-Back,32,0.3
Eredivisie,2024,723,Almere City FC,477249,Christopher Mamengi,Centre-Back,24,0.25
Eredivisie,2024,723,Almere City FC,315211,Sherel Floranus,Left-Back,26,0.85
Eredivisie,2024,723,Almere City FC,613781,Vasilios Zagaritis,Left-Back,24,0.7
Eredivisie,2024,723,Almere City FC,590773,Hamdi Akujobi,Right-Back,25,0.55
Eredivisie,2024,723,Almere City FC,295624,Damil Dankerlui,Right-Back,28,0.2
Eredivisie,2024,723,Almere City FC,793099,Stije Resink,Defensive Midfield,22,4.0
Eredivisie,2024,723,Almere City FC,178219,Thom Haye,Defensive Midfield,30,1.0
Eredivisie,2024,723,Almere City FC,189650,Tim Receveur,Defensive Midfield,33,0.1
Eredivisie,2024,723,Almere City FC,308265,Anas Tahiri,Central Midfield,30,0.5
Eredivisie,2024,723,Almere City FC,262389,Àlex Carbonell,Central Midfield,27,0.4
Eredivisie,2024,723,Almere City FC,634460,Álex Balboa,Central Midfield,24,0.25
Eredivisie,2024,723,Almere City FC,865281,Jochem Ritmeester van de Kamp,Attacking Midfield,21,0.8
Eredivisie,2024,723,Almere City FC,332875,Adi Nalic,Attacking Midfield,27,0.35
Eredivisie,2024,723,Almere City FC,585958,Junior Kadile,Left Winger,22,0.65
Eredivisie,2024,723,Almere City FC,877672,Ali Jasim,Left Winger,21,0.55
Eredivisie,2024,723,Almere City FC,432698,Kornelius Normann,Left Winger,24,0.5
Eredivisie,2024,723,Almere City FC,536520,Ruben Providence,Left Winger,23,0.35
Eredivisie,2024,723,Almere City FC,730573,Faiz Mattoir,Left Winger,24,0.2
Eredivisie,2024,723,Almere City FC,667263,Jeffry Puriel,Left Winger,22,0.05
Eredivisie,2024,723,Almere City FC,569386,Logan Delaurier-Chaubet,Right Winger,23,0.4
Eredivisie,2024,723,Almere City FC,595028,Charles-Andreas Brym,Centre-Forward,26,0.45
Eredivisie,2024,723,Almere City FC,264567,Baptiste Guillaume,Centre-Forward,30,0.45
Eredivisie,2024,723,Almere City FC,290615,Thomas Robinet,Centre-Forward,28,0.4
Eredivisie,2024,403,Willem II Tilburg,182891,Thomas Didillon-Hödl,Goalkeeper,29,0.9
Eredivisie,2024,403,Willem II Tilburg,190687,Joshua Smits,Goalkeeper,32,0.4
Eredivisie,2024,403,Willem II Tilburg,477476,Connor van den Berg,Goalkeeper,24,0.05
Eredivisie,2024,403,Willem II Tilburg,692286,Maarten Schut,Goalkeeper,21,0.025
Eredivisie,2024,403,Willem II Tilburg,458734,Tommy St. Jago,Centre-Back,25,1.0
Eredivisie,2024,403,Willem II Tilburg,321095,Raffael Behounek,Centre-Back,28,0.8
Eredivisie,2024,403,Willem II Tilburg,908890,Miodrag Pivaš,Centre-Back,20,0.25
Eredivisie,2024,403,Willem II Tilburg,79194,Erik Schouten,Centre-Back,33,0.2
Eredivisie,2024,403,Willem II Tilburg,1175838,Jens Mathijsen,Centre-Back,17,0.2
Eredivisie,2024,403,Willem II Tilburg,494170,Rúnar Thór Sigurgeirsson,Left-Back,25,0.5
Eredivisie,2024,403,Willem II Tilburg,496871,Rob Nizet,Left-Back,23,0.35
Eredivisie,2024,403,Willem II Tilburg,201248,Mickaël Tirpan,Right-Back,31,0.6
Eredivisie,2024,403,Willem II Tilburg,540928,Valentino Vermeulen,Right-Back,23,0.2
Eredivisie,2024,403,Willem II Tilburg,1003716,Per van Loon,Right-Back,20,0.025
Eredivisie,2024,403,Willem II Tilburg,524043,Jesse Bosch,Defensive Midfield,25,0.9
Eredivisie,2024,403,Willem II Tilburg,585711,Boris Lambert,Defensive Midfield,25,0.75
Eredivisie,2024,403,Willem II Tilburg,928330,Amine Lachkar,Defensive Midfield,22,0.7
Eredivisie,2024,403,Willem II Tilburg,577455,Ringo Meerveld,Attacking Midfield,22,3.0
Eredivisie,2024,403,Willem II Tilburg,632088,Cisse Sandra,Attacking Midfield,21,1.0
Eredivisie,2024,403,Willem II Tilburg,485592,Max de Waal,Attacking Midfield,23,0.2
Eredivisie,2024,403,Willem II Tilburg,594035,Dani Mathieu,Attacking Midfield,24,0.075
Eredivisie,2024,403,Willem II Tilburg,931841,Amar Fatah,Left Winger,21,0.45
Eredivisie,2024,403,Willem II Tilburg,829257,Dennis Kaygin,Left Winger,21,0.45
Eredivisie,2024,403,Willem II Tilburg,317593,Patrick Joosten,Left Winger,29,0.275
Eredivisie,2024,403,Willem II Tilburg,527279,Emilio Kehrer,Right Winger,23,0.5
Eredivisie,2024,403,Willem II Tilburg,288233,Nick Doodeman,Right Winger,28,0.4
Eredivisie,2024,403,Willem II Tilburg,892531,Khaled Razak,Right Winger,19,0.2
Eredivisie,2024,403,Willem II Tilburg,687630,Kyan Vaesen,Centre-Forward,24,0.7
Eredivisie,2024,403,Willem II Tilburg,667903,Youssuf Sylla,Centre-Forward,22,0.6
Eredivisie,2024,403,Willem II Tilburg,56490,Jeremy Bokila,Centre-Forward,36,0.1
Eredivisie,2024,235,RKC Waalwijk,257980,Jeroen Houwen,Goalkeeper,29,0.4
Eredivisie,2024,235,RKC Waalwijk,258362,Yanick van Osch,Goalkeeper,28,0.35
Eredivisie,2024,235,RKC Waalwijk,383705,Mark Spenkelink,Goalkeeper,28,0.1
Eredivisie,2024,235,RKC Waalwijk,471691,Joey Kesting,Goalkeeper,24,0.05
Eredivisie,2024,235,RKC Waalwijk,1004305,Luuk Vogels,Goalkeeper,21,0.025
Eredivisie,2024,235,RKC Waalwijk,480730,Redouan El Yaakoubi,Centre-Back,29,0.55
Eredivisie,2024,235,RKC Waalwijk,235274,Dario Van den Buijs,Centre-Back,29,0.5
Eredivisie,2024,235,RKC Waalwijk,412933,Liam van Gelderen,Centre-Back,24,0.5
Eredivisie,2024,235,RKC Waalwijk,401029,Roshon van Eijma,Centre-Back,27,0.45
Eredivisie,2024,235,RKC Waalwijk,451297,Luuk Wouters,Centre-Back,26,0.25
Eredivisie,2024,235,RKC Waalwijk,349567,Juan Familia-Castillo,Left-Back,25,0.5
Eredivisie,2024,235,RKC Waalwijk,56836,Aaron Meijers,Left-Back,37,0.075
Eredivisie,2024,235,RKC Waalwijk,829819,Faissal Al Mazyani,Right-Back,20,0.65
Eredivisie,2024,235,RKC Waalwijk,337673,Julian Lelieveld,Right-Back,27,0.5
Eredivisie,2024,235,RKC Waalwijk,393241,Godfried Roemeratoe,Defensive Midfield,25,0.5
Eredivisie,2024,235,RKC Waalwijk,433933,Kevin Felida,Defensive Midfield,25,0.2
Eredivisie,2024,235,RKC Waalwijk,566911,Yassin Oukili,Central Midfield,24,0.9
Eredivisie,2024,235,RKC Waalwijk,886260,Tim van de Loo,Central Midfield,22,0.6
Eredivisie,2024,235,RKC Waalwijk,808578,Daouda Weidmann,Central Midfield,22,0.3
Eredivisie,2024,235,RKC Waalwijk,433805,Patrick Vroegh,Central Midfield,25,0.15
Eredivisie,2024,235,RKC Waalwijk,503638,Mohamed Ihattaren,Attacking Midfield,23,1.0
Eredivisie,2024,235,RKC Waalwijk,443308,Reuven Niemeijer,Attacking Midfield,30,0.3
Eredivisie,2024,235,RKC Waalwijk,376675,Richard van der Venne,Attacking Midfield,33,0.225
Eredivisie,2024,235,RKC Waalwijk,671675,Chris Lokesa,Left Winger,20,0.4
Eredivisie,2024,235,RKC Waalwijk,488768,Ilias Takidine,Left Winger,24,0.1
Eredivisie,2024,235,RKC Waalwijk,255172,Alexander Jakobsen,Left Winger,31,0.075
Eredivisie,2024,235,RKC Waalwijk,582131,Denilho Cleonise,Right Winger,23,0.4
Eredivisie,2024,235,RKC Waalwijk,386164,Silvester van der Water,Right Winger,28,0.375
Eredivisie,2024,235,RKC Waalwijk,232015,Oskar Zawada,Centre-Forward,29,0.7
Eredivisie,2024,235,RKC Waalwijk,465326,Richonell Margaret,Centre-Forward,24,0.7
Eredivisie,2024,235,RKC Waalwijk,56523,Michiel Kramer,Centre-Forward,36,0.125
Eredivisie,2025,383,PSV Eindhoven,550829,Matej Kovar,Goalkeeper,26,8.0
Eredivisie,2025,383,PSV Eindhoven,215094,Nick Olij,Goalkeeper,30,2.0
Eredivisie,2025,383,PSV Eindhoven,723005,Niek Schiks,Goalkeeper,22,0.5
Eredivisie,2025,383,PSV Eindhoven,720805,Tijn Smolenaars,Goalkeeper,21,0.2
Eredivisie,2025,383,PSV Eindhoven,895334,Yarek Gasiorowski,Centre-Back,21,18.0
Eredivisie,2025,383,PSV Eindhoven,586429,Ryan Flamingo,Centre-Back,23,14.0
Eredivisie,2025,383,PSV Eindhoven,339337,Armando Obispo,Centre-Back,27,4.0
Eredivisie,2025,383,PSV Eindhoven,800976,Adamo Nagalo,Centre-Back,23,2.8
Eredivisie,2025,383,PSV Eindhoven,1135623,Fabian Merién,Centre-Back,17,0.75
Eredivisie,2025,383,PSV Eindhoven,942070,Wessel Kuhn,Centre-Back,19,0.5
Eredivisie,2025,383,PSV Eindhoven,323910,Mauro Júnior,Left-Back,27,18.0
Eredivisie,2025,383,PSV Eindhoven,485584,Anass Salah-Eddine,Left-Back,24,12.0
Eredivisie,2025,383,PSV Eindhoven,361104,Sergiño Dest,Right-Back,25,18.0
Eredivisie,2025,383,PSV Eindhoven,548348,Kiliann Sildillia,Right-Back,24,7.0
Eredivisie,2025,383,PSV Eindhoven,921306,Eus Waayers,Right-Back,20,0.35
Eredivisie,2025,383,PSV Eindhoven,347900,Jerdy Schouten,Defensive Midfield,29,20.0
Eredivisie,2025,383,PSV Eindhoven,816974,Tygo Land,Defensive Midfield,20,2.5
Eredivisie,2025,383,PSV Eindhoven,1024739,Jordy Bawuah,Defensive Midfield,19,0.5
Eredivisie,2025,383,PSV Eindhoven,408574,Joey Veerman,Central Midfield,27,25.0
Eredivisie,2025,383,PSV Eindhoven,900909,Paul Wanner,Central Midfield,20,22.0
Eredivisie,2025,383,PSV Eindhoven,1095107,Noah Fernandez,Central Midfield,18,4.0
Eredivisie,2025,383,PSV Eindhoven,987376,Joël van den Berg,Central Midfield,19,1.5
Eredivisie,2025,383,PSV Eindhoven,702869,Ismael Saibari,Attacking Midfield,25,40.0
Eredivisie,2025,383,PSV Eindhoven,372267,Guus Til,Attacking Midfield,28,15.0
Eredivisie,2025,383,PSV Eindhoven,813437,Isaac Babadi,Attacking Midfield,21,1.5
Eredivisie,2025,383,PSV Eindhoven,1024747,Nicolas Verkooijen,Attacking Midfield,19,0.6
Eredivisie,2025,383,PSV Eindhoven,987364,Jim Koller,Attacking Midfield,19,0.5
Eredivisie,2025,383,PSV Eindhoven,735701,Ruben van Bommel,Left Winger,21,10.0
Eredivisie,2025,383,PSV Eindhoven,593837,Couhaib Driouech,Left Winger,24,7.5
Eredivisie,2025,383,PSV Eindhoven,397486,Dennis Man,Right Winger,27,15.0
Eredivisie,2025,383,PSV Eindhoven,925862,Esmir Bajraktarevic,Right Winger,21,8.0
Eredivisie,2025,383,PSV Eindhoven,42460,Ivan Perisic,Right Winger,37,1.2
Eredivisie,2025,383,PSV Eindhoven,921345,Tay Abed,Right Winger,21,1.0
Eredivisie,2025,383,PSV Eindhoven,627207,Ricardo Pepi,Centre-Forward,23,30.0
Eredivisie,2025,383,PSV Eindhoven,412932,Myron Boadu,Centre-Forward,25,4.0
Eredivisie,2025,383,PSV Eindhoven,167329,Alassane Pléa,Centre-Forward,33,2.5
Eredivisie,2025,383,PSV Eindhoven,990010,Robin van Duiven,Centre-Forward,20,0.7
Eredivisie,2025,610,Ajax Amsterdam,486604,Vitezslav Jaros,Goalkeeper,24,5.0
Eredivisie,2025,610,Ajax Amsterdam,396077,Maarten Paes,Goalkeeper,28,2.0
Eredivisie,2025,610,Ajax Amsterdam,923667,Joeri Heerkens,Goalkeeper,20,1.0
Eredivisie,2025,610,Ajax Amsterdam,1015401,Paul Reverson,Goalkeeper,21,0.35
Eredivisie,2025,610,Ajax Amsterdam,25520,Remko Pasveer,Goalkeeper,42,0.1
Eredivisie,2025,610,Ajax Amsterdam,1012732,Aymean El Hani,Goalkeeper,19,0.1
Eredivisie,2025,610,Ajax Amsterdam,559327,Youri Baas,Centre-Back,23,20.0
Eredivisie,2025,610,Ajax Amsterdam,371001,Josip Sutalo,Centre-Back,26,12.0
Eredivisie,2025,610,Ajax Amsterdam,355816,Ko Itakura,Centre-Back,29,8.0
Eredivisie,2025,610,Ajax Amsterdam,662131,Ahmetcan Kaplan,Centre-Back,23,7.0
Eredivisie,2025,610,Ajax Amsterdam,765743,Dies Janse,Centre-Back,20,6.5
Eredivisie,2025,610,Ajax Amsterdam,331560,Takehiro Tomiyasu,Centre-Back,27,5.0
Eredivisie,2025,610,Ajax Amsterdam,987366,Aaron Bouwman,Centre-Back,18,3.5
Eredivisie,2025,610,Ajax Amsterdam,891835,Nick Verschuren,Centre-Back,21,1.0
Eredivisie,2025,610,Ajax Amsterdam,1233650,Marvyn Muzungu,Centre-Back,18,0.5
Eredivisie,2025,610,Ajax Amsterdam,1070408,Mylo van der Lans,Centre-Back,19,0.45
Eredivisie,2025,610,Ajax Amsterdam,1111058,Kennynho Kasanwirjo,Centre-Back,18,0.15
Eredivisie,2025,610,Ajax Amsterdam,203853,Oleksandr Zinchenko,Left-Back,29,8.0
Eredivisie,2025,610,Ajax Amsterdam,339328,Owen Wijndal,Left-Back,26,3.0
Eredivisie,2025,610,Ajax Amsterdam,987355,Lucas Jetten,Left-Back,19,0.6
Eredivisie,2025,610,Ajax Amsterdam,468309,Lucas Rosa,Right-Back,26,5.0
Eredivisie,2025,610,Ajax Amsterdam,701055,Anton Gaaei,Right-Back,23,5.0
Eredivisie,2025,610,Ajax Amsterdam,1025412,Ryan van de Pavert,Right-Back,20,0.2
Eredivisie,2025,610,Ajax Amsterdam,1105532,Jorthy Mokio,Defensive Midfield,18,8.0
Eredivisie,2025,610,Ajax Amsterdam,559324,Youri Regeer,Defensive Midfield,22,5.0
Eredivisie,2025,610,Ajax Amsterdam,845289,James McConnell,Defensive Midfield,21,1.5
Eredivisie,2025,610,Ajax Amsterdam,1088697,Jinairo Johnson,Defensive Midfield,19,0.35
Eredivisie,2025,610,Ajax Amsterdam,904790,Mark Verkuijl,Defensive Midfield,20,0.275
Eredivisie,2025,610,Ajax Amsterdam,470394,Kenneth Taylor,Central Midfield,24,25.0
Eredivisie,2025,610,Ajax Amsterdam,1111063,Sean Steur,Central Midfield,18,7.0
Eredivisie,2025,610,Ajax Amsterdam,559333,Kian Fitz-Jim,Central Midfield,22,3.0
Eredivisie,2025,610,Ajax Amsterdam,203938,Branco van den Boomen,Central Midfield,30,2.5
Eredivisie,2025,610,Ajax Amsterdam,182932,Davy Klaassen,Central Midfield,33,2.0
Eredivisie,2025,610,Ajax Amsterdam,1242209,Mohamed Abdalla,Central Midfield,16,0.6
Eredivisie,2025,610,Ajax Amsterdam,1025408,Tijn Peters,Central Midfield,20,0.3
Eredivisie,2025,610,Ajax Amsterdam,891854,Gerald Alders,Right Midfield,21,0.7
Eredivisie,2025,610,Ajax Amsterdam,930571,Oscar Gloukh,Attacking Midfield,22,13.0
Eredivisie,2025,610,Ajax Amsterdam,598491,Rayane Bounida,Attacking Midfield,20,5.0
Eredivisie,2025,610,Ajax Amsterdam,1194905,Abdellah Ouazane,Attacking Midfield,17,1.5
Eredivisie,2025,610,Ajax Amsterdam,748804,Mika Godts,Left Winger,21,35.0
Eredivisie,2025,610,Ajax Amsterdam,624942,Raúl Moro,Left Winger,23,3.5
Eredivisie,2025,610,Ajax Amsterdam,374326,Oliver Edvardsen,Left Winger,27,3.0
Eredivisie,2025,610,Ajax Amsterdam,1111062,Pharell Nash,Left Winger,18,0.5
Eredivisie,2025,610,Ajax Amsterdam,1162160,Maher Carrizo,Right Winger,20,8.0
Eredivisie,2025,610,Ajax Amsterdam,131996,Bertrand Traoré,Right Winger,30,4.0
Eredivisie,2025,610,Ajax Amsterdam,129554,Steven Berghuis,Right Winger,34,2.0
Eredivisie,2025,610,Ajax Amsterdam,473169,Brian Brobbey,Centre-Forward,24,30.0
Eredivisie,2025,610,Ajax Amsterdam,283196,Kasper Dolberg,Centre-Forward,28,7.0
Eredivisie,2025,610,Ajax Amsterdam,228645,Wout Weghorst,Centre-Forward,33,2.0
Eredivisie,2025,610,Ajax Amsterdam,981693,Don-Angelo Konadu,Centre-Forward,20,0.8
Eredivisie,2025,610,Ajax Amsterdam,1155804,Emre Ünüvar,Centre-Forward,18,0.6
Eredivisie,2025,234,Feyenoord Rotterdam,196829,Timon Wellenreuther,Goalkeeper,30,5.0
Eredivisie,2025,234,Feyenoord Rotterdam,315121,Justin Bijlow,Goalkeeper,28,4.0
Eredivisie,2025,234,Feyenoord Rotterdam,381469,Steven Benda,Goalkeeper,27,1.0
Eredivisie,2025,234,Feyenoord Rotterdam,264176,Liam Bossin,Goalkeeper,29,0.35
Eredivisie,2025,234,Feyenoord Rotterdam,746973,Mannou Berger,Goalkeeper,21,0.075
Eredivisie,2025,234,Feyenoord Rotterdam,598791,Tsuyoshi Watanabe,Centre-Back,29,10.0
Eredivisie,2025,234,Feyenoord Rotterdam,377468,Anel Ahmedhodzic,Centre-Back,27,10.0
Eredivisie,2025,234,Feyenoord Rotterdam,593862,Thomas Beelen,Centre-Back,25,5.0
Eredivisie,2025,234,Feyenoord Rotterdam,987370,Thijs Kraaijeveld,Centre-Back,19,5.0
Eredivisie,2025,234,Feyenoord Rotterdam,288253,Jeremiah St. Juste,Centre-Back,29,3.0
Eredivisie,2025,234,Feyenoord Rotterdam,1126894,Malcolm Jeng,Centre-Back,21,2.0
Eredivisie,2025,234,Feyenoord Rotterdam,59145,Gernot Trauner,Centre-Back,34,1.5
Eredivisie,2025,234,Feyenoord Rotterdam,745625,Jan Plug,Centre-Back,21,0.7
Eredivisie,2025,234,Feyenoord Rotterdam,855731,Jordan Bos,Left-Back,23,12.0
Eredivisie,2025,234,Feyenoord Rotterdam,374212,Gijs Smal,Left-Back,28,5.5
Eredivisie,2025,234,Feyenoord Rotterdam,997903,Givairo Read,Right-Back,20,25.0
Eredivisie,2025,234,Feyenoord Rotterdam,313094,Jordan Lotomba,Right-Back,27,3.5
Eredivisie,2025,234,Feyenoord Rotterdam,369554,Mats Deijl,Right-Back,28,2.0
Eredivisie,2025,234,Feyenoord Rotterdam,257987,Bart Nieuwkoop,Right-Back,30,1.5
Eredivisie,2025,234,Feyenoord Rotterdam,667965,Oussama Targhalline,Defensive Midfield,24,16.0
Eredivisie,2025,234,Feyenoord Rotterdam,420213,Quinten Timber,Central Midfield,25,25.0
Eredivisie,2025,234,Feyenoord Rotterdam,384461,Jakub Moder,Central Midfield,27,10.0
Eredivisie,2025,234,Feyenoord Rotterdam,365394,In-beom Hwang,Central Midfield,29,7.0
Eredivisie,2025,234,Feyenoord Rotterdam,601495,Luciano Valente,Attacking Midfield,22,18.0
Eredivisie,2025,234,Feyenoord Rotterdam,593519,Sem Steijn,Attacking Midfield,24,11.0
Eredivisie,2025,234,Feyenoord Rotterdam,1087982,Tobias van den Elshout,Attacking Midfield,19,2.0
Eredivisie,2025,234,Feyenoord Rotterdam,595247,Shiloh 't Zand,Attacking Midfield,23,0.3
Eredivisie,2025,234,Feyenoord Rotterdam,710886,Leo Sauer,Left Winger,20,7.0
Eredivisie,2025,234,Feyenoord Rotterdam,1233996,Gaoussou Diarra,Left Winger,23,1.7
Eredivisie,2025,234,Feyenoord Rotterdam,727480,Jaden Slory,Left Winger,21,0.7
Eredivisie,2025,234,Feyenoord Rotterdam,917911,Anis Hadj Moussa,Right Winger,24,23.0
Eredivisie,2025,234,Feyenoord Rotterdam,409344,Calvin Stengs,Right Winger,27,4.5
Eredivisie,2025,234,Feyenoord Rotterdam,479649,Gonçalo Borges,Right Winger,25,3.0
Eredivisie,2025,234,Feyenoord Rotterdam,134425,Raheem Sterling,Right Winger,31,3.0
Eredivisie,2025,234,Feyenoord Rotterdam,775257,Aymen Sliti,Right Winger,20,2.0
Eredivisie,2025,234,Feyenoord Rotterdam,589128,Ayase Ueda,Centre-Forward,27,17.0
Eredivisie,2025,234,Feyenoord Rotterdam,464598,Casper Tengstedt,Centre-Forward,26,3.5
Eredivisie,2025,234,Feyenoord Rotterdam,343463,Cyle Larin,Centre-Forward,31,2.5
Eredivisie,2025,234,Feyenoord Rotterdam,517811,Shaqueel van Persie,Centre-Forward,19,1.5
Eredivisie,2025,1090,AZ Alkmaar,704772,Rome-Jayden Owusu-Oduro,Goalkeeper,21,6.0
Eredivisie,2025,1090,AZ Alkmaar,79045,Jeroen Zoet,Goalkeeper,35,0.25
Eredivisie,2025,1090,AZ Alkmaar,116471,Hobie Verhulst,Goalkeeper,33,0.15
Eredivisie,2025,1090,AZ Alkmaar,940640,Jur Schipper,Goalkeeper,19,0.125
Eredivisie,2025,1090,AZ Alkmaar,635371,Daniël Deen,Goalkeeper,23,0.1
Eredivisie,2025,1090,AZ Alkmaar,646707,Wouter Goes,Centre-Back,22,15.0
Eredivisie,2025,1090,AZ Alkmaar,479643,Alexandre Penetra,Centre-Back,24,10.0
Eredivisie,2025,1090,AZ Alkmaar,936294,Rion Ichihara,Centre-Back,20,1.5
Eredivisie,2025,1090,AZ Alkmaar,1008564,Billy van Duijl,Centre-Back,20,1.5
Eredivisie,2025,1090,AZ Alkmaar,646704,Maxim Dekker,Centre-Back,22,0.65
Eredivisie,2025,1090,AZ Alkmaar,1058353,Andrea Natali,Centre-Back,18,0.4
Eredivisie,2025,1090,AZ Alkmaar,929130,Mathijs Menu,Centre-Back,21,0.25
Eredivisie,2025,1090,AZ Alkmaar,315254,Mees de Wit,Left-Back,28,6.0
Eredivisie,2025,1090,AZ Alkmaar,1066953,Mateo Chávez,Left-Back,22,4.0
Eredivisie,2025,1090,AZ Alkmaar,957241,Elijah Dijkstra,Right-Back,19,6.0
Eredivisie,2025,1090,AZ Alkmaar,577394,Denso Kasius,Right-Back,23,6.0
Eredivisie,2025,1090,AZ Alkmaar,733438,Seiya Maikuma,Right-Back,28,2.0
Eredivisie,2025,1090,AZ Alkmaar,1055876,Jesper Zwart,Right-Back,19,0.25
Eredivisie,2025,1090,AZ Alkmaar,361074,Peer Koopmeiners,Defensive Midfield,26,12.0
Eredivisie,2025,1090,AZ Alkmaar,988406,Kasper Boogaard,Defensive Midfield,20,2.5
Eredivisie,2025,1090,AZ Alkmaar,104223,Jordy Clasie,Defensive Midfield,35,0.8
Eredivisie,2025,1090,AZ Alkmaar,702447,Nick Twisk,Defensive Midfield,23,0.25
Eredivisie,2025,1090,AZ Alkmaar,747017,Dave Kwakman,Central Midfield,21,1.5
Eredivisie,2025,1090,AZ Alkmaar,595940,Zico Buurmeester,Central Midfield,24,1.3
Eredivisie,2025,1090,AZ Alkmaar,929133,Rio Robbemond,Central Midfield,21,0.4
Eredivisie,2025,1090,AZ Alkmaar,859035,Kees Smit,Attacking Midfield,20,25.0
Eredivisie,2025,1090,AZ Alkmaar,578804,Sven Mijnans,Attacking Midfield,26,15.0
Eredivisie,2025,1090,AZ Alkmaar,724025,Matej Sin,Attacking Midfield,22,3.0
Eredivisie,2025,1090,AZ Alkmaar,801886,Isak Jensen,Left Winger,22,5.0
Eredivisie,2025,1090,AZ Alkmaar,800995,Ro-Zangelo Daal,Left Winger,22,3.0
Eredivisie,2025,1090,AZ Alkmaar,990008,Wassim Bouziane,Left Winger,19,0.45
Eredivisie,2025,1090,AZ Alkmaar,718303,Ernest Poku,Right Winger,22,25.0
Eredivisie,2025,1090,AZ Alkmaar,959106,Weslley Patati,Right Winger,22,4.5
Eredivisie,2025,1090,AZ Alkmaar,1078350,Ayoub Oufkir,Right Winger,20,3.0
Eredivisie,2025,1090,AZ Alkmaar,543501,Ibrahim Sadiq,Right Winger,26,2.0
Eredivisie,2025,1090,AZ Alkmaar,990009,Jasper Hartog,Right Winger,20,0.4
Eredivisie,2025,1090,AZ Alkmaar,552655,Troy Parrott,Centre-Forward,24,25.0
Eredivisie,2025,1090,AZ Alkmaar,678546,Mexx Meerdink,Centre-Forward,22,8.0
Eredivisie,2025,1090,AZ Alkmaar,185817,Jizz Hornkamp,Centre-Forward,28,2.5
Eredivisie,2025,1090,AZ Alkmaar,1129402,Bendegúz Kovács,Centre-Forward,19,1.5
Eredivisie,2025,1090,AZ Alkmaar,728864,Lequincio Zeefuik,Centre-Forward,21,0.85
Eredivisie,2025,1090,AZ Alkmaar,926491,Sem van Duijn,Centre-Forward,22,0.8
Eredivisie,2025,200,FC Utrecht,248658,Vasilios Barkas,Goalkeeper,32,3.0
Eredivisie,2025,200,FC Utrecht,231650,Michael Brouwer,Goalkeeper,33,0.25
Eredivisie,2025,200,FC Utrecht,607133,Kevin Gadellaa,Goalkeeper,23,0.25
Eredivisie,2025,200,FC Utrecht,933914,Mees Eppink,Goalkeeper,20,0.175
Eredivisie,2025,200,FC Utrecht,314915,Siebe Horemans,Centre-Back,28,3.0
Eredivisie,2025,200,FC Utrecht,570597,Matisse Didden,Centre-Back,24,3.0
Eredivisie,2025,200,FC Utrecht,482141,Mike Eerdhuijzen,Centre-Back,25,1.3
Eredivisie,2025,200,FC Utrecht,187105,Mike van der Hoorn,Centre-Back,33,0.75
Eredivisie,2025,200,FC Utrecht,775244,Neal Viereck,Centre-Back,22,0.3
Eredivisie,2025,200,FC Utrecht,93081,Nick Viergever,Centre-Back,36,0.3
Eredivisie,2025,200,FC Utrecht,937571,Per Kloosterboer,Centre-Back,21,0.275
Eredivisie,2025,200,FC Utrecht,541134,Souffian El Karouani,Left-Back,25,15.0
Eredivisie,2025,200,FC Utrecht,457341,Derry Murkin,Left-Back,26,1.5
Eredivisie,2025,200,FC Utrecht,320421,Kolbeinn Finnsson,Left-Back,26,0.7
Eredivisie,2025,200,FC Utrecht,1112524,Emeka Adiele,Left-Back,18,0.7
Eredivisie,2025,200,FC Utrecht,1132706,Viggo Plantinga,Left-Back,19,0.3
Eredivisie,2025,200,FC Utrecht,565436,Alonzo Engwanda,Defensive Midfield,23,8.0
Eredivisie,2025,200,FC Utrecht,361066,Davy van den Berg,Defensive Midfield,26,1.2
Eredivisie,2025,200,FC Utrecht,738475,Oualid Agougil,Defensive Midfield,20,0.5
Eredivisie,2025,200,FC Utrecht,1111077,Jaygo van Ommeren,Defensive Midfield,18,0.5
Eredivisie,2025,200,FC Utrecht,571149,Gjivai Zechiël,Central Midfield,22,10.0
Eredivisie,2025,200,FC Utrecht,340459,Dani de Wit,Central Midfield,28,3.5
Eredivisie,2025,200,FC Utrecht,406609,Can Bozdogan,Central Midfield,25,2.0
Eredivisie,2025,200,FC Utrecht,686845,Zidane Iqbal,Central Midfield,23,1.0
Eredivisie,2025,200,FC Utrecht,422932,Niklas Vesterlund,Right Midfield,27,1.5
Eredivisie,2025,200,FC Utrecht,400548,Victor Jensen,Attacking Midfield,26,2.5
Eredivisie,2025,200,FC Utrecht,738479,Rafik El Arguioui,Attacking Midfield,20,0.5
Eredivisie,2025,200,FC Utrecht,782476,Yoann Cathline,Left Winger,23,6.0
Eredivisie,2025,200,FC Utrecht,367992,Jesper Karlsson,Left Winger,27,3.0
Eredivisie,2025,200,FC Utrecht,875581,Adrian Blake,Left Winger,20,2.0
Eredivisie,2025,200,FC Utrecht,918445,Emirhan Demircan,Left Winger,21,0.45
Eredivisie,2025,200,FC Utrecht,646739,Ángel Alarcón,Right Winger,22,6.0
Eredivisie,2025,200,FC Utrecht,634427,Miguel Rodríguez,Right Winger,23,4.5
Eredivisie,2025,200,FC Utrecht,723008,Miliano Jonathans,Right Winger,22,0.75
Eredivisie,2025,200,FC Utrecht,1182916,Björn Menzo,Right Winger,19,0.25
Eredivisie,2025,200,FC Utrecht,1045344,Artem Stepanov,Centre-Forward,18,5.0
Eredivisie,2025,200,FC Utrecht,604813,David Min,Centre-Forward,27,1.5
Eredivisie,2025,200,FC Utrecht,181375,Sébastien Haller,Centre-Forward,32,1.0
Eredivisie,2025,200,FC Utrecht,557410,Noah Ohio,Centre-Forward,23,0.6
Eredivisie,2025,317,FC Twente Enschede,53696,Lars Unnerstall,Goalkeeper,35,1.0
Eredivisie,2025,317,FC Twente Enschede,430475,Issam El Maach,Goalkeeper,26,0.1
Eredivisie,2025,317,FC Twente Enschede,703779,Sam Karssies,Goalkeeper,23,0.075
Eredivisie,2025,317,FC Twente Enschede,33210,Przemyslaw Tyton,Goalkeeper,39,0.075
Eredivisie,2025,317,FC Twente Enschede,1014172,Yannick Gerritsen,Goalkeeper,20,0.05
Eredivisie,2025,317,FC Twente Enschede,1189172,Ruud Nijstad,Centre-Back,18,10.0
Eredivisie,2025,317,FC Twente Enschede,761326,Stav Lemkin,Centre-Back,23,6.0
Eredivisie,2025,317,FC Twente Enschede,562702,Mees Hilgers,Centre-Back,25,3.0
Eredivisie,2025,317,FC Twente Enschede,618086,Max Bruns,Centre-Back,23,1.5
Eredivisie,2025,317,FC Twente Enschede,202788,Robin Pröpper,Centre-Back,32,1.2
Eredivisie,2025,317,FC Twente Enschede,405892,Alec Van Hoorenbeeck,Centre-Back,27,0.7
Eredivisie,2025,317,FC Twente Enschede,983677,Mats Rots,Left-Back,20,12.0
Eredivisie,2025,317,FC Twente Enschede,187188,Bas Kuipers,Left-Back,31,0.8
Eredivisie,2025,317,FC Twente Enschede,547499,Bart van Rooij,Right-Back,25,10.0
Eredivisie,2025,317,FC Twente Enschede,983553,Guilherme Peixoto,Right-Back,20,0.2
Eredivisie,2025,317,FC Twente Enschede,416660,Ramiz Zerrouki,Defensive Midfield,28,6.5
Eredivisie,2025,317,FC Twente Enschede,528652,Mathias Kjølø,Defensive Midfield,25,1.0
Eredivisie,2025,317,FC Twente Enschede,412941,Thomas van den Belt,Central Midfield,25,4.5
Eredivisie,2025,317,FC Twente Enschede,808578,Daouda Weidmann,Central Midfield,23,0.75
Eredivisie,2025,317,FC Twente Enschede,704075,Gijs Besselink,Central Midfield,22,0.6
Eredivisie,2025,317,FC Twente Enschede,694186,Kristian Hlynsson,Attacking Midfield,22,6.0
Eredivisie,2025,317,FC Twente Enschede,250591,Arno Verschueren,Attacking Midfield,29,0.7
Eredivisie,2025,317,FC Twente Enschede,1002305,Sondre Ørjasæter,Left Winger,22,7.0
Eredivisie,2025,317,FC Twente Enschede,205940,Marko Pjaca,Left Winger,31,1.5
Eredivisie,2025,317,FC Twente Enschede,508639,Naci Ünüvar,Left Winger,23,1.0
Eredivisie,2025,317,FC Twente Enschede,591363,Daan Rots,Right Winger,24,5.0
Eredivisie,2025,317,FC Twente Enschede,393239,Mitchell van Bergen,Right Winger,26,1.5
Eredivisie,2025,317,FC Twente Enschede,513963,Taylor Booth,Right Winger,25,1.0
Eredivisie,2025,317,FC Twente Enschede,1111569,Owen Panneflek,Right Winger,19,0.1
Eredivisie,2025,317,FC Twente Enschede,386914,Sam Lammers,Centre-Forward,29,4.0
Eredivisie,2025,317,FC Twente Enschede,997646,Lucas Vennegoor of Hesselink,Centre-Forward,20,0.25
Eredivisie,2025,317,FC Twente Enschede,41355,Ricky van Wolfswinkel,Centre-Forward,37,0.2
Eredivisie,2025,467,NEC Nijmegen,631049,Gonzalo Crettaz,Goalkeeper,26,4.0
Eredivisie,2025,467,NEC Nijmegen,146227,Jasper Cillessen,Goalkeeper,37,0.3
Eredivisie,2025,467,NEC Nijmegen,593163,Rijk Janse,Goalkeeper,24,0.05
Eredivisie,2025,467,NEC Nijmegen,662131,Ahmetcan Kaplan,Centre-Back,23,7.0
Eredivisie,2025,467,NEC Nijmegen,340460,Philippe Sandler,Centre-Back,29,2.0
Eredivisie,2025,467,NEC Nijmegen,708989,Deveron Fonville,Centre-Back,23,1.5
Eredivisie,2025,467,NEC Nijmegen,241477,Thomas Ouwejan,Centre-Back,29,0.7
Eredivisie,2025,467,NEC Nijmegen,163847,Eli Dasa,Centre-Back,33,0.7
Eredivisie,2025,467,NEC Nijmegen,146258,Jetro Willems,Centre-Back,32,0.25
Eredivisie,2025,467,NEC Nijmegen,104597,Bram Nuytinck,Centre-Back,36,0.2
Eredivisie,2025,467,NEC Nijmegen,258364,Calvin Verdonk,Left-Back,29,2.5
Eredivisie,2025,467,NEC Nijmegen,620317,Brayann Pereira,Right-Back,23,1.0
Eredivisie,2025,467,NEC Nijmegen,576096,Yousri Sbai,Right-Back,21,0.25
Eredivisie,2025,467,NEC Nijmegen,957544,Kodai Sano,Defensive Midfield,22,12.0
Eredivisie,2025,467,NEC Nijmegen,526566,Darko Nejasmic,Defensive Midfield,27,4.0
Eredivisie,2025,467,NEC Nijmegen,485587,Dirk Proper,Defensive Midfield,24,1.5
Eredivisie,2025,467,NEC Nijmegen,775984,Merijn van de Wiel,Defensive Midfield,20,0.1
Eredivisie,2025,467,NEC Nijmegen,926389,Noé Lebreton,Central Midfield,22,4.0
Eredivisie,2025,467,NEC Nijmegen,670116,Isak Hansen-Aarøen,Central Midfield,21,0.6
Eredivisie,2025,467,NEC Nijmegen,1052803,Sam de Laat,Central Midfield,20,0.075
Eredivisie,2025,467,NEC Nijmegen,455127,Willum Thór Willumsson,Attacking Midfield,27,1.5
Eredivisie,2025,467,NEC Nijmegen,312493,Vito van Crooij,Attacking Midfield,30,0.9
Eredivisie,2025,467,NEC Nijmegen,76326,Tjaronn Chery,Attacking Midfield,38,0.4
Eredivisie,2025,467,NEC Nijmegen,814533,Argyris Darelas,Attacking Midfield,22,0.325
Eredivisie,2025,467,NEC Nijmegen,864112,Başar Önal,Left Winger,21,7.0
Eredivisie,2025,467,NEC Nijmegen,214346,Virgil Misidjan,Left Winger,32,0.4
Eredivisie,2025,467,NEC Nijmegen,1024696,Luc Nieuwenhuijs,Left Winger,19,0.05
Eredivisie,2025,467,NEC Nijmegen,747016,Sami Ouaissa,Right Winger,21,8.0
Eredivisie,2025,467,NEC Nijmegen,485582,Sontje Hansen,Right Winger,24,3.5
Eredivisie,2025,467,NEC Nijmegen,505675,Rober González,Right Winger,25,0.7
Eredivisie,2025,467,NEC Nijmegen,432682,Lars Olden Larsen,Second Striker,27,0.6
Eredivisie,2025,467,NEC Nijmegen,1144627,Kento Shiogai,Centre-Forward,21,8.0
Eredivisie,2025,467,NEC Nijmegen,351567,Koki Ogawa,Centre-Forward,28,2.0
Eredivisie,2025,467,NEC Nijmegen,519731,Danilo,Centre-Forward,27,1.5
Eredivisie,2025,467,NEC Nijmegen,444380,Youssef El Kachati,Centre-Forward,26,0.65
Eredivisie,2025,467,NEC Nijmegen,82410,Bryan Linssen,Centre-Forward,35,0.3
Eredivisie,2025,306,SC Heerenveen,725816,Bernt Klaverboer,Goalkeeper,20,3.0
Eredivisie,2025,306,SC Heerenveen,534015,Nordin Bakker,Goalkeeper,28,0.35
Eredivisie,2025,306,SC Heerenveen,276853,Andries Noppert,Goalkeeper,32,0.3
Eredivisie,2025,306,SC Heerenveen,805451,Maas Willemsen,Centre-Back,23,4.5
Eredivisie,2025,306,SC Heerenveen,430797,Sam Kersten,Centre-Back,28,2.0
Eredivisie,2025,306,SC Heerenveen,894050,Nikolai Hopland,Centre-Back,21,1.5
Eredivisie,2025,306,SC Heerenveen,248395,Pawel Bochniewicz,Centre-Back,30,0.7
Eredivisie,2025,306,SC Heerenveen,628042,Hristiyan Petrov,Centre-Back,24,0.5
Eredivisie,2025,306,SC Heerenveen,613781,Vasilios Zagaritis,Left-Back,25,3.0
Eredivisie,2025,306,SC Heerenveen,869067,Oliver Braude,Right-Back,22,5.0
Eredivisie,2025,306,SC Heerenveen,1030525,Mats Egbring,Right-Back,19,0.3
Eredivisie,2025,306,SC Heerenveen,182582,Joris van Overeem,Defensive Midfield,32,1.0
Eredivisie,2025,306,SC Heerenveen,899163,Marcus Linday,Central Midfield,23,5.0
Eredivisie,2025,306,SC Heerenveen,369552,Luuk Brouwers,Central Midfield,28,1.5
Eredivisie,2025,306,SC Heerenveen,607144,Espen van Ee,Central Midfield,22,1.2
Eredivisie,2025,306,SC Heerenveen,886252,Isaiah Ahmed,Central Midfield,20,0.125
Eredivisie,2025,306,SC Heerenveen,577455,Ringo Meerveld,Attacking Midfield,23,5.0
Eredivisie,2025,306,SC Heerenveen,918365,Levi Smans,Attacking Midfield,23,1.5
Eredivisie,2025,306,SC Heerenveen,952414,Nolhan Courtens,Attacking Midfield,19,0.15
Eredivisie,2025,306,SC Heerenveen,735700,Maxence Rivera,Left Winger,24,3.0
Eredivisie,2025,306,SC Heerenveen,551085,Luca Oyen,Left Winger,23,0.9
Eredivisie,2025,306,SC Heerenveen,704773,Amourricho van Axel Dongen,Left Winger,21,0.4
Eredivisie,2025,306,SC Heerenveen,542684,Jacob Trenskow,Right Winger,25,7.5
Eredivisie,2025,306,SC Heerenveen,1130803,Eser Gürbüz,Right Winger,19,0.6
Eredivisie,2025,306,SC Heerenveen,781270,Lasse Nordås,Centre-Forward,24,3.5
Eredivisie,2025,306,SC Heerenveen,369319,Dylan Vente,Centre-Forward,27,2.5
Eredivisie,2025,306,SC Heerenveen,629777,Vaclav Sejk,Centre-Forward,24,1.5
Eredivisie,2025,202,FC Groningen,387197,Etienne Vaessen,Goalkeeper,30,2.5
Eredivisie,2025,202,FC Groningen,215551,Hidde Jurjus,Goalkeeper,32,0.25
Eredivisie,2025,202,FC Groningen,728516,Lovro Stubljar,Goalkeeper,21,0.15
Eredivisie,2025,202,FC Groningen,747635,Dirk Baron,Goalkeeper,23,0.025
Eredivisie,2025,202,FC Groningen,765743,Dies Janse,Centre-Back,20,6.5
Eredivisie,2025,202,FC Groningen,719209,Thijmen Blokzijl,Centre-Back,21,4.0
Eredivisie,2025,202,FC Groningen,125769,Marvin Peersman,Centre-Back,35,0.25
Eredivisie,2025,202,FC Groningen,848755,Sven Bouland,Centre-Back,20,0.15
Eredivisie,2025,202,FC Groningen,1172424,Elvis van der Laan,Centre-Back,18,0.1
Eredivisie,2025,202,FC Groningen,671734,Wouter Prins,Left-Back,22,0.45
Eredivisie,2025,202,FC Groningen,671735,Jorg Schreuders,Right-Back,21,1.7
Eredivisie,2025,202,FC Groningen,237244,Marco Rente,Right-Back,29,1.3
Eredivisie,2025,202,FC Groningen,913289,Tyrique Mercera,Right-Back,22,0.6
Eredivisie,2025,202,FC Groningen,793099,Stije Resink,Defensive Midfield,23,7.0
Eredivisie,2025,202,FC Groningen,816974,Tygo Land,Defensive Midfield,20,2.5
Eredivisie,2025,202,FC Groningen,653725,Tika de Jonge,Central Midfield,23,1.8
Eredivisie,2025,202,FC Groningen,1053908,Travis Hernes,Central Midfield,20,0.35
Eredivisie,2025,202,FC Groningen,671738,Thom van Bergen,Attacking Midfield,22,3.0
Eredivisie,2025,202,FC Groningen,187809,Mats Seuntjens,Attacking Midfield,34,0.275
Eredivisie,2025,202,FC Groningen,557611,Noam Emeran,Left Winger,23,0.2
Eredivisie,2025,202,FC Groningen,866328,Younes Taha,Right Winger,23,4.0
Eredivisie,2025,202,FC Groningen,671737,David van der Werff,Right Winger,21,2.0
Eredivisie,2025,202,FC Groningen,387996,Rui Mendes,Right Winger,26,0.2
Eredivisie,2025,202,FC Groningen,949874,Mark Hoekstra,Right Winger,20,0.075
Eredivisie,2025,202,FC Groningen,464444,Brynjólfur Willumsson,Centre-Forward,25,0.9
Eredivisie,2025,202,FC Groningen,232015,Oskar Zawada,Centre-Forward,30,0.5
Eredivisie,2025,202,FC Groningen,847498,Nils Eggens,Centre-Forward,21,0.275
Eredivisie,2025,468,Sparta Rotterdam,333640,Joël Drommel,Goalkeeper,29,4.0
Eredivisie,2025,468,Sparta Rotterdam,155158,Filip Bednarek,Goalkeeper,33,0.2
Eredivisie,2025,468,Sparta Rotterdam,796490,Pascal Kuiper,Goalkeeper,22,0.075
Eredivisie,2025,468,Sparta Rotterdam,928592,Marvin Young,Centre-Back,20,5.0
Eredivisie,2025,468,Sparta Rotterdam,627069,Teo Quintero,Centre-Back,27,1.3
Eredivisie,2025,468,Sparta Rotterdam,568377,Tijs Velthuis,Centre-Back,24,0.5
Eredivisie,2025,468,Sparta Rotterdam,112052,Bruno Martins Indi,Centre-Back,34,0.3
Eredivisie,2025,468,Sparta Rotterdam,804775,Max de Ligt,Centre-Back,21,0.075
Eredivisie,2025,468,Sparta Rotterdam,738516,Mike Kleijn,Left-Back,21,0.3
Eredivisie,2025,468,Sparta Rotterdam,1102425,Giannino Vianello,Left-Back,19,0.3
Eredivisie,2025,468,Sparta Rotterdam,52119,Patrick van Aanholt,Left-Back,35,0.25
Eredivisie,2025,468,Sparta Rotterdam,1255744,Lushendry Martes,Right-Back,18,3.0
Eredivisie,2025,468,Sparta Rotterdam,412937,Shurandy Sambo,Right-Back,24,1.3
Eredivisie,2025,468,Sparta Rotterdam,524687,Saïd Bakari,Right-Back,31,0.3
Eredivisie,2025,468,Sparta Rotterdam,432694,Joshua Kitolano,Defensive Midfield,24,2.5
Eredivisie,2025,468,Sparta Rotterdam,670105,Alwande Roaldsøy,Central Midfield,22,0.8
Eredivisie,2025,468,Sparta Rotterdam,616340,Julian Baas,Central Midfield,24,0.7
Eredivisie,2025,468,Sparta Rotterdam,31067,Jonathan de Guzmán,Central Midfield,38,0.05
Eredivisie,2025,468,Sparta Rotterdam,566013,Shunsuke Mito,Attacking Midfield,23,2.0
Eredivisie,2025,468,Sparta Rotterdam,1064184,Ayoni Santos,Attacking Midfield,20,2.0
Eredivisie,2025,468,Sparta Rotterdam,312493,Vito van Crooij,Attacking Midfield,30,0.9
Eredivisie,2025,468,Sparta Rotterdam,378316,Lance Duijvestijn,Attacking Midfield,27,0.8
Eredivisie,2025,468,Sparta Rotterdam,134999,Jens Toornstra,Attacking Midfield,37,0.2
Eredivisie,2025,468,Sparta Rotterdam,388220,Sayfallah Ltaief,Left Winger,26,1.3
Eredivisie,2025,468,Sparta Rotterdam,297693,Pelle Clement,Left Winger,30,0.6
Eredivisie,2025,468,Sparta Rotterdam,760508,Joel Ideho,Left Winger,22,0.3
Eredivisie,2025,468,Sparta Rotterdam,1078350,Ayoub Oufkir,Right Winger,20,3.0
Eredivisie,2025,468,Sparta Rotterdam,393239,Mitchell van Bergen,Right Winger,26,1.5
Eredivisie,2025,468,Sparta Rotterdam,679597,Casper Terho,Right Winger,23,1.0
Eredivisie,2025,468,Sparta Rotterdam,272206,Tobias Lauritsen,Centre-Forward,28,3.5
Eredivisie,2025,468,Sparta Rotterdam,818445,Milan Zonneveld,Centre-Forward,22,0.45
Eredivisie,2025,468,Sparta Rotterdam,381349,Nökkvi Thórisson,Centre-Forward,26,0.4
Eredivisie,2025,468,Sparta Rotterdam,943592,Jelani Seedorf,Centre-Forward,21,0.25
Eredivisie,2025,1435,Go Ahead Eagles,426849,Jari De Busser,Goalkeeper,26,4.0
Eredivisie,2025,1435,Go Ahead Eagles,335997,Luca Plogmann,Goalkeeper,26,0.3
Eredivisie,2025,1435,Go Ahead Eagles,690624,Sven Jansen,Goalkeeper,21,0.05
Eredivisie,2025,1435,Go Ahead Eagles,783017,Nando Verdoni,Goalkeeper,22,0.025
Eredivisie,2025,1435,Go Ahead Eagles,326329,Joris Kramer,Centre-Back,29,1.8
Eredivisie,2025,1435,Go Ahead Eagles,566930,Julius Dirksen,Centre-Back,23,0.8
Eredivisie,2025,1435,Go Ahead Eagles,85904,Gerrit Nauber,Centre-Back,34,0.3
Eredivisie,2025,1435,Go Ahead Eagles,805149,Giovanni van Zwam,Centre-Back,22,0.3
Eredivisie,2025,1435,Go Ahead Eagles,624698,Pim Saathof,Centre-Back,22,0.075
Eredivisie,2025,1435,Go Ahead Eagles,529223,Dean James,Left-Back,26,1.7
Eredivisie,2025,1435,Go Ahead Eagles,656132,Aske Adelgaard,Left-Back,22,1.0
Eredivisie,2025,1435,Go Ahead Eagles,369554,Mats Deijl,Right-Back,28,2.0
Eredivisie,2025,1435,Go Ahead Eagles,332530,Alfons Sampsted,Right-Back,28,1.5
Eredivisie,2025,1435,Go Ahead Eagles,921306,Eus Waayers,Right-Back,20,0.35
Eredivisie,2025,1435,Go Ahead Eagles,361112,Evert Linthorst,Defensive Midfield,26,1.2
Eredivisie,2025,1435,Go Ahead Eagles,612758,Calvin Twigt,Defensive Midfield,23,0.75
Eredivisie,2025,1435,Go Ahead Eagles,496873,Xander Blomme,Defensive Midfield,24,0.3
Eredivisie,2025,1435,Go Ahead Eagles,426280,Melle Meulensteen,Central Midfield,26,2.5
Eredivisie,2025,1435,Go Ahead Eagles,412943,Kenzo Goudmijn,Central Midfield,24,0.7
Eredivisie,2025,1435,Go Ahead Eagles,1088311,Yassir Salah Rahmouni,Central Midfield,20,0.45
Eredivisie,2025,1435,Go Ahead Eagles,690665,Robbin Weijenberg,Central Midfield,21,0.2
Eredivisie,2025,1435,Go Ahead Eagles,657957,Jakob Breum,Attacking Midfield,22,5.0
Eredivisie,2025,1435,Go Ahead Eagles,265324,Victor Edvardsen,Attacking Midfield,30,0.8
Eredivisie,2025,1435,Go Ahead Eagles,422760,Mathis Suray,Left Winger,24,3.5
Eredivisie,2025,1435,Go Ahead Eagles,727480,Jaden Slory,Left Winger,21,0.7
Eredivisie,2025,1435,Go Ahead Eagles,486043,Thibo Baeten,Left Winger,24,0.5
Eredivisie,2025,1435,Go Ahead Eagles,715510,Oskar Sivertsen,Left Winger,22,0.45
Eredivisie,2025,1435,Go Ahead Eagles,541601,Søren Tengstedt,Right Winger,26,0.7
Eredivisie,2025,1435,Go Ahead Eagles,577816,Oscar Pettersson,Right Winger,26,0.375
Eredivisie,2025,1435,Go Ahead Eagles,703772,Milan Smit,Centre-Forward,23,2.0
Eredivisie,2025,1435,Go Ahead Eagles,464454,Stefán Ingi Sigurdarson,Centre-Forward,25,2.0
Eredivisie,2025,1435,Go Ahead Eagles,465326,Richonell Margaret,Centre-Forward,25,0.6
Eredivisie,2025,1435,Go Ahead Eagles,241486,Finn Stokkers,Centre-Forward,30,0.3
Eredivisie,2025,1435,Go Ahead Eagles,1184614,Ofosu Boakye,Centre-Forward,18,0.075
Eredivisie,2025,385,Fortuna Sittard,205128,Mattijs Branderhorst,Goalkeeper,32,0.8
Eredivisie,2025,385,Fortuna Sittard,235108,Luuk Koopmans,Goalkeeper,32,0.2
Eredivisie,2025,385,Fortuna Sittard,158104,Nick Marsman,Goalkeeper,35,0.125
Eredivisie,2025,385,Fortuna Sittard,1148221,Niels Martens,Goalkeeper,22,0.025
Eredivisie,2025,385,Fortuna Sittard,1029376,Ramazan Bayram,Goalkeeper,21,0.025
Eredivisie,2025,385,Fortuna Sittard,503640,Neraysho Kasanwirjo,Centre-Back,24,1.5
Eredivisie,2025,385,Fortuna Sittard,678641,Justin Hubner,Centre-Back,22,1.0
Eredivisie,2025,385,Fortuna Sittard,358021,Shawn Adewoye,Centre-Back,26,0.9
Eredivisie,2025,385,Fortuna Sittard,485586,Syb van Ottele,Centre-Back,24,0.6
Eredivisie,2025,385,Fortuna Sittard,296227,Iván Márquez,Centre-Back,32,0.45
Eredivisie,2025,385,Fortuna Sittard,576682,Jasper Dahlhaus,Left-Back,24,1.4
Eredivisie,2025,385,Fortuna Sittard,215099,Daley Sinkgraven,Left-Back,30,0.3
Eredivisie,2025,385,Fortuna Sittard,938431,Marko Kerkez,Left-Back,26,0.2
Eredivisie,2025,385,Fortuna Sittard,442552,Houboulang Mendes,Right-Back,28,0.7
Eredivisie,2025,385,Fortuna Sittard,82281,Ivo Pinto,Right-Back,36,0.25
Eredivisie,2025,385,Fortuna Sittard,620832,Ryan Fosso,Defensive Midfield,24,2.0
Eredivisie,2025,385,Fortuna Sittard,900072,Philip Brittijn,Defensive Midfield,22,1.6
Eredivisie,2025,385,Fortuna Sittard,1135967,Tristan Schenkhuizen,Defensive Midfield,21,0.05
Eredivisie,2025,385,Fortuna Sittard,659521,Edouard Michut,Central Midfield,23,1.2
Eredivisie,2025,385,Fortuna Sittard,357917,Justin Lonwijk,Central Midfield,26,0.8
Eredivisie,2025,385,Fortuna Sittard,566911,Yassin Oukili,Central Midfield,25,0.7
Eredivisie,2025,385,Fortuna Sittard,289510,Samuel Bastien,Central Midfield,29,0.3
Eredivisie,2025,385,Fortuna Sittard,835546,Hasip Korkmazyürek,Central Midfield,23,0.05
Eredivisie,2025,385,Fortuna Sittard,503638,Mohamed Ihattaren,Attacking Midfield,24,3.0
Eredivisie,2025,385,Fortuna Sittard,378316,Lance Duijvestijn,Attacking Midfield,27,0.8
Eredivisie,2025,385,Fortuna Sittard,226074,Alen Halilovic,Attacking Midfield,30,0.4
Eredivisie,2025,385,Fortuna Sittard,915445,Luka Tunjic,Attacking Midfield,20,0.3
Eredivisie,2025,385,Fortuna Sittard,813152,Makan Aïko,Left Winger,25,0.9
Eredivisie,2025,385,Fortuna Sittard,186704,Kristoffer Peterson,Left Winger,31,0.45
Eredivisie,2025,385,Fortuna Sittard,324344,Dimitrios Limnios,Right Winger,28,1.3
Eredivisie,2025,385,Fortuna Sittard,315283,Kaj Sierhuis,Centre-Forward,28,1.8
Eredivisie,2025,385,Fortuna Sittard,180843,Paul Gladon,Centre-Forward,34,0.15
Eredivisie,2025,1269,PEC Zwolle,361082,Jasper Schendelaar,Goalkeeper,25,1.5
Eredivisie,2025,1269,PEC Zwolle,729010,Tom de Graaff,Goalkeeper,21,1.0
Eredivisie,2025,1269,PEC Zwolle,933570,Duke Verduin,Goalkeeper,22,0.025
Eredivisie,2025,1269,PEC Zwolle,631904,Anselmo García MacNulty,Centre-Back,23,1.5
Eredivisie,2025,1269,PEC Zwolle,542858,Simon Graves,Centre-Back,27,1.5
Eredivisie,2025,1269,PEC Zwolle,568377,Tijs Velthuis,Centre-Back,24,0.5
Eredivisie,2025,1269,PEC Zwolle,315211,Sherel Floranus,Left-Back,27,0.8
Eredivisie,2025,1269,PEC Zwolle,640558,Damian van der Haar,Left-Back,22,0.4
Eredivisie,2025,1269,PEC Zwolle,656800,Tristan Gooijer,Right-Back,21,1.5
Eredivisie,2025,1269,PEC Zwolle,720791,Olivier Aertssen,Right-Back,21,0.65
Eredivisie,2025,1269,PEC Zwolle,538057,Eliano Reijnders,Right-Back,25,0.6
Eredivisie,2025,1269,PEC Zwolle,891853,David Voûte,Right-Back,20,0.1
Eredivisie,2025,1269,PEC Zwolle,1347762,Jadiel Pereira da Gama,Defensive Midfield,16,1.5
Eredivisie,2025,1269,PEC Zwolle,203357,Ryan Thomas,Defensive Midfield,31,0.65
Eredivisie,2025,1269,PEC Zwolle,806384,Nick Fichtinger,Defensive Midfield,22,0.35
Eredivisie,2025,1269,PEC Zwolle,595940,Zico Buurmeester,Central Midfield,24,1.3
Eredivisie,2025,1269,PEC Zwolle,272930,Jamiro Monteiro,Central Midfield,32,0.65
Eredivisie,2025,1269,PEC Zwolle,1146453,Givaro Rahajaän,Central Midfield,18,0.1
Eredivisie,2025,1269,PEC Zwolle,441216,Thijs Oosting,Attacking Midfield,26,0.9
Eredivisie,2025,1269,PEC Zwolle,360520,Odysseus Velanas,Attacking Midfield,28,0.55
Eredivisie,2025,1269,PEC Zwolle,827711,Gabriël Reiziger,Attacking Midfield,20,0.25
Eredivisie,2025,1269,PEC Zwolle,564620,Samir Lagsir,Attacking Midfield,23,0.125
Eredivisie,2025,1269,PEC Zwolle,540927,Kaj de Rooij,Left Winger,25,1.0
Eredivisie,2025,1269,PEC Zwolle,231590,Braydon Manu,Left Winger,29,0.275
Eredivisie,2025,1269,PEC Zwolle,640026,Shola Shoretire,Right Winger,22,2.0
Eredivisie,2025,1269,PEC Zwolle,227039,Younes Namli,Right Winger,32,1.0
Eredivisie,2025,1269,PEC Zwolle,502289,Dylan Mbayo,Right Winger,24,0.9
Eredivisie,2025,1269,PEC Zwolle,949480,Jan Faberski,Right Winger,20,0.5
Eredivisie,2025,1269,PEC Zwolle,453121,Koen Kostons,Centre-Forward,26,1.5
Eredivisie,2025,1269,PEC Zwolle,357826,Thomas Buitink,Centre-Forward,26,0.25
Eredivisie,2025,798,Excelsior Rotterdam,301696,Stijn van Gassel,Goalkeeper,29,1.0
Eredivisie,2025,798,Excelsior Rotterdam,485588,Calvin Raatsie,Goalkeeper,24,0.3
Eredivisie,2025,798,Excelsior Rotterdam,1088035,Tijmen Holla,Goalkeeper,19,0.075
Eredivisie,2025,798,Excelsior Rotterdam,605395,Casper Widell,Centre-Back,23,1.5
Eredivisie,2025,798,Excelsior Rotterdam,596178,Rick Meissen,Centre-Back,24,0.8
Eredivisie,2025,798,Excelsior Rotterdam,801031,Lewis Schouten,Centre-Back,22,0.7
Eredivisie,2025,798,Excelsior Rotterdam,675981,Stan Henderikx,Centre-Back,22,0.35
Eredivisie,2025,798,Excelsior Rotterdam,457092,Simon Janssen,Left-Back,25,0.4
Eredivisie,2025,798,Excelsior Rotterdam,491292,Ilias Bronkhorst,Right-Back,29,0.7
Eredivisie,2025,798,Excelsior Rotterdam,720189,Nolan Martens,Right-Back,21,0.45
Eredivisie,2025,798,Excelsior Rotterdam,590773,Hamdi Akujobi,Right-Back,26,0.3
Eredivisie,2025,798,Excelsior Rotterdam,675844,Adam Carlén,Defensive Midfield,26,0.4
Eredivisie,2025,798,Excelsior Rotterdam,1299824,Stijn Middendorp,Defensive Midfield,22,0.225
Eredivisie,2025,798,Excelsior Rotterdam,595238,Lennard Hartjes,Central Midfield,23,0.8
Eredivisie,2025,798,Excelsior Rotterdam,1057565,Chris-Kévin Nadje,Central Midfield,24,0.5
Eredivisie,2025,798,Excelsior Rotterdam,608889,Mathijs Tielemans,Central Midfield,24,0.35
Eredivisie,2025,798,Excelsior Rotterdam,536477,Arthur Zagré,Left Midfield,24,2.0
Eredivisie,2025,798,Excelsior Rotterdam,806245,Irakli Yegoian,Attacking Midfield,22,1.8
Eredivisie,2025,798,Excelsior Rotterdam,578544,Noah Naujoks,Attacking Midfield,24,1.5
Eredivisie,2025,798,Excelsior Rotterdam,747243,Gyan de Regt,Left Winger,22,0.9
Eredivisie,2025,798,Excelsior Rotterdam,726526,Stefan Mitrović,Left Winger,23,0.8
Eredivisie,2025,798,Excelsior Rotterdam,276002,Emil Hansson,Left Winger,28,0.75
Eredivisie,2025,798,Excelsior Rotterdam,746838,Zach Booth,Left Winger,22,0.35
Eredivisie,2025,798,Excelsior Rotterdam,608407,Derensili Sanches Fernandes,Right Winger,25,0.9
Eredivisie,2025,798,Excelsior Rotterdam,723008,Miliano Jonathans,Right Winger,22,0.75
Eredivisie,2025,798,Excelsior Rotterdam,1015959,Do-young Yoon,Right Winger,19,0.7
Eredivisie,2025,798,Excelsior Rotterdam,554282,Szymon Wlodarczyk,Centre-Forward,23,0.75
Eredivisie,2025,798,Excelsior Rotterdam,1142631,Jerolldino Bergraaf,Centre-Forward,19,0.3
Eredivisie,2025,798,Excelsior Rotterdam,183397,Mike van Duinen,Centre-Forward,34,0.15
Eredivisie,2025,798,Excelsior Rotterdam,775044,Nesto Groen,Centre-Forward,21,0.1
Eredivisie,2025,724,FC Volendam,790669,Kayne van Oevelen,Goalkeeper,22,2.0
Eredivisie,2025,724,FC Volendam,729011,Roy Steur,Goalkeeper,21,0.2
Eredivisie,2025,724,FC Volendam,820331,Arouna Kabba,Goalkeeper,21,0.05
Eredivisie,2025,724,FC Volendam,587297,Dion Vlak,Goalkeeper,25,0.025
Eredivisie,2025,724,FC Volendam,640432,Xavier Mbuyamba,Centre-Back,24,1.5
Eredivisie,2025,724,FC Volendam,891835,Nick Verschuren,Centre-Back,21,1.0
Eredivisie,2025,724,FC Volendam,170720,Mawouna Amevor,Centre-Back,34,0.2
Eredivisie,2025,724,FC Volendam,710999,Silvinho Esajas,Centre-Back,23,0.15
Eredivisie,2025,724,FC Volendam,1175045,Luca Blondeau,Centre-Back,20,0.075
Eredivisie,2025,724,FC Volendam,541020,Yannick Leliendal,Left-Back,24,1.0
Eredivisie,2025,724,FC Volendam,56836,Aaron Meijers,Left-Back,38,0.075
Eredivisie,2025,724,FC Volendam,936006,Precious Ugwu,Right-Back,20,0.5
Eredivisie,2025,724,FC Volendam,790411,Déron Payne,Right-Back,23,0.35
Eredivisie,2025,724,FC Volendam,559325,Gibson Yah,Defensive Midfield,22,1.3
Eredivisie,2025,724,FC Volendam,940095,Nordin Bukala,Defensive Midfield,20,0.6
Eredivisie,2025,724,FC Volendam,1196804,Anass Bouziane,Defensive Midfield,19,0.025
Eredivisie,2025,724,FC Volendam,348863,Juninho Bacuna,Central Midfield,28,1.7
Eredivisie,2025,724,FC Volendam,747017,Dave Kwakman,Central Midfield,21,1.5
Eredivisie,2025,724,FC Volendam,765468,Milan de Haan,Central Midfield,22,0.55
Eredivisie,2025,724,FC Volendam,954125,Kiano Dyer,Central Midfield,19,0.1
Eredivisie,2025,724,FC Volendam,928359,Myron Mau-Asam,Central Midfield,22,0.05
Eredivisie,2025,724,FC Volendam,1175048,Robin van Cruijsen,Attacking Midfield,20,1.2
Eredivisie,2025,724,FC Volendam,380118,Ozan Kökcü,Attacking Midfield,27,0.375
Eredivisie,2025,724,FC Volendam,1104143,Benjamin Pauwels,Left Winger,21,0.8
Eredivisie,2025,724,FC Volendam,410719,Alex Plat,Left Winger,28,0.3
Eredivisie,2025,724,FC Volendam,760508,Joel Ideho,Left Winger,22,0.3
Eredivisie,2025,724,FC Volendam,1055235,Key-Shawn Wong-A-Soij,Left Winger,19,0.05
Eredivisie,2025,724,FC Volendam,241324,Bilal Ould-Chikh,Right Winger,28,0.65
Eredivisie,2025,724,FC Volendam,654902,Aurelio Oehlers,Right Winger,22,0.5
Eredivisie,2025,724,FC Volendam,232219,Brandley Kuwas,Right Winger,33,0.25
Eredivisie,2025,724,FC Volendam,565434,Anthony Descotte,Centre-Forward,22,0.6
Eredivisie,2025,724,FC Volendam,271743,Henk Veerman,Centre-Forward,35,0.25
Eredivisie,2025,724,FC Volendam,186763,Robert Mühren,Centre-Forward,37,0.125
Eredivisie,2025,724,FC Volendam,935250,Mauro Zijlstra,Centre-Forward,21,0.075
Eredivisie,2025,724,FC Volendam,1055233,Jesper Tielemans,Centre-Forward,20,0.05
Eredivisie,2025,1304,Heracles Almelo,462285,Fabian de Keijzer,Goalkeeper,26,0.4
Eredivisie,2025,1304,Heracles Almelo,703778,Timo Jansink,Goalkeeper,23,0.15
Eredivisie,2025,1304,Heracles Almelo,25520,Remko Pasveer,Goalkeeper,42,0.1
Eredivisie,2025,1304,Heracles Almelo,535741,Robin Mantel,Goalkeeper,25,0.05
Eredivisie,2025,1304,Heracles Almelo,405892,Alec Van Hoorenbeeck,Centre-Back,27,0.7
Eredivisie,2025,1304,Heracles Almelo,482838,Ivan Mesik,Centre-Back,25,0.6
Eredivisie,2025,1304,Heracles Almelo,257986,Damon Mirani,Centre-Back,30,0.45
Eredivisie,2025,1304,Heracles Almelo,155806,Mike te Wierik,Centre-Back,34,0.2
Eredivisie,2025,1304,Heracles Almelo,464906,Sava-Arangel Cestic,Centre-Back,25,0.15
Eredivisie,2025,1304,Heracles Almelo,936604,Jop Tijink,Centre-Back,21,0.05
Eredivisie,2025,1304,Heracles Almelo,500274,Lorenzo Milani,Left-Back,25,0.15
Eredivisie,2025,1304,Heracles Almelo,591880,Mimeirhel Benita,Right-Back,22,0.5
Eredivisie,2025,1304,Heracles Almelo,447801,Jannes Wieckhoff,Right-Back,25,0.35
Eredivisie,2025,1304,Heracles Almelo,618083,Sem Scheperman,Defensive Midfield,24,0.6
Eredivisie,2025,1304,Heracles Almelo,377720,Daniël van Kaam,Defensive Midfield,26,0.375
Eredivisie,2025,1304,Heracles Almelo,916461,Rhys Bozinovski,Defensive Midfield,21,0.35
Eredivisie,2025,1304,Heracles Almelo,265625,Ajdin Hrustic,Central Midfield,29,0.6
Eredivisie,2025,1304,Heracles Almelo,487924,Jan Zamburek,Central Midfield,25,0.4
Eredivisie,2025,1304,Heracles Almelo,501049,Erik Ahlstrand,Central Midfield,24,0.4
Eredivisie,2025,1304,Heracles Almelo,596148,Djevencio van der Kust,Central Midfield,25,0.35
Eredivisie,2025,1304,Heracles Almelo,597104,Walid Ould-Chikh,Attacking Midfield,26,0.55
Eredivisie,2025,1304,Heracles Almelo,326300,Jeff Reine-Adélaïde,Attacking Midfield,28,0.5
Eredivisie,2025,1304,Heracles Almelo,793702,Tristan van Gilst,Attacking Midfield,23,0.35
Eredivisie,2025,1304,Heracles Almelo,241378,Jordy Bruijn,Attacking Midfield,29,0.325
Eredivisie,2025,1304,Heracles Almelo,172202,Thomas Bruns,Attacking Midfield,34,0.175
Eredivisie,2025,1304,Heracles Almelo,508639,Naci Ünüvar,Left Winger,23,1.0
Eredivisie,2025,1304,Heracles Almelo,586659,Yvandro Borges Sanches,Left Winger,22,0.4
Eredivisie,2025,1304,Heracles Almelo,93637,Mario Engels,Left Winger,32,0.3
Eredivisie,2025,1304,Heracles Almelo,1025411,Giandro Sambo,Left Winger,19,0.05
Eredivisie,2025,1304,Heracles Almelo,502288,Bryan Limbombe,Right Winger,25,0.4
Eredivisie,2025,1304,Heracles Almelo,1476385,Sil Blokhuis,Right Winger,18,0.05
Eredivisie,2025,1304,Heracles Almelo,185817,Jizz Hornkamp,Centre-Forward,28,2.5
Eredivisie,2025,1304,Heracles Almelo,728864,Lequincio Zeefuik,Centre-Forward,21,0.85
Eredivisie,2025,1304,Heracles Almelo,569470,Luka Kulenovic,Centre-Forward,26,0.65
Eredivisie,2025,1304,Heracles Almelo,989998,Diego van Oorschot,Centre-Forward,20,0.15
Eredivisie,2025,1304,Heracles Almelo,679414,Antonio Satriano,Centre-Forward,22,0.075
Eredivisie,2025,1434,SC Telstar,271549,Ronald Koeman Jr.,Goalkeeper,31,0.7
Eredivisie,2025,1434,SC Telstar,412946,Daan Reiziger,Goalkeeper,25,0.1
Eredivisie,2025,1434,SC Telstar,663961,Tyrick Bodak,Goalkeeper,24,0.025
Eredivisie,2025,1434,SC Telstar,590777,Guus Offerhaus,Centre-Back,25,0.8
Eredivisie,2025,1434,SC Telstar,951398,Neville Ogidi Nwankwo,Centre-Back,23,0.8
Eredivisie,2025,1434,SC Telstar,250440,Danny Bakker,Centre-Back,31,0.45
Eredivisie,2025,1434,SC Telstar,748604,Devon Koswal,Centre-Back,22,0.45
Eredivisie,2025,1434,SC Telstar,84405,Dion Malone,Centre-Back,37,0.075
Eredivisie,2025,1434,SC Telstar,992161,Jaylan van Schooneveld,Centre-Back,21,0.025
Eredivisie,2025,1434,SC Telstar,399350,Nigel Ogidi Nwankwo,Left-Back,27,0.125
Eredivisie,2025,1434,SC Telstar,1006923,Adil Lechkar,Right-Back,24,0.15
Eredivisie,2025,1434,SC Telstar,682568,Cedric Hatenboer,Defensive Midfield,21,2.0
Eredivisie,2025,1434,SC Telstar,694039,Nils Rossen,Defensive Midfield,21,0.7
Eredivisie,2025,1434,SC Telstar,461644,Tyrone Owusu,Central Midfield,27,0.6
Eredivisie,2025,1434,SC Telstar,1104231,Rojendro Oudsten,Central Midfield,18,0.1
Eredivisie,2025,1434,SC Telstar,708005,Tyrese Noslin,Right Midfield,23,0.75
Eredivisie,2025,1434,SC Telstar,891854,Gerald Alders,Right Midfield,21,0.7
Eredivisie,2025,1434,SC Telstar,263555,Jeff Hardeveld,Left Midfield,31,0.45
Eredivisie,2025,1434,SC Telstar,865281,Jochem Ritmeester van de Kamp,Attacking Midfield,22,1.5
Eredivisie,2025,1434,SC Telstar,593824,Patrick Brouwer,Attacking Midfield,25,0.75
Eredivisie,2025,1434,SC Telstar,322616,Dylan Mertens,Attacking Midfield,30,0.2
Eredivisie,2025,1434,SC Telstar,926491,Sem van Duijn,Centre-Forward,22,0.8
Eredivisie,2025,1434,SC Telstar,818445,Milan Zonneveld,Centre-Forward,22,0.45
Eredivisie,2025,1434,SC Telstar,779752,Soufiane Hetli,Centre-Forward,25,0.45
Eredivisie,2025,1434,SC Telstar,381349,Nökkvi Thórisson,Centre-Forward,26,0.4
Eredivisie,2025,1434,SC Telstar,943592,Jelani Seedorf,Centre-Forward,21,0.25
Eredivisie,2025,1434,SC Telstar,442885,Kay Tejan,Centre-Forward,29,0.25
Eredivisie,2025,1434,SC Telstar,804906,Sebastiaan Hagedoorn,Centre-Forward,21,0.1
Eredivisie,2025,132,NAC Breda,463233,Daniel Bielica,Goalkeeper,27,0.8
Eredivisie,2025,132,NAC Breda,64352,Kostas Lamprou,Goalkeeper,34,0.15
Eredivisie,2025,132,NAC Breda,195546,Roy Kortsmit,Goalkeeper,33,0.125
Eredivisie,2025,132,NAC Breda,1346738,Thomas Goos,Goalkeeper,18,0.05
Eredivisie,2025,132,NAC Breda,434110,Leo Greiml,Centre-Back,24,0.9
Eredivisie,2025,132,NAC Breda,559334,Rio Hillen,Centre-Back,23,0.6
Eredivisie,2025,132,NAC Breda,329055,Enes Mahmutovic,Centre-Back,29,0.25
Eredivisie,2025,132,NAC Breda,59641,Denis Odoi,Centre-Back,38,0.15
Eredivisie,2025,132,NAC Breda,428502,Boy Kemper,Left-Back,27,1.0
Eredivisie,2025,132,NAC Breda,571150,Jayden Candelaria,Left-Back,22,0.15
Eredivisie,2025,132,NAC Breda,936581,Cherrion Valerius,Right-Back,20,0.65
Eredivisie,2025,132,NAC Breda,406091,Boyd Lucassen,Right-Back,27,0.35
Eredivisie,2025,132,NAC Breda,849428,Max Balard,Defensive Midfield,25,0.9
Eredivisie,2025,132,NAC Breda,596158,Casper Staring,Defensive Midfield,25,0.35
Eredivisie,2025,132,NAC Breda,218233,Fredrik Oldrup Jensen,Defensive Midfield,33,0.25
Eredivisie,2025,132,NAC Breda,250464,Clint Leemans,Central Midfield,30,0.4
Eredivisie,2025,132,NAC Breda,55508,Lewis Holtby,Central Midfield,35,0.3
Eredivisie,2025,132,NAC Breda,824000,Lars Mol,Central Midfield,21,0.25
Eredivisie,2025,132,NAC Breda,640565,Mohamed Nassoh,Attacking Midfield,23,0.7
Eredivisie,2025,132,NAC Breda,564489,Kamal Sowah,Left Winger,26,0.75
Eredivisie,2025,132,NAC Breda,716756,Raul Paula,Left Winger,22,0.35
Eredivisie,2025,132,NAC Breda,743390,Brahim Ghalidi,Left Winger,21,0.175
Eredivisie,2025,132,NAC Breda,741587,Juho Talvitie,Right Winger,21,0.7
Eredivisie,2025,132,NAC Breda,439292,Sydney van Hooijdonk,Centre-Forward,26,1.0
Eredivisie,2025,132,NAC Breda,980576,Amine Salama,Centre-Forward,25,1.0
Eredivisie,2025,132,NAC Breda,1053240,Moussa Soumano,Centre-Forward,20,0.75
Eredivisie,2025,132,NAC Breda,595028,Charles-Andreas Brym,Centre-Forward,27,0.35
Eredivisie,2025,132,NAC Breda,1409754,Pepijn Reulen,Centre-Forward,18,0.3
Eredivisie,2025,132,NAC Breda,45403,André Ayew,Centre-Forward,36,0.25
Eredivisie,2025,132,NAC Breda,678666,Dion Versluis,Centre-Forward,23,0.05
Eredivisie,2026,383,PSV Eindhoven,550829,Matej Kovar,Goalkeeper,26,8.0
Eredivisie,2026,383,PSV Eindhoven,215094,Nick Olij,Goalkeeper,31,2.0
Eredivisie,2026,383,PSV Eindhoven,720805,Tijn Smolenaars,Goalkeeper,21,0.2
Eredivisie,2026,383,PSV Eindhoven,1146761,Khadim Ngom,Goalkeeper,21,0.05
Eredivisie,2026,383,PSV Eindhoven,420210,Lutsharel Geertruida,Centre-Back,26,20.0
Eredivisie,2026,383,PSV Eindhoven,895334,Yarek Gasiorowski,Centre-Back,21,18.0
Eredivisie,2026,383,PSV Eindhoven,586429,Ryan Flamingo,Centre-Back,23,14.0
Eredivisie,2026,383,PSV Eindhoven,339337,Armando Obispo,Centre-Back,27,4.0
Eredivisie,2026,383,PSV Eindhoven,800976,Adamo Nagalo,Centre-Back,23,2.8
Eredivisie,2026,383,PSV Eindhoven,1135623,Fabian Merién,Centre-Back,17,0.75
Eredivisie,2026,383,PSV Eindhoven,323910,Mauro Júnior,Left-Back,27,18.0
Eredivisie,2026,383,PSV Eindhoven,161011,Filip Kostic,Left-Back,33,2.0
Eredivisie,2026,383,PSV Eindhoven,361104,Sergiño Dest,Right-Back,25,18.0
Eredivisie,2026,383,PSV Eindhoven,548348,Kiliann Sildillia,Right-Back,24,7.0
Eredivisie,2026,383,PSV Eindhoven,347900,Jerdy Schouten,Defensive Midfield,29,20.0
Eredivisie,2026,383,PSV Eindhoven,957544,Kodai Sano,Defensive Midfield,22,12.0
Eredivisie,2026,383,PSV Eindhoven,900909,Paul Wanner,Central Midfield,20,22.0
Eredivisie,2026,383,PSV Eindhoven,1095107,Noah Fernandez,Central Midfield,18,4.0
Eredivisie,2026,383,PSV Eindhoven,372267,Guus Til,Attacking Midfield,28,15.0
Eredivisie,2026,383,PSV Eindhoven,578804,Sven Mijnans,Attacking Midfield,26,15.0
Eredivisie,2026,383,PSV Eindhoven,1064184,Ayoni Santos,Attacking Midfield,21,2.0
Eredivisie,2026,383,PSV Eindhoven,735701,Ruben van Bommel,Left Winger,22,10.0
Eredivisie,2026,383,PSV Eindhoven,1146474,Amir Bouhamdi,Left Winger,18,0.15
Eredivisie,2026,383,PSV Eindhoven,397486,Dennis Man,Right Winger,28,15.0
Eredivisie,2026,383,PSV Eindhoven,747016,Sami Ouaissa,Right Winger,21,8.0
Eredivisie,2026,383,PSV Eindhoven,925862,Esmir Bajraktarevic,Right Winger,21,8.0
Eredivisie,2026,383,PSV Eindhoven,42460,Ivan Perisic,Right Winger,37,1.2
Eredivisie,2026,383,PSV Eindhoven,627207,Ricardo Pepi,Centre-Forward,23,30.0
Eredivisie,2026,383,PSV Eindhoven,386914,Sam Lammers,Centre-Forward,29,4.0
Eredivisie,2026,383,PSV Eindhoven,167329,Alassane Pléa,Centre-Forward,33,2.5
Eredivisie,2026,383,PSV Eindhoven,1189915,Mikkel Bro Hansen,Centre-Forward,17,0.8
Eredivisie,2026,610,Ajax Amsterdam,74857,Marc ter Stegen,Goalkeeper,34,3.0
Eredivisie,2026,610,Ajax Amsterdam,396077,Maarten Paes,Goalkeeper,28,2.0
Eredivisie,2026,610,Ajax Amsterdam,923667,Joeri Heerkens,Goalkeeper,20,1.0
Eredivisie,2026,610,Ajax Amsterdam,559327,Youri Baas,Centre-Back,23,20.0
Eredivisie,2026,610,Ajax Amsterdam,228948,Thilo Kehrer,Centre-Back,29,12.0
Eredivisie,2026,610,Ajax Amsterdam,765743,Dies Janse,Centre-Back,20,6.5
Eredivisie,2026,610,Ajax Amsterdam,987366,Aaron Bouwman,Centre-Back,19,3.5
Eredivisie,2026,610,Ajax Amsterdam,12282,Daley Blind,Centre-Back,36,1.2
Eredivisie,2026,610,Ajax Amsterdam,420064,Caio Henrique,Left-Back,29,12.0
Eredivisie,2026,610,Ajax Amsterdam,339328,Owen Wijndal,Left-Back,26,3.0
Eredivisie,2026,610,Ajax Amsterdam,1009765,Jofre Torrents,Left-Back,19,1.0
Eredivisie,2026,610,Ajax Amsterdam,468309,Lucas Rosa,Right-Back,26,5.0
Eredivisie,2026,610,Ajax Amsterdam,701055,Anton Gaaei,Right-Back,23,5.0
Eredivisie,2026,610,Ajax Amsterdam,287579,Sofyan Amrabat,Defensive Midfield,30,10.0
Eredivisie,2026,610,Ajax Amsterdam,410425,Yves Bissouma,Defensive Midfield,30,10.0
Eredivisie,2026,610,Ajax Amsterdam,1105532,Jorthy Mokio,Defensive Midfield,18,8.0
Eredivisie,2026,610,Ajax Amsterdam,182932,Davy Klaassen,Central Midfield,33,2.0
Eredivisie,2026,610,Ajax Amsterdam,187492,Julian Brandt,Attacking Midfield,30,15.0
Eredivisie,2026,610,Ajax Amsterdam,930571,Oscar Gloukh,Attacking Midfield,22,13.0
Eredivisie,2026,610,Ajax Amsterdam,598491,Rayane Bounida,Attacking Midfield,20,5.0
Eredivisie,2026,610,Ajax Amsterdam,1194905,Abdellah Ouazane,Attacking Midfield,17,1.5
Eredivisie,2026,610,Ajax Amsterdam,658536,Simon Adingra,Left Winger,24,22.0
Eredivisie,2026,610,Ajax Amsterdam,374326,Oliver Edvardsen,Left Winger,27,3.0
Eredivisie,2026,610,Ajax Amsterdam,264372,Viktor Tsygankov,Right Winger,28,15.0
Eredivisie,2026,610,Ajax Amsterdam,129554,Steven Berghuis,Right Winger,34,2.0
Eredivisie,2026,610,Ajax Amsterdam,668267,Marcos Leonardo,Centre-Forward,23,20.0
Eredivisie,2026,610,Ajax Amsterdam,683571,Tolu Arokodare,Centre-Forward,25,20.0
Eredivisie,2026,610,Ajax Amsterdam,283196,Kasper Dolberg,Centre-Forward,28,7.0
Eredivisie,2026,234,Feyenoord Rotterdam,553282,Tjark Ernst,Goalkeeper,23,4.0
Eredivisie,2026,234,Feyenoord Rotterdam,255294,Florian Kastenmeier,Goalkeeper,29,1.0
Eredivisie,2026,234,Feyenoord Rotterdam,264176,Liam Bossin,Goalkeeper,30,0.35
Eredivisie,2026,234,Feyenoord Rotterdam,746973,Mannou Berger,Goalkeeper,21,0.075
Eredivisie,2026,234,Feyenoord Rotterdam,598791,Tsuyoshi Watanabe,Centre-Back,29,10.0
Eredivisie,2026,234,Feyenoord Rotterdam,617060,Mika Mármol,Centre-Back,25,10.0
Eredivisie,2026,234,Feyenoord Rotterdam,593862,Thomas Beelen,Centre-Back,25,5.0
Eredivisie,2026,234,Feyenoord Rotterdam,987370,Thijs Kraaijeveld,Centre-Back,19,5.0
Eredivisie,2026,234,Feyenoord Rotterdam,288253,Jeremiah St. Juste,Centre-Back,29,3.0
Eredivisie,2026,234,Feyenoord Rotterdam,1016034,Tijme Wessels,Centre-Back,19,0.6
Eredivisie,2026,234,Feyenoord Rotterdam,855731,Jordan Bos,Left-Back,23,12.0
Eredivisie,2026,234,Feyenoord Rotterdam,374212,Gijs Smal,Left-Back,29,5.5
Eredivisie,2026,234,Feyenoord Rotterdam,568158,Javi López,Left-Back,24,5.0
Eredivisie,2026,234,Feyenoord Rotterdam,997903,Givairo Read,Right-Back,20,25.0
Eredivisie,2026,234,Feyenoord Rotterdam,369554,Mats Deijl,Right-Back,29,2.0
Eredivisie,2026,234,Feyenoord Rotterdam,257987,Bart Nieuwkoop,Right-Back,30,1.5
Eredivisie,2026,234,Feyenoord Rotterdam,667965,Oussama Targhalline,Defensive Midfield,24,16.0
Eredivisie,2026,234,Feyenoord Rotterdam,569845,Charles Vanhoutte,Defensive Midfield,28,7.0
Eredivisie,2026,234,Feyenoord Rotterdam,384461,Jakub Moder,Central Midfield,27,10.0
Eredivisie,2026,234,Feyenoord Rotterdam,571149,Gjivai Zechiël,Central Midfield,22,10.0
Eredivisie,2026,234,Feyenoord Rotterdam,601495,Luciano Valente,Attacking Midfield,22,18.0
Eredivisie,2026,234,Feyenoord Rotterdam,593519,Sem Steijn,Attacking Midfield,24,11.0
Eredivisie,2026,234,Feyenoord Rotterdam,1087982,Tobias van den Elshout,Attacking Midfield,19,2.0
Eredivisie,2026,234,Feyenoord Rotterdam,340325,Reiss Nelson,Left Winger,26,8.0
Eredivisie,2026,234,Feyenoord Rotterdam,1233996,Gaoussou Diarra,Left Winger,23,1.7
Eredivisie,2026,234,Feyenoord Rotterdam,1242183,Jivayno Zinhagel,Left Winger,17,1.5
Eredivisie,2026,234,Feyenoord Rotterdam,917911,Anis Hadj Moussa,Right Winger,24,23.0
Eredivisie,2026,234,Feyenoord Rotterdam,479649,Gonçalo Borges,Right Winger,25,3.0
Eredivisie,2026,234,Feyenoord Rotterdam,1353447,Jerayno Schaken,Right Winger,17,2.0
Eredivisie,2026,234,Feyenoord Rotterdam,867357,Nacho Ferri,Centre-Forward,21,6.0
Eredivisie,2026,234,Feyenoord Rotterdam,517811,Shaqueel van Persie,Centre-Forward,19,1.5
Eredivisie,2026,1090,AZ Alkmaar,704772,Rome-Jayden Owusu-Oduro,Goalkeeper,22,6.0
Eredivisie,2026,1090,AZ Alkmaar,426849,Jari De Busser,Goalkeeper,26,4.0
Eredivisie,2026,1090,AZ Alkmaar,79045,Jeroen Zoet,Goalkeeper,35,0.25
Eredivisie,2026,1090,AZ Alkmaar,116471,Hobie Verhulst,Goalkeeper,33,0.15
Eredivisie,2026,1090,AZ Alkmaar,646707,Wouter Goes,Centre-Back,22,15.0
Eredivisie,2026,1090,AZ Alkmaar,936294,Rion Ichihara,Centre-Back,21,1.5
Eredivisie,2026,1090,AZ Alkmaar,253765,Wesley Hoedt,Centre-Back,32,1.2
Eredivisie,2026,1090,AZ Alkmaar,801031,Lewis Schouten,Centre-Back,22,0.7
Eredivisie,2026,1090,AZ Alkmaar,1058353,Andrea Natali,Centre-Back,18,0.4
Eredivisie,2026,1090,AZ Alkmaar,315254,Mees de Wit,Left-Back,28,6.0
Eredivisie,2026,1090,AZ Alkmaar,1066953,Mateo Chávez,Left-Back,22,4.0
Eredivisie,2026,1090,AZ Alkmaar,957241,Elijah Dijkstra,Right-Back,20,6.0
Eredivisie,2026,1090,AZ Alkmaar,577394,Denso Kasius,Right-Back,23,6.0
Eredivisie,2026,1090,AZ Alkmaar,733438,Seiya Maikuma,Right-Back,28,2.0
Eredivisie,2026,1090,AZ Alkmaar,361074,Peer Koopmeiners,Defensive Midfield,26,12.0
Eredivisie,2026,1090,AZ Alkmaar,793099,Stije Resink,Defensive Midfield,23,7.0
Eredivisie,2026,1090,AZ Alkmaar,104223,Jordy Clasie,Defensive Midfield,35,0.8
Eredivisie,2026,1090,AZ Alkmaar,747487,Valdemar Byskov,Central Midfield,21,2.2
Eredivisie,2026,1090,AZ Alkmaar,747017,Dave Kwakman,Central Midfield,22,1.5
Eredivisie,2026,1090,AZ Alkmaar,859035,Kees Smit,Attacking Midfield,20,25.0
Eredivisie,2026,1090,AZ Alkmaar,1024701,Hessel de Wit,Attacking Midfield,19,0.15
Eredivisie,2026,1090,AZ Alkmaar,800995,Ro-Zangelo Daal,Left Winger,22,3.0
Eredivisie,2026,1090,AZ Alkmaar,990008,Wassim Bouziane,Left Winger,19,0.45
Eredivisie,2026,1090,AZ Alkmaar,959106,Weslley Patati,Right Winger,22,4.5
Eredivisie,2026,1090,AZ Alkmaar,409344,Calvin Stengs,Right Winger,27,4.5
Eredivisie,2026,1090,AZ Alkmaar,1078350,Ayoub Oufkir,Right Winger,20,3.0
Eredivisie,2026,1090,AZ Alkmaar,678546,Mexx Meerdink,Centre-Forward,23,8.0
Eredivisie,2026,1090,AZ Alkmaar,185817,Jizz Hornkamp,Centre-Forward,28,2.5
Eredivisie,2026,1090,AZ Alkmaar,1129402,Bendegúz Kovács,Centre-Forward,19,1.5
Eredivisie,2026,317,FC Twente Enschede,333640,Joël Drommel,Goalkeeper,29,4.0
Eredivisie,2026,317,FC Twente Enschede,53696,Lars Unnerstall,Goalkeeper,36,1.0
Eredivisie,2026,317,FC Twente Enschede,25520,Remko Pasveer,Goalkeeper,42,0.1
Eredivisie,2026,317,FC Twente Enschede,1014172,Yannick Gerritsen,Goalkeeper,20,0.05
Eredivisie,2026,317,FC Twente Enschede,1189172,Ruud Nijstad,Centre-Back,18,10.0
Eredivisie,2026,317,FC Twente Enschede,761326,Stav Lemkin,Centre-Back,23,6.0
Eredivisie,2026,317,FC Twente Enschede,618086,Max Bruns,Centre-Back,23,1.5
Eredivisie,2026,317,FC Twente Enschede,202788,Robin Pröpper,Centre-Back,32,1.2
Eredivisie,2026,317,FC Twente Enschede,895089,Juliën Mesbahi,Centre-Back,20,0.15
Eredivisie,2026,317,FC Twente Enschede,656132,Aske Adelgaard,Left-Back,22,1.0
Eredivisie,2026,317,FC Twente Enschede,964757,Krzysztof Kurowski,Left-Back,20,0.45
Eredivisie,2026,317,FC Twente Enschede,547499,Bart van Rooij,Right-Back,25,10.0
Eredivisie,2026,317,FC Twente Enschede,742943,Michal Rosiak,Right-Back,20,0.3
Eredivisie,2026,317,FC Twente Enschede,416660,Ramiz Zerrouki,Defensive Midfield,28,6.5
Eredivisie,2026,317,FC Twente Enschede,1024739,Jordy Bawuah,Defensive Midfield,19,0.5
Eredivisie,2026,317,FC Twente Enschede,412941,Thomas van den Belt,Central Midfield,25,4.5
Eredivisie,2026,317,FC Twente Enschede,808578,Daouda Weidmann,Central Midfield,23,0.75
Eredivisie,2026,317,FC Twente Enschede,704075,Gijs Besselink,Central Midfield,22,0.6
Eredivisie,2026,317,FC Twente Enschede,694186,Kristian Hlynsson,Attacking Midfield,22,6.0
Eredivisie,2026,317,FC Twente Enschede,1002305,Sondre Ørjasæter,Left Winger,22,7.0
Eredivisie,2026,317,FC Twente Enschede,205940,Marko Pjaca,Left Winger,31,1.5
Eredivisie,2026,317,FC Twente Enschede,508639,Naci Ünüvar,Left Winger,23,1.0
Eredivisie,2026,317,FC Twente Enschede,591363,Daan Rots,Right Winger,25,5.0
Eredivisie,2026,317,FC Twente Enschede,866328,Younes Taha,Right Winger,23,4.0
Eredivisie,2026,317,FC Twente Enschede,1045990,Filip Thorvaldsen,Right Winger,20,2.0
Eredivisie,2026,317,FC Twente Enschede,228645,Wout Weghorst,Centre-Forward,34,2.0
Eredivisie,2026,317,FC Twente Enschede,997646,Lucas Vennegoor of Hesselink,Centre-Forward,20,0.25
Eredivisie,2026,200,FC Utrecht,248658,Vasilios Barkas,Goalkeeper,32,3.0
Eredivisie,2026,200,FC Utrecht,607133,Kevin Gadellaa,Goalkeeper,23,0.25
Eredivisie,2026,200,FC Utrecht,79573,Sergio Padt,Goalkeeper,36,0.2
Eredivisie,2026,200,FC Utrecht,933914,Mees Eppink,Goalkeeper,20,0.175
Eredivisie,2026,200,FC Utrecht,314915,Siebe Horemans,Centre-Back,28,3.0
Eredivisie,2026,200,FC Utrecht,570597,Matisse Didden,Centre-Back,24,3.0
Eredivisie,2026,200,FC Utrecht,488755,Jakov Medic,Centre-Back,28,1.5
Eredivisie,2026,200,FC Utrecht,562665,Nikolas Panagiotou,Centre-Back,26,1.0
Eredivisie,2026,200,FC Utrecht,590777,Guus Offerhaus,Centre-Back,25,0.8
Eredivisie,2026,200,FC Utrecht,951398,Neville Ogidi Nwankwo,Centre-Back,23,0.8
Eredivisie,2026,200,FC Utrecht,1041648,Ferdinand Pohl,Centre-Back,19,0.8
Eredivisie,2026,200,FC Utrecht,937571,Per Kloosterboer,Centre-Back,21,0.275
Eredivisie,2026,200,FC Utrecht,565436,Alonzo Engwanda,Defensive Midfield,23,8.0
Eredivisie,2026,200,FC Utrecht,361066,Davy van den Berg,Defensive Midfield,26,1.2
Eredivisie,2026,200,FC Utrecht,182582,Joris van Overeem,Defensive Midfield,32,1.0
Eredivisie,2026,200,FC Utrecht,738475,Oualid Agougil,Defensive Midfield,21,0.5
Eredivisie,2026,200,FC Utrecht,340459,Dani de Wit,Central Midfield,28,3.5
Eredivisie,2026,200,FC Utrecht,422932,Niklas Vesterlund,Right Midfield,27,1.5
Eredivisie,2026,200,FC Utrecht,711517,Kevin Paredes,Left Midfield,23,2.0
Eredivisie,2026,200,FC Utrecht,536477,Arthur Zagré,Left Midfield,24,2.0
Eredivisie,2026,200,FC Utrecht,400548,Victor Jensen,Attacking Midfield,26,2.5
Eredivisie,2026,200,FC Utrecht,782476,Yoann Cathline,Left Winger,24,6.0
Eredivisie,2026,200,FC Utrecht,875581,Adrian Blake,Left Winger,21,2.0
Eredivisie,2026,200,FC Utrecht,646739,Ángel Alarcón,Right Winger,22,6.0
Eredivisie,2026,200,FC Utrecht,903359,Marius Broholm,Right Winger,21,5.0
Eredivisie,2026,200,FC Utrecht,723008,Miliano Jonathans,Right Winger,22,0.75
Eredivisie,2026,200,FC Utrecht,1136980,Emmanuel Chigozie Owen,Right Winger,19,0.35
Eredivisie,2026,200,FC Utrecht,55619,Nordin Amrabat,Right Winger,39,0.1
Eredivisie,2026,200,FC Utrecht,1045344,Artem Stepanov,Centre-Forward,19,5.0
Eredivisie,2026,200,FC Utrecht,926491,Sem van Duijn,Centre-Forward,22,0.8
Eredivisie,2026,200,FC Utrecht,557410,Noah Ohio,Centre-Forward,23,0.6
Eredivisie,2026,306,SC Heerenveen,725816,Bernt Klaverboer,Goalkeeper,20,3.0
Eredivisie,2026,306,SC Heerenveen,276853,Andries Noppert,Goalkeeper,32,0.3
Eredivisie,2026,306,SC Heerenveen,805451,Maas Willemsen,Centre-Back,23,4.5
Eredivisie,2026,306,SC Heerenveen,562702,Mees Hilgers,Centre-Back,25,3.0
Eredivisie,2026,306,SC Heerenveen,430797,Sam Kersten,Centre-Back,28,2.0
Eredivisie,2026,306,SC Heerenveen,628042,Hristiyan Petrov,Centre-Back,24,0.5
Eredivisie,2026,306,SC Heerenveen,613781,Vasilios Zagaritis,Left-Back,25,3.0
Eredivisie,2026,306,SC Heerenveen,1052283,Darling Bladi,Left-Back,22,0.3
Eredivisie,2026,306,SC Heerenveen,869067,Oliver Braude,Right-Back,22,5.0
Eredivisie,2026,306,SC Heerenveen,1030525,Mats Egbring,Right-Back,20,0.3
Eredivisie,2026,306,SC Heerenveen,485587,Dirk Proper,Defensive Midfield,24,1.5
Eredivisie,2026,306,SC Heerenveen,899163,Marcus Linday,Central Midfield,23,5.0
Eredivisie,2026,306,SC Heerenveen,577455,Ringo Meerveld,Attacking Midfield,23,5.0
Eredivisie,2026,306,SC Heerenveen,918365,Levi Smans,Attacking Midfield,23,1.5
Eredivisie,2026,306,SC Heerenveen,952414,Nolhan Courtens,Attacking Midfield,19,0.15
Eredivisie,2026,306,SC Heerenveen,735700,Maxence Rivera,Left Winger,24,3.0
Eredivisie,2026,306,SC Heerenveen,663153,Marko Farji,Left Winger,22,1.7
Eredivisie,2026,306,SC Heerenveen,551085,Luca Oyen,Left Winger,23,0.9
Eredivisie,2026,306,SC Heerenveen,542684,Jacob Trenskow,Right Winger,25,7.5
Eredivisie,2026,306,SC Heerenveen,369319,Dylan Vente,Centre-Forward,27,2.5
Eredivisie,2026,306,SC Heerenveen,1096744,Lanroy Machine,Centre-Forward,20,1.5
Eredivisie,2026,306,SC Heerenveen,342152,Roberts Uldrikis,Centre-Forward,28,0.5
Eredivisie,2026,467,NEC Nijmegen,631049,Gonzalo Crettaz,Goalkeeper,26,4.0
Eredivisie,2026,467,NEC Nijmegen,488063,Nikolas Polster,Goalkeeper,24,2.0
Eredivisie,2026,467,NEC Nijmegen,662131,Ahmetcan Kaplan,Centre-Back,23,7.0
Eredivisie,2026,467,NEC Nijmegen,884820,Almugera Kabar,Centre-Back,20,3.0
Eredivisie,2026,467,NEC Nijmegen,340460,Philippe Sandler,Centre-Back,29,2.0
Eredivisie,2026,467,NEC Nijmegen,670715,Gabriel Brás,Centre-Back,22,2.0
Eredivisie,2026,467,NEC Nijmegen,708989,Deveron Fonville,Centre-Back,23,1.5
Eredivisie,2026,467,NEC Nijmegen,715836,Tobias Storm,Centre-Back,22,1.2
Eredivisie,2026,467,NEC Nijmegen,418543,Perr Schuurs,Centre-Back,26,0.85
Eredivisie,2026,467,NEC Nijmegen,104597,Bram Nuytinck,Centre-Back,36,0.2
Eredivisie,2026,467,NEC Nijmegen,526566,Darko Nejasmic,Defensive Midfield,27,4.0
Eredivisie,2026,467,NEC Nijmegen,775984,Merijn van de Wiel,Defensive Midfield,20,0.1
Eredivisie,2026,467,NEC Nijmegen,926389,Noé Lebreton,Central Midfield,22,4.0
Eredivisie,2026,467,NEC Nijmegen,251309,Dennis Geiger,Central Midfield,28,1.0
Eredivisie,2026,467,NEC Nijmegen,272930,Jamiro Monteiro,Central Midfield,32,0.65
Eredivisie,2026,467,NEC Nijmegen,670116,Isak Hansen-Aarøen,Central Midfield,22,0.6
Eredivisie,2026,467,NEC Nijmegen,1052803,Sam de Laat,Central Midfield,20,0.075
Eredivisie,2026,467,NEC Nijmegen,36139,Dusan Tadic,Attacking Midfield,37,1.5
Eredivisie,2026,467,NEC Nijmegen,455127,Willum Thór Willumsson,Attacking Midfield,27,1.5
Eredivisie,2026,467,NEC Nijmegen,76326,Tjaronn Chery,Attacking Midfield,38,0.4
Eredivisie,2026,467,NEC Nijmegen,953893,Clement Bischoff,Left Winger,20,3.0
Eredivisie,2026,467,NEC Nijmegen,763948,Dele Thomas,Left Winger,19,1.0
Eredivisie,2026,467,NEC Nijmegen,930985,Kevin Kers,Left Winger,20,0.25
Eredivisie,2026,467,NEC Nijmegen,283223,Emre Mor,Right Winger,29,0.5
Eredivisie,2026,467,NEC Nijmegen,827260,Adam Tahaui,Right Winger,21,0.5
Eredivisie,2026,467,NEC Nijmegen,315283,Kaj Sierhuis,Centre-Forward,28,1.8
Eredivisie,2026,467,NEC Nijmegen,82410,Bryan Linssen,Centre-Forward,35,0.3
Eredivisie,2026,202,FC Groningen,387197,Etienne Vaessen,Goalkeeper,31,2.5
Eredivisie,2026,202,FC Groningen,406889,Pelle Boevink,Goalkeeper,28,0.3
Eredivisie,2026,202,FC Groningen,728516,Lovro Stubljar,Goalkeeper,22,0.15
Eredivisie,2026,202,FC Groningen,593163,Rijk Janse,Goalkeeper,24,0.05
Eredivisie,2026,202,FC Groningen,719209,Thijmen Blokzijl,Centre-Back,21,4.0
Eredivisie,2026,202,FC Groningen,1126894,Malcolm Jeng,Centre-Back,21,2.0
Eredivisie,2026,202,FC Groningen,705121,Márk Csinger,Centre-Back,23,1.0
Eredivisie,2026,202,FC Groningen,1172424,Elvis van der Laan,Centre-Back,18,0.1
Eredivisie,2026,202,FC Groningen,671734,Wouter Prins,Left-Back,22,0.45
Eredivisie,2026,202,FC Groningen,930390,Nikolas Brandis,Left-Back,21,0.375
Eredivisie,2026,202,FC Groningen,275303,Hans Hateboer,Right-Back,32,1.8
Eredivisie,2026,202,FC Groningen,671735,Jorg Schreuders,Right-Back,22,1.7
Eredivisie,2026,202,FC Groningen,237244,Marco Rente,Right-Back,29,1.3
Eredivisie,2026,202,FC Groningen,913289,Tyrique Mercera,Right-Back,22,0.6
Eredivisie,2026,202,FC Groningen,816974,Tygo Land,Defensive Midfield,20,2.5
Eredivisie,2026,202,FC Groningen,653725,Tika de Jonge,Central Midfield,23,1.8
Eredivisie,2026,202,FC Groningen,1053908,Travis Hernes,Central Midfield,20,0.35
Eredivisie,2026,202,FC Groningen,1331451,Alvin Nordin,Central Midfield,18,0.3
Eredivisie,2026,202,FC Groningen,671738,Thom van Bergen,Attacking Midfield,22,3.0
Eredivisie,2026,202,FC Groningen,663237,Jacob Ondrejka,Left Winger,24,5.5
Eredivisie,2026,202,FC Groningen,297693,Pelle Clement,Left Winger,30,0.6
Eredivisie,2026,202,FC Groningen,1143430,Ryan Metu,Left Winger,18,0.6
Eredivisie,2026,202,FC Groningen,671737,David van der Werff,Right Winger,22,2.0
Eredivisie,2026,202,FC Groningen,464444,Brynjólfur Willumsson,Centre-Forward,26,0.9
Eredivisie,2026,202,FC Groningen,232015,Oskar Zawada,Centre-Forward,30,0.5
Eredivisie,2026,202,FC Groningen,847498,Nils Eggens,Centre-Forward,21,0.275
Eredivisie,2026,468,Sparta Rotterdam,231650,Michael Brouwer,Goalkeeper,33,0.25
Eredivisie,2026,468,Sparta Rotterdam,155158,Filip Bednarek,Goalkeeper,33,0.2
Eredivisie,2026,468,Sparta Rotterdam,796490,Pascal Kuiper,Goalkeeper,22,0.075
Eredivisie,2026,468,Sparta Rotterdam,928592,Marvin Young,Centre-Back,20,5.0
Eredivisie,2026,468,Sparta Rotterdam,627069,Teo Quintero,Centre-Back,27,1.3
Eredivisie,2026,468,Sparta Rotterdam,891835,Nick Verschuren,Centre-Back,21,1.0
Eredivisie,2026,468,Sparta Rotterdam,112052,Bruno Martins Indi,Centre-Back,34,0.3
Eredivisie,2026,468,Sparta Rotterdam,804775,Max de Ligt,Centre-Back,22,0.075
Eredivisie,2026,468,Sparta Rotterdam,187188,Bas Kuipers,Left-Back,32,0.8
Eredivisie,2026,468,Sparta Rotterdam,1102425,Giannino Vianello,Left-Back,19,0.3
Eredivisie,2026,468,Sparta Rotterdam,1255744,Lushendry Martes,Right-Back,18,3.0
Eredivisie,2026,468,Sparta Rotterdam,393240,Boyd Reith,Right-Back,27,0.35
Eredivisie,2026,468,Sparta Rotterdam,682568,Cedric Hatenboer,Defensive Midfield,21,2.0
Eredivisie,2026,468,Sparta Rotterdam,670105,Alwande Roaldsøy,Central Midfield,22,0.8
Eredivisie,2026,468,Sparta Rotterdam,616340,Julian Baas,Central Midfield,24,0.7
Eredivisie,2026,468,Sparta Rotterdam,566013,Shunsuke Mito,Attacking Midfield,23,2.0
Eredivisie,2026,468,Sparta Rotterdam,813437,Isaac Babadi,Attacking Midfield,21,1.5
Eredivisie,2026,468,Sparta Rotterdam,1175048,Robin van Cruijsen,Attacking Midfield,20,1.2
Eredivisie,2026,468,Sparta Rotterdam,134999,Jens Toornstra,Attacking Midfield,37,0.2
Eredivisie,2026,468,Sparta Rotterdam,760508,Joel Ideho,Left Winger,23,0.3
Eredivisie,2026,468,Sparta Rotterdam,393239,Mitchell van Bergen,Right Winger,27,1.5
Eredivisie,2026,468,Sparta Rotterdam,679597,Casper Terho,Right Winger,23,1.0
Eredivisie,2026,468,Sparta Rotterdam,987672,Andrej Kostić,Centre-Forward,19,5.0
Eredivisie,2026,468,Sparta Rotterdam,818445,Milan Zonneveld,Centre-Forward,22,0.45
Eredivisie,2026,1269,PEC Zwolle,361082,Jasper Schendelaar,Goalkeeper,26,1.5
Eredivisie,2026,1269,PEC Zwolle,729010,Tom de Graaff,Goalkeeper,21,1.0
Eredivisie,2026,1269,PEC Zwolle,933570,Duke Verduin,Goalkeeper,22,0.025
Eredivisie,2026,1269,PEC Zwolle,542858,Simon Graves,Centre-Back,27,1.5
Eredivisie,2026,1269,PEC Zwolle,568377,Tijs Velthuis,Centre-Back,24,0.5
Eredivisie,2026,1269,PEC Zwolle,93081,Nick Viergever,Centre-Back,37,0.3
Eredivisie,2026,1269,PEC Zwolle,315211,Sherel Floranus,Left-Back,28,0.8
Eredivisie,2026,1269,PEC Zwolle,640558,Damian van der Haar,Left-Back,22,0.4
Eredivisie,2026,1269,PEC Zwolle,1009440,Jan Bürger,Right-Back,19,3.0
Eredivisie,2026,1269,PEC Zwolle,720791,Olivier Aertssen,Right-Back,22,0.65
Eredivisie,2026,1269,PEC Zwolle,1347762,Jadiel Pereira da Gama,Defensive Midfield,16,1.5
Eredivisie,2026,1269,PEC Zwolle,203357,Ryan Thomas,Defensive Midfield,31,0.65
Eredivisie,2026,1269,PEC Zwolle,806384,Nick Fichtinger,Defensive Midfield,22,0.35
Eredivisie,2026,1269,PEC Zwolle,572051,Tobias Sommer,Central Midfield,24,1.5
Eredivisie,2026,1269,PEC Zwolle,1146453,Givaro Rahajaän,Central Midfield,18,0.1
Eredivisie,2026,1269,PEC Zwolle,486814,Filip Krastev,Attacking Midfield,24,3.0
Eredivisie,2026,1269,PEC Zwolle,441216,Thijs Oosting,Attacking Midfield,26,0.9
Eredivisie,2026,1269,PEC Zwolle,360520,Odysseus Velanas,Attacking Midfield,28,0.55
Eredivisie,2026,1269,PEC Zwolle,827711,Gabriël Reiziger,Attacking Midfield,20,0.25
Eredivisie,2026,1269,PEC Zwolle,422930,Elias Sørensen,Left Winger,27,1.2
Eredivisie,2026,1269,PEC Zwolle,575693,Ibrahim Cissoko,Left Winger,23,1.2
Eredivisie,2026,1269,PEC Zwolle,227039,Younes Namli,Right Winger,32,1.0
Eredivisie,2026,1269,PEC Zwolle,502289,Dylan Mbayo,Right Winger,24,0.9
Eredivisie,2026,1269,PEC Zwolle,453121,Koen Kostons,Centre-Forward,27,1.5
Eredivisie,2026,1269,PEC Zwolle,439292,Sydney van Hooijdonk,Centre-Forward,26,1.0
Eredivisie,2026,1435,Go Ahead Eagles,328770,Kjetil Haug,Goalkeeper,28,0.4
Eredivisie,2026,1435,Go Ahead Eagles,158104,Nick Marsman,Goalkeeper,35,0.125
Eredivisie,2026,1435,Go Ahead Eagles,783017,Nando Verdoni,Goalkeeper,23,0.025
Eredivisie,2026,1435,Go Ahead Eagles,326329,Joris Kramer,Centre-Back,30,1.8
Eredivisie,2026,1435,Go Ahead Eagles,566930,Julius Dirksen,Centre-Back,23,0.8
Eredivisie,2026,1435,Go Ahead Eagles,528211,Tino Jukic,Centre-Back,24,0.5
Eredivisie,2026,1435,Go Ahead Eagles,85904,Gerrit Nauber,Centre-Back,34,0.3
Eredivisie,2026,1435,Go Ahead Eagles,805149,Giovanni van Zwam,Centre-Back,22,0.3
Eredivisie,2026,1435,Go Ahead Eagles,624698,Pim Saathof,Centre-Back,22,0.075
Eredivisie,2026,1435,Go Ahead Eagles,529223,Dean James,Left-Back,26,1.7
Eredivisie,2026,1435,Go Ahead Eagles,741582,Tomas Galvez,Left-Back,21,0.75
Eredivisie,2026,1435,Go Ahead Eagles,332530,Alfons Sampsted,Right-Back,28,1.5
Eredivisie,2026,1435,Go Ahead Eagles,921306,Eus Waayers,Right-Back,20,0.35
Eredivisie,2026,1435,Go Ahead Eagles,361112,Evert Linthorst,Defensive Midfield,26,1.2
Eredivisie,2026,1435,Go Ahead Eagles,426280,Melle Meulensteen,Central Midfield,27,2.5
Eredivisie,2026,1435,Go Ahead Eagles,1088311,Yassir Salah Rahmouni,Central Midfield,20,0.45
Eredivisie,2026,1435,Go Ahead Eagles,690665,Robbin Weijenberg,Central Midfield,21,0.2
Eredivisie,2026,1435,Go Ahead Eagles,265324,Victor Edvardsen,Attacking Midfield,30,0.8
Eredivisie,2026,1435,Go Ahead Eagles,422760,Mathis Suray,Left Winger,25,3.5
Eredivisie,2026,1435,Go Ahead Eagles,486043,Thibo Baeten,Left Winger,24,0.5
Eredivisie,2026,1435,Go Ahead Eagles,715510,Oskar Sivertsen,Left Winger,22,0.45
Eredivisie,2026,1435,Go Ahead Eagles,541601,Søren Tengstedt,Right Winger,26,0.7
Eredivisie,2026,1435,Go Ahead Eagles,464454,Stefán Ingi Sigurdarson,Centre-Forward,25,2.0
Eredivisie,2026,1435,Go Ahead Eagles,465326,Richonell Margaret,Centre-Forward,26,0.6
Eredivisie,2026,1435,Go Ahead Eagles,893929,Erik Flataker,Centre-Forward,21,0.6
Eredivisie,2026,1435,Go Ahead Eagles,1184614,Ofosu Boakye,Centre-Forward,19,0.075
Eredivisie,2026,403,Willem II Tilburg,409490,Maxime Delanghe,Goalkeeper,25,1.5
Eredivisie,2026,403,Willem II Tilburg,182891,Thomas Didillon-Hödl,Goalkeeper,30,0.7
Eredivisie,2026,403,Willem II Tilburg,159896,Wouter van der Steen,Goalkeeper,36,0.075
Eredivisie,2026,403,Willem II Tilburg,928390,Karst de Leeuw,Goalkeeper,22,0.05
Eredivisie,2026,403,Willem II Tilburg,646704,Maxim Dekker,Centre-Back,22,0.65
Eredivisie,2026,403,Willem II Tilburg,805696,Mats Lemmens,Centre-Back,24,0.5
Eredivisie,2026,403,Willem II Tilburg,665541,Finn Stam,Centre-Back,23,0.45
Eredivisie,2026,403,Willem II Tilburg,411287,Justin Hoogma,Centre-Back,28,0.45
Eredivisie,2026,403,Willem II Tilburg,1175838,Jens Mathijsen,Centre-Back,19,0.225
Eredivisie,2026,403,Willem II Tilburg,606023,Nathan Tjoe-A-On,Left-Back,24,0.45
Eredivisie,2026,403,Willem II Tilburg,258519,Hidde ter Avest,Right-Back,29,0.8
Eredivisie,2026,403,Willem II Tilburg,565401,Amine Et-Taïbi,Right-Back,23,0.4
Eredivisie,2026,403,Willem II Tilburg,338680,Alessandro Ciranni,Right-Back,30,0.275
Eredivisie,2026,403,Willem II Tilburg,1003716,Per van Loon,Right-Back,21,0.25
Eredivisie,2026,403,Willem II Tilburg,988406,Kasper Boogaard,Defensive Midfield,20,2.5
Eredivisie,2026,403,Willem II Tilburg,612758,Calvin Twigt,Defensive Midfield,23,0.75
Eredivisie,2026,403,Willem II Tilburg,928330,Amine Lachkar,Defensive Midfield,23,0.5
Eredivisie,2026,403,Willem II Tilburg,1054634,Anass Zarrouk,Defensive Midfield,20,0.25
Eredivisie,2026,403,Willem II Tilburg,182581,Tonny Vilhena,Central Midfield,31,0.5
Eredivisie,2026,403,Willem II Tilburg,312493,Vito van Crooij,Attacking Midfield,30,0.9
Eredivisie,2026,403,Willem II Tilburg,264857,Jari Schuurman,Attacking Midfield,29,0.45
Eredivisie,2026,403,Willem II Tilburg,1052795,Uriël van Aalst,Attacking Midfield,20,0.35
Eredivisie,2026,403,Willem II Tilburg,1152029,Thijs Muller,Attacking Midfield,19,0.35
Eredivisie,2026,403,Willem II Tilburg,727480,Jaden Slory,Left Winger,21,0.7
Eredivisie,2026,403,Willem II Tilburg,1101894,Armin Culum,Left Winger,22,0.4
Eredivisie,2026,403,Willem II Tilburg,1130803,Eser Gürbüz,Right Winger,19,0.6
Eredivisie,2026,403,Willem II Tilburg,1042886,Chido Obi,Centre-Forward,18,5.0
Eredivisie,2026,403,Willem II Tilburg,704771,Devin Haen,Centre-Forward,22,1.5
Eredivisie,2026,403,Willem II Tilburg,297365,Thomas Verheydt,Centre-Forward,34,0.125
Eredivisie,2026,1268,ADO Den Haag,559319,Kilian Nikièma,Goalkeeper,23,0.7
Eredivisie,2026,1268,ADO Den Haag,348778,Niclas Thiede,Goalkeeper,27,0.35
Eredivisie,2026,1268,ADO Den Haag,719382,Matteo Waem,Centre-Back,26,0.8
Eredivisie,2026,1268,ADO Den Haag,658530,Jonas Jensen-Abbew,Centre-Back,24,0.75
Eredivisie,2026,1268,ADO Den Haag,460619,Pascal Mulder,Centre-Back,27,0.5
Eredivisie,2026,1268,ADO Den Haag,595240,Milan Hokke,Centre-Back,22,0.4
Eredivisie,2026,1268,ADO Den Haag,692020,Lasse Wilhelm,Centre-Back,23,0.4
Eredivisie,2026,1268,ADO Den Haag,587333,Sekou Sylla,Left-Back,27,0.4
Eredivisie,2026,1268,ADO Den Haag,997478,Othniël Raterink,Right-Back,20,1.0
Eredivisie,2026,1268,ADO Den Haag,1104230,Sanyika Bergtop,Right-Back,19,0.05
Eredivisie,2026,1268,ADO Den Haag,538642,Juho Kilo,Central Midfield,24,0.75
Eredivisie,2026,1268,ADO Den Haag,487924,Jan Zamburek,Central Midfield,25,0.4
Eredivisie,2026,1268,ADO Den Haag,617754,Mylian Jiménez,Central Midfield,23,0.3
Eredivisie,2026,1268,ADO Den Haag,928630,Finn de Bruin,Central Midfield,22,0.175
Eredivisie,2026,1268,ADO Den Haag,724025,Matej Sin,Attacking Midfield,22,3.0
Eredivisie,2026,1268,ADO Den Haag,548937,Evan Rottier,Attacking Midfield,24,0.6
Eredivisie,2026,1268,ADO Den Haag,703626,Cameron Peupion,Left Winger,23,0.45
Eredivisie,2026,1268,ADO Den Haag,848089,Illaijh de Ruijter,Left Winger,20,0.4
Eredivisie,2026,1268,ADO Den Haag,412952,Nigel Thomas,Left Winger,25,0.3
Eredivisie,2026,1268,ADO Den Haag,341272,Álex Pozo,Right Winger,27,1.5
Eredivisie,2026,1268,ADO Den Haag,433091,Jalen Hawkins,Right Winger,25,0.4
Eredivisie,2026,1268,ADO Den Haag,177821,Daryl van Mieghem,Right Winger,36,0.15
Eredivisie,2026,1268,ADO Den Haag,930998,Yannick Eduardo,Centre-Forward,20,2.5
Eredivisie,2026,1268,ADO Den Haag,629039,Luka Reischl,Centre-Forward,22,0.8
Eredivisie,2026,1268,ADO Den Haag,633057,Donát Bárány,Centre-Forward,26,0.8
Eredivisie,2026,1268,ADO Den Haag,953857,Jesse Bal,Centre-Forward,19,0.4
Eredivisie,2026,798,Excelsior Rotterdam,301696,Stijn van Gassel,Goalkeeper,29,1.0
Eredivisie,2026,798,Excelsior Rotterdam,461963,Celton Biai,Goalkeeper,26,0.55
Eredivisie,2026,798,Excelsior Rotterdam,1088035,Tijmen Holla,Goalkeeper,20,0.075
Eredivisie,2026,798,Excelsior Rotterdam,605395,Casper Widell,Centre-Back,23,1.5
Eredivisie,2026,798,Excelsior Rotterdam,596178,Rick Meissen,Centre-Back,24,0.8
Eredivisie,2026,798,Excelsior Rotterdam,745625,Jan Plug,Centre-Back,21,0.7
Eredivisie,2026,798,Excelsior Rotterdam,1175060,Guilliano Cairo,Centre-Back,20,0.075
Eredivisie,2026,798,Excelsior Rotterdam,1131926,Osman Turay,Left-Back,18,0.6
Eredivisie,2026,798,Excelsior Rotterdam,1154876,Kasey Bos,Left-Back,22,0.4
Eredivisie,2026,798,Excelsior Rotterdam,457092,Simon Janssen,Left-Back,25,0.4
Eredivisie,2026,798,Excelsior Rotterdam,897481,Eric da Silva Moreira,Right-Back,20,0.8
Eredivisie,2026,798,Excelsior Rotterdam,1152022,Marlon van de Wetering,Right-Back,18,0.175
Eredivisie,2026,798,Excelsior Rotterdam,942960,Daniel van Vianen,Defensive Midfield,23,0.6
Eredivisie,2026,798,Excelsior Rotterdam,804034,Valentin Sulzbacher,Central Midfield,21,1.0
Eredivisie,2026,798,Excelsior Rotterdam,595238,Lennard Hartjes,Central Midfield,23,0.8
Eredivisie,2026,798,Excelsior Rotterdam,806245,Irakli Yegoian,Attacking Midfield,22,1.8
Eredivisie,2026,798,Excelsior Rotterdam,578544,Noah Naujoks,Attacking Midfield,24,1.5
Eredivisie,2026,798,Excelsior Rotterdam,1235199,Yacqub Finey,Attacking Midfield,22,0.5
Eredivisie,2026,798,Excelsior Rotterdam,1021770,Ilano Silva Timas,Left Winger,23,0.35
Eredivisie,2026,798,Excelsior Rotterdam,908857,Ágúst Orri Thorsteinsson,Left Winger,21,0.15
Eredivisie,2026,798,Excelsior Rotterdam,775257,Aymen Sliti,Right Winger,20,2.0
Eredivisie,2026,798,Excelsior Rotterdam,213268,Alireza Jahanbakhsh,Right Winger,33,0.5
Eredivisie,2026,798,Excelsior Rotterdam,941867,Mario Domínguez,Centre-Forward,22,0.4
Eredivisie,2026,798,Excelsior Rotterdam,806281,David Garden,Centre-Forward,22,0.35
Eredivisie,2026,798,Excelsior Rotterdam,775044,Nesto Groen,Centre-Forward,22,0.1
Eredivisie,2026,385,Fortuna Sittard,205128,Mattijs Branderhorst,Goalkeeper,32,0.8
Eredivisie,2026,385,Fortuna Sittard,235108,Luuk Koopmans,Goalkeeper,32,0.2
Eredivisie,2026,385,Fortuna Sittard,492313,Rodrigo Guth,Centre-Back,25,1.2
Eredivisie,2026,385,Fortuna Sittard,678641,Justin Hubner,Centre-Back,23,1.0
Eredivisie,2026,385,Fortuna Sittard,485586,Syb van Ottele,Centre-Back,24,0.6
Eredivisie,2026,385,Fortuna Sittard,296227,Iván Márquez,Centre-Back,32,0.45
Eredivisie,2026,385,Fortuna Sittard,576682,Jasper Dahlhaus,Left-Back,24,1.4
Eredivisie,2026,385,Fortuna Sittard,639974,Nick de Groot,Left-Back,25,0.4
Eredivisie,2026,385,Fortuna Sittard,583920,Siebe Wylin,Right-Back,23,0.3
Eredivisie,2026,385,Fortuna Sittard,82281,Ivo Pinto,Right-Back,36,0.25
Eredivisie,2026,385,Fortuna Sittard,900072,Philip Brittijn,Defensive Midfield,22,1.6
Eredivisie,2026,385,Fortuna Sittard,659521,Edouard Michut,Central Midfield,23,1.2
Eredivisie,2026,385,Fortuna Sittard,566911,Yassin Oukili,Central Midfield,25,0.7
Eredivisie,2026,385,Fortuna Sittard,746987,Sven Simons,Central Midfield,22,0.45
Eredivisie,2026,385,Fortuna Sittard,1161423,Moussa Gbemou,Central Midfield,19,0.2
Eredivisie,2026,385,Fortuna Sittard,503638,Mohamed Ihattaren,Attacking Midfield,24,3.0
Eredivisie,2026,385,Fortuna Sittard,595247,Shiloh 't Zand,Attacking Midfield,23,0.3
Eredivisie,2026,385,Fortuna Sittard,1491843,Gani Büyükhan,Attacking Midfield,16,0.15
Eredivisie,2026,385,Fortuna Sittard,186704,Kristoffer Peterson,Left Winger,31,0.45
Eredivisie,2026,385,Fortuna Sittard,728864,Lequincio Zeefuik,Centre-Forward,21,0.85
Eredivisie,2026,385,Fortuna Sittard,361070,Ole Romeny,Centre-Forward,26,0.8
Eredivisie,2026,385,Fortuna Sittard,565434,Anthony Descotte,Centre-Forward,23,0.6
Eredivisie,2026,133,SC Cambuur Leeuwarden,514287,Thijs Jansen,Goalkeeper,24,0.65
Eredivisie,2026,133,SC Cambuur Leeuwarden,335997,Luca Plogmann,Goalkeeper,26,0.3
Eredivisie,2026,133,SC Cambuur Leeuwarden,704252,Jasper Meijster,Goalkeeper,21,0.025
Eredivisie,2026,133,SC Cambuur Leeuwarden,1197636,Matthijs Kalisvaart,Goalkeeper,20,0.025
Eredivisie,2026,133,SC Cambuur Leeuwarden,961050,Ismaël Baouf,Centre-Back,20,3.0
Eredivisie,2026,133,SC Cambuur Leeuwarden,1008564,Billy van Duijl,Centre-Back,20,1.5
Eredivisie,2026,133,SC Cambuur Leeuwarden,289651,Jamal Amofa,Centre-Back,27,0.6
Eredivisie,2026,133,SC Cambuur Leeuwarden,595937,Jorn Berkhout,Centre-Back,24,0.35
Eredivisie,2026,133,SC Cambuur Leeuwarden,987355,Lucas Jetten,Left-Back,19,0.6
Eredivisie,2026,133,SC Cambuur Leeuwarden,1119911,Morgan Costarelli,Left-Back,21,0.3
Eredivisie,2026,133,SC Cambuur Leeuwarden,469084,Rik Mulders,Right-Back,26,0.6
Eredivisie,2026,133,SC Cambuur Leeuwarden,457235,Devid Eugene Bouah,Right-Back,25,0.4
Eredivisie,2026,133,SC Cambuur Leeuwarden,1149884,Wiebe Kooistra,Right-Back,20,0.2
Eredivisie,2026,133,SC Cambuur Leeuwarden,931525,Wout Asselman,Defensive Midfield,21,0.4
Eredivisie,2026,133,SC Cambuur Leeuwarden,364246,Nicky Souren,Defensive Midfield,26,0.4
Eredivisie,2026,133,SC Cambuur Leeuwarden,1178714,Ethan Apkakou,Defensive Midfield,19,0.25
Eredivisie,2026,133,SC Cambuur Leeuwarden,963511,Daan Visser,Defensive Midfield,21,0.25
Eredivisie,2026,133,SC Cambuur Leeuwarden,310131,Mathieu Maertens,Attacking Midfield,31,0.6
Eredivisie,2026,133,SC Cambuur Leeuwarden,738479,Rafik El Arguioui,Attacking Midfield,21,0.5
Eredivisie,2026,133,SC Cambuur Leeuwarden,911990,Ilyes Hamache,Left Winger,23,0.6
Eredivisie,2026,133,SC Cambuur Leeuwarden,1242714,Fabian Kvam,Left Winger,20,0.275
Eredivisie,2026,133,SC Cambuur Leeuwarden,1177939,Danyello Look,Left Winger,19,0.05
Eredivisie,2026,133,SC Cambuur Leeuwarden,390661,Jason Ceka,Right Winger,26,0.8
Eredivisie,2026,133,SC Cambuur Leeuwarden,1177948,Iwan Henstra,Right Winger,19,0.225
Eredivisie,2026,133,SC Cambuur Leeuwarden,987359,Sami Bouhoudane,Centre-Forward,18,0.4
Eredivisie,2026,133,SC Cambuur Leeuwarden,891833,Skye Vink,Centre-Forward,20,0.35
Eredivisie,2026,133,SC Cambuur Leeuwarden,500584,Nicolas Binder,Centre-Forward,24,0.15
Eredivisie,2026,1434,SC Telstar,271549,Ronald Koeman Jr.,Goalkeeper,31,0.7
Eredivisie,2026,1434,SC Telstar,412946,Daan Reiziger,Goalkeeper,25,0.1
Eredivisie,2026,1434,SC Telstar,612824,Sem Valk,Centre-Back,24,0.4
Eredivisie,2026,1434,SC Telstar,944694,Abdelnour Soualhia,Centre-Back,25,0.3
Eredivisie,2026,1434,SC Telstar,125769,Marvin Peersman,Centre-Back,35,0.25
Eredivisie,2026,1434,SC Telstar,399350,Nigel Ogidi Nwankwo,Left-Back,28,0.125
Eredivisie,2026,1434,SC Telstar,648541,Gabi Caschili,Right-Back,23,0.2
Eredivisie,2026,1434,SC Telstar,694039,Nils Rossen,Defensive Midfield,22,0.7
Eredivisie,2026,1434,SC Telstar,1227404,Noach Shenkman,Defensive Midfield,19,0.15
Eredivisie,2026,1434,SC Telstar,461644,Tyrone Owusu,Central Midfield,27,0.6
Eredivisie,2026,1434,SC Telstar,886252,Isaiah Ahmed,Central Midfield,20,0.125
Eredivisie,2026,1434,SC Telstar,1104231,Rojendro Oudsten,Central Midfield,18,0.1
Eredivisie,2026,1434,SC Telstar,891854,Gerald Alders,Right Midfield,21,0.7
Eredivisie,2026,1434,SC Telstar,263555,Jeff Hardeveld,Left Midfield,31,0.45
Eredivisie,2026,1434,SC Telstar,646701,Prince Aning,Left Midfield,22,0.175
Eredivisie,2026,1434,SC Telstar,593824,Patrick Brouwer,Attacking Midfield,25,0.75
Eredivisie,2026,1434,SC Telstar,936605,Harrie Kuster,Attacking Midfield,21,0.65
Eredivisie,2026,1434,SC Telstar,738489,Fabiano Rust,Attacking Midfield,21,0.125
Eredivisie,2026,1434,SC Telstar,918445,Emirhan Demircan,Left Winger,21,0.45
Eredivisie,2026,1434,SC Telstar,671736,Fofin Turay,Left Winger,22,0.1
Eredivisie,2026,1434,SC Telstar,572519,Ar'jany Martha,Right Winger,23,0.7
Eredivisie,2026,1434,SC Telstar,387996,Rui Mendes,Right Winger,26,0.2
Eredivisie,2026,1434,SC Telstar,381349,Nökkvi Thórisson,Centre-Forward,27,0.4
Eredivisie,2026,1434,SC Telstar,943592,Jelani Seedorf,Centre-Forward,21,0.25
Eerste Divisie,2021,8817,Ajax Amsterdam U21,480453,Jay Gorter,Goalkeeper,22,1.5
Eerste Divisie,2021,8817,Ajax Amsterdam U21,485588,Calvin Raatsie,Goalkeeper,20,0.2
Eerste Divisie,2021,8817,Ajax Amsterdam U21,635129,Charlie Setford,Goalkeeper,18,0.2
Eerste Divisie,2021,8817,Ajax Amsterdam U21,328874,Joey Roggeveen,Goalkeeper,24,0.1
Eerste Divisie,2021,8817,Ajax Amsterdam U21,412933,Liam van Gelderen,Centre-Back,21,0.65
Eerste Divisie,2021,8817,Ajax Amsterdam U21,420215,Nordin Musampa,Centre-Back,20,0.5
Eerste Divisie,2021,8817,Ajax Amsterdam U21,559327,Youri Baas,Centre-Back,19,0.45
Eerste Divisie,2021,8817,Ajax Amsterdam U21,559334,Rio Hillen,Centre-Back,19,0.25
Eerste Divisie,2021,8817,Ajax Amsterdam U21,566930,Julius Dirksen,Centre-Back,19,0.05
Eerste Divisie,2021,8817,Ajax Amsterdam U21,485584,Anass Salah-Eddine,Left-Back,20,0.3
Eerste Divisie,2021,8817,Ajax Amsterdam U21,477250,Terrence Douglas,Left-Back,20,0.275
Eerste Divisie,2021,8817,Ajax Amsterdam U21,557407,Devyne Rensch,Right-Back,19,8.0
Eerste Divisie,2021,8817,Ajax Amsterdam U21,548935,Steven van der Sloot,Right-Back,19,0.1
Eerste Divisie,2021,8817,Ajax Amsterdam U21,559324,Youri Regeer,Defensive Midfield,18,2.4
Eerste Divisie,2021,8817,Ajax Amsterdam U21,412945,Enric Llansana,Defensive Midfield,21,0.4
Eerste Divisie,2021,8817,Ajax Amsterdam U21,659802,Patrickson Delgado,Defensive Midfield,18,0.3
Eerste Divisie,2021,8817,Ajax Amsterdam U21,508636,Donny Warmerdam,Defensive Midfield,20,0.25
Eerste Divisie,2021,8817,Ajax Amsterdam U21,559325,Gibson Yah,Defensive Midfield,18,0.2
Eerste Divisie,2021,8817,Ajax Amsterdam U21,470394,Kenneth Taylor,Central Midfield,20,4.5
Eerste Divisie,2021,8817,Ajax Amsterdam U21,559333,Kian Fitz-Jim,Central Midfield,18,0.8
Eerste Divisie,2021,8817,Ajax Amsterdam U21,503638,Mohamed Ihattaren,Attacking Midfield,20,5.0
Eerste Divisie,2021,8817,Ajax Amsterdam U21,400548,Victor Jensen,Attacking Midfield,22,0.8
Eerste Divisie,2021,8817,Ajax Amsterdam U21,485592,Max de Waal,Attacking Midfield,20,0.7
Eerste Divisie,2021,8817,Ajax Amsterdam U21,573131,Giovanni,Attacking Midfield,20,0.7
Eerste Divisie,2021,8817,Ajax Amsterdam U21,694186,Kristian Hlynsson,Attacking Midfield,18,0.45
Eerste Divisie,2021,8817,Ajax Amsterdam U21,660979,Jeppe Kjær,Attacking Midfield,18,0.4
Eerste Divisie,2021,8817,Ajax Amsterdam U21,574385,Mohamed Daramy,Left Winger,20,6.0
Eerste Divisie,2021,8817,Ajax Amsterdam U21,508639,Naci Ünüvar,Left Winger,19,3.5
Eerste Divisie,2021,8817,Ajax Amsterdam U21,704773,Amourricho van Axel Dongen,Left Winger,17,0.5
Eerste Divisie,2021,8817,Ajax Amsterdam U21,543499,Mohammed Kudus,Right Winger,21,10.0
Eerste Divisie,2021,8817,Ajax Amsterdam U21,485582,Sontje Hansen,Right Winger,20,1.0
Eerste Divisie,2021,8817,Ajax Amsterdam U21,610429,Christian Rasmussen,Right Winger,19,0.65
Eerste Divisie,2021,8817,Ajax Amsterdam U21,572519,Ar'jany Martha,Right Winger,18,0.35
Eerste Divisie,2021,8817,Ajax Amsterdam U21,473169,Brian Brobbey,Centre-Forward,20,9.0
Eerste Divisie,2021,8817,Ajax Amsterdam U21,519731,Danilo,Centre-Forward,23,4.0
Eerste Divisie,2021,17596,FC Utrecht U21,462285,Fabian de Keijzer,Goalkeeper,22,0.9
Eerste Divisie,2021,17596,FC Utrecht U21,152460,Eric Oelschlägel,Goalkeeper,26,0.5
Eerste Divisie,2021,17596,FC Utrecht U21,315235,Thijmen Nijhuis,Goalkeeper,23,0.2
Eerste Divisie,2021,17596,FC Utrecht U21,471797,Joey Houweling,Goalkeeper,22,0.075
Eerste Divisie,2021,17596,FC Utrecht U21,412936,Jord Ruijgrok,Goalkeeper,21,0.05
Eerste Divisie,2021,17596,FC Utrecht U21,607133,Kevin Gadellaa,Goalkeeper,19,0.025
Eerste Divisie,2021,17596,FC Utrecht U21,458734,Tommy St. Jago,Centre-Back,22,1.0
Eerste Divisie,2021,17596,FC Utrecht U21,477249,Christopher Mamengi,Centre-Back,21,0.425
Eerste Divisie,2021,17596,FC Utrecht U21,596178,Rick Meissen,Centre-Back,20,0.3
Eerste Divisie,2021,17596,FC Utrecht U21,412930,Reda Akmum,Centre-Back,21,0.25
Eerste Divisie,2021,17596,FC Utrecht U21,578421,Ruben Kluivert,Centre-Back,21,0.2
Eerste Divisie,2021,17596,FC Utrecht U21,691975,Joshua Mukeh,Centre-Back,19,0.15
Eerste Divisie,2021,17596,FC Utrecht U21,786426,Dylan Timber,Centre-Back,22,0.05
Eerste Divisie,2021,17596,FC Utrecht U21,422407,Gabriël Culhaci,Left-Back,22,0.275
Eerste Divisie,2021,17596,FC Utrecht U21,702533,Kjeld van den Hoek,Left-Back,19,0.15
Eerste Divisie,2021,17596,FC Utrecht U21,150663,Sylian Mokono,Right-Back,23,0.2
Eerste Divisie,2021,17596,FC Utrecht U21,593822,Julliani Eersteling,Right-Back,20,0.2
Eerste Divisie,2021,17596,FC Utrecht U21,596144,Raymond Huizing,Right-Back,20,0.2
Eerste Divisie,2021,17596,FC Utrecht U21,361066,Davy van den Berg,Defensive Midfield,22,0.25
Eerste Divisie,2021,17596,FC Utrecht U21,596148,Djevencio van der Kust,Central Midfield,21,0.65
Eerste Divisie,2021,17596,FC Utrecht U21,540659,Albert Lottin,Central Midfield,20,0.4
Eerste Divisie,2021,17596,FC Utrecht U21,596180,Yuya Ikeshita,Central Midfield,20,0.275
Eerste Divisie,2021,17596,FC Utrecht U21,488296,Rocco Shein,Central Midfield,18,0.25
Eerste Divisie,2021,17596,FC Utrecht U21,610071,Rida El Barjiji,Central Midfield,21,0.125
Eerste Divisie,2021,17596,FC Utrecht U21,691972,Imanuel Bonsu,Central Midfield,19,0.05
Eerste Divisie,2021,17596,FC Utrecht U21,536477,Arthur Zagré,Left Midfield,20,1.0
Eerste Divisie,2021,17596,FC Utrecht U21,411536,Rayan El Azrak,Attacking Midfield,22,0.375
Eerste Divisie,2021,17596,FC Utrecht U21,586879,Oussama Alou,Attacking Midfield,20,0.175
Eerste Divisie,2021,17596,FC Utrecht U21,481117,Othmane Boussaid,Left Winger,22,1.1
Eerste Divisie,2021,17596,FC Utrecht U21,574391,Ayman Sellouf,Left Winger,20,0.175
Eerste Divisie,2021,17596,FC Utrecht U21,703773,Danilio Ruperti,Left Winger,18,0.025
Eerste Divisie,2021,17596,FC Utrecht U21,723011,Elijah Velland,Left Winger,19,0.025
Eerste Divisie,2021,17596,FC Utrecht U21,300532,Pontus Almqvist,Right Winger,22,3.0
Eerste Divisie,2021,17596,FC Utrecht U21,420187,Nick Venema,Right Winger,23,0.9
Eerste Divisie,2021,17596,FC Utrecht U21,412940,Remco Balk,Right Winger,21,0.4
Eerste Divisie,2021,17596,FC Utrecht U21,371980,Mohamed Mallahi,Right Winger,22,0.275
Eerste Divisie,2021,17596,FC Utrecht U21,412934,Eros Maddy,Right Winger,21,0.2
Eerste Divisie,2021,17596,FC Utrecht U21,608407,Derensili Sanches Fernandes,Right Winger,21,0.15
Eerste Divisie,2021,17596,FC Utrecht U21,654902,Aurelio Oehlers,Right Winger,18,0.025
Eerste Divisie,2021,17596,FC Utrecht U21,723604,Bagus Kahfi,Right Winger,20,0.025
Eerste Divisie,2021,17596,FC Utrecht U21,460655,Moussa Sylla,Centre-Forward,22,1.5
Eerste Divisie,2021,17596,FC Utrecht U21,667007,Mees Rijks,Centre-Forward,19,0.225
Eerste Divisie,2021,17596,FC Utrecht U21,618026,Juruël Bernadina,Centre-Forward,19,0.025
Eerste Divisie,2021,9715,PSV Eindhoven U21,409490,Maxime Delanghe,Goalkeeper,21,0.3
Eerste Divisie,2021,9715,PSV Eindhoven U21,453807,Vincent Müller,Goalkeeper,21,0.3
Eerste Divisie,2021,9715,PSV Eindhoven U21,654919,Kjell Peersman,Goalkeeper,18,0.2
Eerste Divisie,2021,9715,PSV Eindhoven U21,559331,Aron van Lare,Goalkeeper,19,0.025
Eerste Divisie,2021,9715,PSV Eindhoven U21,663961,Tyrick Bodak,Goalkeeper,20,0.025
Eerste Divisie,2021,9715,PSV Eindhoven U21,617755,Jenson Seelt,Centre-Back,19,0.4
Eerste Divisie,2021,9715,PSV Eindhoven U21,738481,Emmanuel van de Blaak,Centre-Back,17,0.4
Eerste Divisie,2021,9715,PSV Eindhoven U21,412939,Dennis Vos,Centre-Back,20,0.35
Eerste Divisie,2021,9715,PSV Eindhoven U21,700680,Luis Felipe,Centre-Back,21,0.275
Eerste Divisie,2021,9715,PSV Eindhoven U21,660746,Fedde Leysen,Centre-Back,18,0.25
Eerste Divisie,2021,9715,PSV Eindhoven U21,539665,Fredrik Oppegård,Left-Back,19,0.4
Eerste Divisie,2021,9715,PSV Eindhoven U21,575367,Richard Ledezma,Right-Back,21,0.85
Eerste Divisie,2021,9715,PSV Eindhoven U21,412937,Shurandy Sambo,Right-Back,20,0.5
Eerste Divisie,2021,9715,PSV Eindhoven U21,626764,Livano Comenencia,Right-Back,18,0.35
Eerste Divisie,2021,9715,PSV Eindhoven U21,424326,Cheick Touré,Right-Back,21,0.25
Eerste Divisie,2021,9715,PSV Eindhoven U21,451576,Nathan Markelo,Right-Back,23,0.25
Eerste Divisie,2021,9715,PSV Eindhoven U21,505969,Yunus Bahadır,Right-Back,19,0.25
Eerste Divisie,2021,9715,PSV Eindhoven U21,494282,Mees Kreekels,Right-Back,20,0.175
Eerste Divisie,2021,9715,PSV Eindhoven U21,528652,Mathias Kjølø,Defensive Midfield,21,0.65
Eerste Divisie,2021,9715,PSV Eindhoven U21,486052,Emmanuel Matuta,Defensive Midfield,20,0.35
Eerste Divisie,2021,9715,PSV Eindhoven U21,608889,Mathijs Tielemans,Central Midfield,20,0.25
Eerste Divisie,2021,9715,PSV Eindhoven U21,490385,Mohammed Amin Doudah,Central Midfield,19,0.2
Eerste Divisie,2021,9715,PSV Eindhoven U21,412938,Damian Timan,Central Midfield,21,0.15
Eerste Divisie,2021,9715,PSV Eindhoven U21,702869,Ismael Saibari,Attacking Midfield,21,0.45
Eerste Divisie,2021,9715,PSV Eindhoven U21,579756,Simon Colyn,Attacking Midfield,20,0.4
Eerste Divisie,2021,9715,PSV Eindhoven U21,640565,Mohamed Nassoh,Attacking Midfield,19,0.15
Eerste Divisie,2021,9715,PSV Eindhoven U21,412952,Nigel Thomas,Left Winger,21,0.3
Eerste Divisie,2021,9715,PSV Eindhoven U21,594273,Jeremy Antonisse,Left Winger,20,0.3
Eerste Divisie,2021,9715,PSV Eindhoven U21,565424,Johan Bakayoko,Right Winger,19,3.0
Eerste Divisie,2021,9715,PSV Eindhoven U21,568179,Dante Sealy,Right Winger,19,0.35
Eerste Divisie,2021,9715,PSV Eindhoven U21,365758,Maximiliano Romero,Centre-Forward,23,3.0
Eerste Divisie,2021,9715,PSV Eindhoven U21,594039,Fodé Fofana,Centre-Forward,19,0.35
Eerste Divisie,2021,9715,PSV Eindhoven U21,664808,August Priske,Centre-Forward,18,0.15
Eerste Divisie,2021,11368,AZ Alkmaar U21,116471,Hobie Verhulst,Goalkeeper,29,0.425
Eerste Divisie,2021,11368,AZ Alkmaar U21,595935,Sem Westerveld,Goalkeeper,19,0.25
Eerste Divisie,2021,11368,AZ Alkmaar U21,330995,Jordi van Stappershoef,Goalkeeper,26,0.15
Eerste Divisie,2021,11368,AZ Alkmaar U21,515386,Beau Reus,Goalkeeper,20,0.15
Eerste Divisie,2021,11368,AZ Alkmaar U21,436061,Mees Bakker,Goalkeeper,21,0.1
Eerste Divisie,2021,11368,AZ Alkmaar U21,635371,Daniël Deen,Goalkeeper,19,0.025
Eerste Divisie,2021,11368,AZ Alkmaar U21,568377,Tijs Velthuis,Centre-Back,20,0.5
Eerste Divisie,2021,11368,AZ Alkmaar U21,361124,Joey Jacobs,Centre-Back,22,0.45
Eerste Divisie,2021,11368,AZ Alkmaar U21,646704,Maxim Dekker,Centre-Back,18,0.4
Eerste Divisie,2021,11368,AZ Alkmaar U21,501640,Maxim Gullit,Centre-Back,21,0.35
Eerste Divisie,2021,11368,AZ Alkmaar U21,595937,Jorn Berkhout,Centre-Back,20,0.25
Eerste Divisie,2021,11368,AZ Alkmaar U21,515388,Sem Dirks,Centre-Back,21,0.2
Eerste Divisie,2021,11368,AZ Alkmaar U21,554395,Vasileios Pavlidis,Centre-Back,19,0.15
Eerste Divisie,2021,11368,AZ Alkmaar U21,801031,Lewis Schouten,Centre-Back,18,0.15
Eerste Divisie,2021,11368,AZ Alkmaar U21,646707,Wouter Goes,Centre-Back,18,0.1
Eerste Divisie,2021,11368,AZ Alkmaar U21,595936,Misha Engel,Centre-Back,19,0.075
Eerste Divisie,2021,11368,AZ Alkmaar U21,730861,Milos Kerkez,Left-Back,18,0.7
Eerste Divisie,2021,11368,AZ Alkmaar U21,361078,Robin Lathouwers,Right-Back,22,0.15
Eerste Divisie,2021,11368,AZ Alkmaar U21,515389,Fons Gemmel,Right-Back,21,0.075
Eerste Divisie,2021,11368,AZ Alkmaar U21,494281,Quinten Dekkers,Right-Back,21,0.05
Eerste Divisie,2021,11368,AZ Alkmaar U21,646705,Sem Dekkers,Right-Back,18,0.025
Eerste Divisie,2021,11368,AZ Alkmaar U21,361074,Peer Koopmeiners,Defensive Midfield,22,0.6
Eerste Divisie,2021,11368,AZ Alkmaar U21,515395,Bram Franken,Defensive Midfield,21,0.15
Eerste Divisie,2021,11368,AZ Alkmaar U21,702447,Nick Twisk,Defensive Midfield,19,0.1
Eerste Divisie,2021,11368,AZ Alkmaar U21,706769,Viktor Christiansson,Defensive Midfield,20,0.05
Eerste Divisie,2021,11368,AZ Alkmaar U21,394688,Håkon Evjen,Central Midfield,22,1.8
Eerste Divisie,2021,11368,AZ Alkmaar U21,595940,Zico Buurmeester,Central Midfield,20,0.55
Eerste Divisie,2021,11368,AZ Alkmaar U21,339080,Richard Sedlacek,Central Midfield,23,0.3
Eerste Divisie,2021,11368,AZ Alkmaar U21,559335,Fedde de Jong,Attacking Midfield,19,0.65
Eerste Divisie,2021,11368,AZ Alkmaar U21,441216,Thijs Oosting,Attacking Midfield,22,0.6
Eerste Divisie,2021,11368,AZ Alkmaar U21,485591,Mohamed Taabouni,Left Winger,20,0.85
Eerste Divisie,2021,11368,AZ Alkmaar U21,508643,Soulyman Allouch,Left Winger,20,0.45
Eerste Divisie,2021,11368,AZ Alkmaar U21,650712,Myron van Brederode,Left Winger,18,0.2
Eerste Divisie,2021,11368,AZ Alkmaar U21,393238,Zakaria Aboukhlal,Right Winger,22,2.0
Eerste Divisie,2021,11368,AZ Alkmaar U21,515396,Iman Griffith,Right Winger,20,0.5
Eerste Divisie,2021,11368,AZ Alkmaar U21,718303,Ernest Poku,Right Winger,18,0.3
Eerste Divisie,2021,11368,AZ Alkmaar U21,747720,Jayden Addai,Right Winger,16,0.15
Eerste Divisie,2021,11368,AZ Alkmaar U21,577396,Ricuenio Kewal,Right Winger,20,0.075
Eerste Divisie,2021,11368,AZ Alkmaar U21,566271,Yusuf Barası,Centre-Forward,19,0.5
Eerste Divisie,2021,11368,AZ Alkmaar U21,465326,Richonell Margaret,Centre-Forward,21,0.25
Eerste Divisie,2021,11368,AZ Alkmaar U21,339327,Jelle Duin,Centre-Forward,23,0.2
Eerste Divisie,2021,11368,AZ Alkmaar U21,678546,Mexx Meerdink,Centre-Forward,18,0.15
Eerste Divisie,2021,11368,AZ Alkmaar U21,675622,Damienus Reverson,Centre-Forward,18,0.025
Eerste Divisie,2021,724,FC Volendam,552223,Filip Stanković,Goalkeeper,20,0.45
Eerste Divisie,2021,724,FC Volendam,434861,Barry Lauwers,Goalkeeper,22,0.175
Eerste Divisie,2021,724,FC Volendam,587297,Dion Vlak,Goalkeeper,21,0.025
Eerste Divisie,2021,724,FC Volendam,557459,Micky van de Ven,Centre-Back,21,4.0
Eerste Divisie,2021,724,FC Volendam,257986,Damon Mirani,Centre-Back,26,0.55
Eerste Divisie,2021,724,FC Volendam,387199,Benaissa Benamar,Centre-Back,25,0.425
Eerste Divisie,2021,724,FC Volendam,474838,Brian Plat,Centre-Back,22,0.325
Eerste Divisie,2021,724,FC Volendam,482141,Mike Eerdhuijzen,Centre-Back,21,0.325
Eerste Divisie,2021,724,FC Volendam,638666,Josh Flint,Centre-Back,21,0.1
Eerste Divisie,2021,724,FC Volendam,478184,Sjors Kramer,Centre-Back,22,0.05
Eerste Divisie,2021,724,FC Volendam,765467,Jozhua Vertrouwd,Centre-Back,17,0.05
Eerste Divisie,2021,724,FC Volendam,702845,Jay Koorndijk,Centre-Back,19,0.025
Eerste Divisie,2021,724,FC Volendam,1008564,Billy van Duijl,Centre-Back,16,0.025
Eerste Divisie,2021,724,FC Volendam,457341,Derry Murkin,Left-Back,22,0.275
Eerste Divisie,2021,724,FC Volendam,529223,Dean James,Left-Back,22,0.25
Eerste Divisie,2021,724,FC Volendam,469851,John Hilton,Left-Back,21,0.1
Eerste Divisie,2021,724,FC Volendam,577394,Denso Kasius,Right-Back,19,2.0
Eerste Divisie,2021,724,FC Volendam,293283,Oskar Buur,Right-Back,24,0.25
Eerste Divisie,2021,724,FC Volendam,612758,Calvin Twigt,Defensive Midfield,19,0.25
Eerste Divisie,2021,724,FC Volendam,151540,Kevin Visser,Defensive Midfield,33,0.1
Eerste Divisie,2021,724,FC Volendam,582133,Samir Ben Sallam,Central Midfield,21,0.15
Eerste Divisie,2021,724,FC Volendam,702856,Joey Antonioli,Central Midfield,18,0.075
Eerste Divisie,2021,724,FC Volendam,765468,Milan de Haan,Central Midfield,18,0.025
Eerste Divisie,2021,724,FC Volendam,929347,Imran Nazih,Central Midfield,16,0.025
Eerste Divisie,2021,724,FC Volendam,608777,Robin Schulte,Central Midfield,21,0.025
Eerste Divisie,2021,724,FC Volendam,338627,Francesco Antonucci,Attacking Midfield,23,1.0
Eerste Divisie,2021,724,FC Volendam,613393,Gaetano Oristanio,Attacking Midfield,19,0.65
Eerste Divisie,2021,724,FC Volendam,597104,Walid Ould-Chikh,Attacking Midfield,22,0.25
Eerste Divisie,2021,724,FC Volendam,59636,Boy Deul,Attacking Midfield,34,0.2
Eerste Divisie,2021,724,FC Volendam,410719,Alex Plat,Left Winger,24,0.325
Eerste Divisie,2021,724,FC Volendam,508642,Ibrahim El Kadiri,Left Winger,20,0.275
Eerste Divisie,2021,724,FC Volendam,516761,Achraf Douiri,Left Winger,22,0.1
Eerste Divisie,2021,724,FC Volendam,671079,Dyllandro Panka,Left Winger,23,0.075
Eerste Divisie,2021,724,FC Volendam,638664,Leon Maloney,Left Winger,21,0.075
Eerste Divisie,2021,724,FC Volendam,672100,Darius Johnson,Left Winger,22,0.075
Eerste Divisie,2021,724,FC Volendam,177821,Daryl van Mieghem,Right Winger,32,0.5
Eerste Divisie,2021,724,FC Volendam,241324,Bilal Ould-Chikh,Right Winger,24,0.25
Eerste Divisie,2021,724,FC Volendam,618080,Tayrell Wouter,Right Winger,19,0.025
Eerste Divisie,2021,724,FC Volendam,866328,Younes Taha,Right Winger,19,0.025
Eerste Divisie,2021,724,FC Volendam,900070,Jordi Blom,Right Winger,20,0.025
Eerste Divisie,2021,724,FC Volendam,186763,Robert Mühren,Centre-Forward,33,0.8
Eerste Divisie,2021,724,FC Volendam,377729,Martijn Kaars,Centre-Forward,23,0.25
Eerste Divisie,2021,724,FC Volendam,728864,Lequincio Zeefuik,Centre-Forward,17,0.075
Eerste Divisie,2021,724,FC Volendam,727531,Koen Blommestijn,Centre-Forward,22,0.025
Eerste Divisie,2021,724,FC Volendam,818445,Milan Zonneveld,Centre-Forward,18,0.025
Eerste Divisie,2021,724,FC Volendam,529218,Jim Beers,Centre-Forward,22,0.025
Eerste Divisie,2021,1268,ADO Den Haag,235108,Luuk Koopmans,Goalkeeper,28,0.35
Eerste Divisie,2021,1268,ADO Den Haag,548934,Hugo Wentges,Goalkeeper,20,0.3
Eerste Divisie,2021,1268,ADO Den Haag,321327,Alessandro Damen,Goalkeeper,32,0.275
Eerste Divisie,2021,1268,ADO Den Haag,559319,Kilian Nikièma,Goalkeeper,19,0.1
Eerste Divisie,2021,1268,ADO Den Haag,531712,Youri Schoonderwaldt,Goalkeeper,22,0.05
Eerste Divisie,2021,1268,ADO Den Haag,701509,David van de Riet,Goalkeeper,20,0.025
Eerste Divisie,2021,1268,ADO Den Haag,203558,Hervé Matthys,Centre-Back,26,0.45
Eerste Divisie,2021,1268,ADO Den Haag,289651,Jamal Amofa,Centre-Back,23,0.35
Eerste Divisie,2021,1268,ADO Den Haag,811805,Tyrese Asante,Centre-Back,20,0.25
Eerste Divisie,2021,1268,ADO Den Haag,617751,Michael Mulder,Centre-Back,21,0.2
Eerste Divisie,2021,1268,ADO Den Haag,705015,Emre Ateş,Centre-Back,19,0.025
Eerste Divisie,2021,1268,ADO Den Haag,705016,Finn van Breemen,Centre-Back,19,0.025
Eerste Divisie,2021,1268,ADO Den Haag,710999,Silvinho Esajas,Centre-Back,19,0.025
Eerste Divisie,2021,1268,ADO Den Haag,848483,Finn Dicke,Centre-Back,17,0.025
Eerste Divisie,2021,1268,ADO Den Haag,428502,Boy Kemper,Left-Back,23,0.45
Eerste Divisie,2021,1268,ADO Den Haag,56836,Aaron Meijers,Left-Back,34,0.25
Eerste Divisie,2021,1268,ADO Den Haag,675621,Nigel Owusu,Left-Back,19,0.025
Eerste Divisie,2021,1268,ADO Den Haag,594277,Jonathan Mulder,Left-Back,20,0.025
Eerste Divisie,2021,1268,ADO Den Haag,60744,Daryl Janmaat,Right-Back,32,0.3
Eerste Divisie,2021,1268,ADO Den Haag,689632,Guillem Rodríguez,Right-Back,24,0.15
Eerste Divisie,2021,1268,ADO Den Haag,677362,Aiman Achemlal,Right-Back,19,0.025
Eerste Divisie,2021,1268,ADO Den Haag,197078,David Puclin,Defensive Midfield,30,0.7
Eerste Divisie,2021,1268,ADO Den Haag,518304,Dhoraso Klas,Central Midfield,21,0.325
Eerste Divisie,2021,1268,ADO Den Haag,133372,Gregor Breinburg,Central Midfield,30,0.325
Eerste Divisie,2021,1268,ADO Den Haag,686095,Sacha Komljenovic,Central Midfield,19,0.075
Eerste Divisie,2021,1268,ADO Den Haag,454569,Benjamin Reemst,Central Midfield,22,0.075
Eerste Divisie,2021,1268,ADO Den Haag,593519,Sem Steijn,Attacking Midfield,20,0.925
Eerste Divisie,2021,1268,ADO Den Haag,327911,Felipe Pires,Attacking Midfield,27,0.8
Eerste Divisie,2021,1268,ADO Den Haag,235230,Samy Bourard,Attacking Midfield,26,0.325
Eerste Divisie,2021,1268,ADO Den Haag,548937,Evan Rottier,Attacking Midfield,20,0.075
Eerste Divisie,2021,1268,ADO Den Haag,594869,Nick Broekhuizen,Attacking Midfield,20,0.025
Eerste Divisie,2021,1268,ADO Den Haag,159026,Ricardo Kishna,Left Winger,27,0.35
Eerste Divisie,2021,1268,ADO Den Haag,27805,Eljero Elia,Left Winger,35,0.275
Eerste Divisie,2021,1268,ADO Den Haag,473170,Cain Seedorf,Left Winger,22,0.2
Eerste Divisie,2021,1268,ADO Den Haag,730821,Julian Markvoort,Left Winger,20,0.025
Eerste Divisie,2021,1268,ADO Den Haag,790420,Rafael Struick,Left Winger,19,0.025
Eerste Divisie,2021,1268,ADO Den Haag,412954,Vicente Besuijen,Right Winger,21,0.5
Eerste Divisie,2021,1268,ADO Den Haag,450195,Amar Catic,Right Winger,23,0.4
Eerste Divisie,2021,1268,ADO Den Haag,778540,Xander Severina,Right Winger,21,0.1
Eerste Divisie,2021,1268,ADO Den Haag,476648,Yahya Boussakou,Right Winger,22,0.05
Eerste Divisie,2021,1268,ADO Den Haag,297365,Thomas Verheydt,Centre-Forward,30,0.575
Eerste Divisie,2021,1268,ADO Den Haag,807788,Marius van Mil,Centre-Forward,20,0.025
Eerste Divisie,2021,1268,ADO Den Haag,790419,Fabian Shahaj,Centre-Forward,20,0.025
Eerste Divisie,2021,132,NAC Breda,215094,Nick Olij,Goalkeeper,26,0.8
Eerste Divisie,2021,132,NAC Breda,195546,Roy Kortsmit,Goalkeeper,29,0.225
Eerste Divisie,2021,132,NAC Breda,601262,Pepijn van de Merbel,Goalkeeper,20,0.025
Eerste Divisie,2021,132,NAC Breda,250440,Danny Bakker,Centre-Back,27,0.55
Eerste Divisie,2021,132,NAC Breda,84405,Dion Malone,Centre-Back,33,0.45
Eerste Divisie,2021,132,NAC Breda,405375,Colin Rösler,Centre-Back,22,0.35
Eerste Divisie,2021,132,NAC Breda,198629,Moïse Adilehou,Centre-Back,26,0.2
Eerste Divisie,2021,132,NAC Breda,651785,Gylermo Siereveld,Centre-Back,20,0.05
Eerste Divisie,2021,132,NAC Breda,738493,Omar Mekkaoui,Centre-Back,17,0.025
Eerste Divisie,2021,132,NAC Breda,549952,Wout Neelen,Centre-Back,21,0.025
Eerste Divisie,2021,132,NAC Breda,717604,Luc Marijnissen,Centre-Back,19,0.025
Eerste Divisie,2021,132,NAC Breda,479431,Jethro Mashart,Left-Back,22,0.275
Eerste Divisie,2021,132,NAC Breda,187296,Moreno Rutten,Right-Back,29,0.325
Eerste Divisie,2021,132,NAC Breda,315156,Robin Schouten,Right-Back,24,0.3
Eerste Divisie,2021,132,NAC Breda,111185,Ruben Ligeon,Right-Back,30,0.25
Eerste Divisie,2021,132,NAC Breda,435769,Milan Vanacker,Right-Back,20,0.075
Eerste Divisie,2021,132,NAC Breda,178219,Thom Haye,Defensive Midfield,27,1.3
Eerste Divisie,2021,132,NAC Breda,412931,Mathijs Bel,Defensive Midfield,21,0.05
Eerste Divisie,2021,132,NAC Breda,656449,Welat Cagro,Central Midfield,23,0.3
Eerste Divisie,2021,132,NAC Breda,585317,Yassine Azzagari,Central Midfield,20,0.225
Eerste Divisie,2021,132,NAC Breda,308356,Michaël Maria,Central Midfield,27,0.2
Eerste Divisie,2021,132,NAC Breda,587289,Sabir Agougil,Central Midfield,20,0.075
Eerste Divisie,2021,132,NAC Breda,865682,Ezechiel Banzuzi,Central Midfield,17,0.05
Eerste Divisie,2021,132,NAC Breda,671834,Martijn Brandt,Central Midfield,20,0.025
Eerste Divisie,2021,132,NAC Breda,360520,Odysseus Velanas,Attacking Midfield,24,0.425
Eerste Divisie,2021,132,NAC Breda,595774,Boris van Schuppen,Attacking Midfield,20,0.3
Eerste Divisie,2021,132,NAC Breda,353149,DJ Buffonge,Attacking Midfield,23,0.15
Eerste Divisie,2021,132,NAC Breda,540927,Kaj de Rooij,Left Winger,21,0.45
Eerste Divisie,2021,132,NAC Breda,578402,Pjotr Kestens,Left Winger,20,0.2
Eerste Divisie,2021,132,NAC Breda,591368,Quincy Tavares,Left Winger,21,0.075
Eerste Divisie,2021,132,NAC Breda,697898,Vieiri Kotzebue,Left Winger,19,0.075
Eerste Divisie,2021,132,NAC Breda,162672,Jarchinio Antonia,Right Winger,31,0.275
Eerste Divisie,2021,132,NAC Breda,400644,Jeredy Hilterman,Centre-Forward,24,0.45
Eerste Divisie,2021,132,NAC Breda,430800,Naoufal Bannis,Centre-Forward,20,0.4
Eerste Divisie,2021,132,NAC Breda,96472,Ralf Seuntjens,Centre-Forward,33,0.3
Eerste Divisie,2021,132,NAC Breda,176555,Mario Bilate,Centre-Forward,30,0.25
Eerste Divisie,2021,132,NAC Breda,596150,Ayouba Kosiah,Centre-Forward,20,0.075
Eerste Divisie,2021,192,Roda JC Kerkrade,342012,Rody de Boer,Goalkeeper,24,0.7
Eerste Divisie,2021,192,Roda JC Kerkrade,417671,Loek Hamers,Goalkeeper,22,0.025
Eerste Divisie,2021,192,Roda JC Kerkrade,606179,Dylan Vranken,Goalkeeper,20,0.025
Eerste Divisie,2021,192,Roda JC Kerkrade,214078,Richard Jensen,Centre-Back,26,0.35
Eerste Divisie,2021,192,Roda JC Kerkrade,269585,Daryl Werker,Centre-Back,28,0.325
Eerste Divisie,2021,192,Roda JC Kerkrade,61446,Guus Joppen,Centre-Back,32,0.275
Eerste Divisie,2021,192,Roda JC Kerkrade,547312,Xander Lambrix,Centre-Back,22,0.2
Eerste Divisie,2021,192,Roda JC Kerkrade,331634,Florian Mayer,Centre-Back,24,0.075
Eerste Divisie,2021,192,Roda JC Kerkrade,521433,Sander Rau,Centre-Back,22,0.025
Eerste Divisie,2021,192,Roda JC Kerkrade,453525,Dehninio Muringen,Centre-Back,23,0.01
Eerste Divisie,2021,192,Roda JC Kerkrade,373977,Amir Absalem,Left-Back,25,0.5
Eerste Divisie,2021,192,Roda JC Kerkrade,502461,Jamil Takidine,Left-Back,20,0.05
Eerste Divisie,2021,192,Roda JC Kerkrade,83945,Stefano Marzo,Right-Back,31,0.325
Eerste Divisie,2021,192,Roda JC Kerkrade,187288,Robert Klaasen,Defensive Midfield,28,0.325
Eerste Divisie,2021,192,Roda JC Kerkrade,364246,Nicky Souren,Defensive Midfield,22,0.3
Eerste Divisie,2021,192,Roda JC Kerkrade,106634,Pelé van Anholt,Defensive Midfield,31,0.3
Eerste Divisie,2021,192,Roda JC Kerkrade,361066,Davy van den Berg,Defensive Midfield,22,0.25
Eerste Divisie,2021,192,Roda JC Kerkrade,697776,Quinten-Eladio Beckx,Defensive Midfield,19,0.025
Eerste Divisie,2021,192,Roda JC Kerkrade,783094,Benjamin Bouchouari,Central Midfield,20,0.6
Eerste Divisie,2021,192,Roda JC Kerkrade,123140,Niek Vossebelt,Central Midfield,30,0.3
Eerste Divisie,2021,192,Roda JC Kerkrade,326026,Robin Schoonbrood,Central Midfield,23,0.25
Eerste Divisie,2021,192,Roda JC Kerkrade,344206,Tomer Altman,Central Midfield,24,0.2
Eerste Divisie,2021,192,Roda JC Kerkrade,730816,Fabio Sposito,Central Midfield,20,0.025
Eerste Divisie,2021,192,Roda JC Kerkrade,159522,Patrick Pflücke,Right Midfield,25,0.7
Eerste Divisie,2021,192,Roda JC Kerkrade,365449,Xian Emmers,Attacking Midfield,22,0.6
Eerste Divisie,2021,192,Roda JC Kerkrade,415989,Mart Remans,Attacking Midfield,24,0.3
Eerste Divisie,2021,192,Roda JC Kerkrade,446247,Jeremy Cijntje,Left Winger,24,0.3
Eerste Divisie,2021,192,Roda JC Kerkrade,549954,Mohamed Amissi,Left Winger,21,0.15
Eerste Divisie,2021,192,Roda JC Kerkrade,502288,Bryan Limbombe,Right Winger,21,0.475
Eerste Divisie,2021,192,Roda JC Kerkrade,519736,Jimmy Vijgen,Right Winger,21,0.05
Eerste Divisie,2021,192,Roda JC Kerkrade,502893,Denzel Jubitana,Second Striker,23,0.3
Eerste Divisie,2021,192,Roda JC Kerkrade,369319,Dylan Vente,Centre-Forward,23,0.575
Eerste Divisie,2021,192,Roda JC Kerkrade,192043,Fabian Serrarens,Centre-Forward,31,0.25
Eerste Divisie,2021,192,Roda JC Kerkrade,422764,Jamie Yayi Mpie,Centre-Forward,21,0.075
Eerste Divisie,2021,192,Roda JC Kerkrade,676411,Dailon Livramento,Centre-Forward,21,0.05
Eerste Divisie,2021,1283,FC Emmen,231650,Michael Brouwer,Goalkeeper,29,0.55
Eerste Divisie,2021,1283,FC Emmen,241389,Indy Groothuizen,Goalkeeper,25,0.125
Eerste Divisie,2021,1283,FC Emmen,452619,Kyan van Dorp,Goalkeeper,22,0.05
Eerste Divisie,2021,1283,FC Emmen,618087,Max Wolfs,Goalkeeper,20,0.025
Eerste Divisie,2021,1283,FC Emmen,645966,Wouter Sibon,Goalkeeper,18,0.025
Eerste Divisie,2021,1283,FC Emmen,211420,Miguel Araujo,Centre-Back,27,0.75
Eerste Divisie,2021,1283,FC Emmen,61867,Jeroen Veldmate,Centre-Back,33,0.35
Eerste Divisie,2021,1283,FC Emmen,263553,Peet Bijen,Centre-Back,27,0.3
Eerste Divisie,2021,1283,FC Emmen,497252,Leonel Miguel,Centre-Back,21,0.2
Eerste Divisie,2021,1283,FC Emmen,113872,Mitch Apau,Centre-Back,32,0.15
Eerste Divisie,2021,1283,FC Emmen,566930,Julius Dirksen,Centre-Back,19,0.05
Eerste Divisie,2021,1283,FC Emmen,324111,Teun Bijleveld,Left-Back,24,0.325
Eerste Divisie,2021,1283,FC Emmen,124866,Lorenzo Burnet,Left-Back,31,0.275
Eerste Divisie,2021,1283,FC Emmen,395509,Arnaud Luzayadio,Right-Back,22,0.3
Eerste Divisie,2021,1283,FC Emmen,503642,Joël van Kaam,Right-Back,20,0.175
Eerste Divisie,2021,1283,FC Emmen,258363,Keziah Veendorp,Defensive Midfield,25,0.4
Eerste Divisie,2021,1283,FC Emmen,531065,Oussama El Azzouzi,Defensive Midfield,21,0.3
Eerste Divisie,2021,1283,FC Emmen,593804,Lars Dijk,Defensive Midfield,19,0.025
Eerste Divisie,2021,1283,FC Emmen,790469,Willem Hoffrogge,Defensive Midfield,21,0.025
Eerste Divisie,2021,1283,FC Emmen,374213,Jari Vlak,Central Midfield,23,0.5
Eerste Divisie,2021,1283,FC Emmen,536480,Lucas Bernadou,Central Midfield,21,0.375
Eerste Divisie,2021,1283,FC Emmen,263555,Jeff Hardeveld,Left Midfield,27,0.325
Eerste Divisie,2021,1283,FC Emmen,460630,Azzeddine Toufiqui,Attacking Midfield,23,0.3
Eerste Divisie,2021,1283,FC Emmen,556870,Ben Scholte,Attacking Midfield,20,0.15
Eerste Divisie,2021,1283,FC Emmen,419828,Jasin Assehnoun,Left Winger,23,0.35
Eerste Divisie,2021,1283,FC Emmen,513332,Kian Slor,Left Winger,20,0.1
Eerste Divisie,2021,1283,FC Emmen,556749,Luciano Carty,Left Winger,20,0.075
Eerste Divisie,2021,1283,FC Emmen,387996,Rui Mendes,Right Winger,22,0.5
Eerste Divisie,2021,1283,FC Emmen,123521,Peter van Ooijen,Right Winger,30,0.375
Eerste Divisie,2021,1283,FC Emmen,593856,Lentini Caciano,Right Winger,20,0.025
Eerste Divisie,2021,1283,FC Emmen,400644,Jeredy Hilterman,Centre-Forward,24,0.45
Eerste Divisie,2021,1283,FC Emmen,361070,Ole Romeny,Centre-Forward,22,0.375
Eerste Divisie,2021,1283,FC Emmen,482826,Reda Kharchouch,Centre-Forward,26,0.325
Eerste Divisie,2021,1283,FC Emmen,395519,Metehan Güclü,Centre-Forward,23,0.3
Eerste Divisie,2021,1283,FC Emmen,211331,Mart Lieder,Centre-Forward,32,0.275
Eerste Divisie,2021,1426,VVV-Venlo,147558,Lukas Zima,Goalkeeper,28,0.3
Eerste Divisie,2021,1426,VVV-Venlo,159143,Delano van Crooij,Goalkeeper,31,0.225
Eerste Divisie,2021,1426,VVV-Venlo,457072,Bram Verbong,Goalkeeper,22,0.075
Eerste Divisie,2021,1426,VVV-Venlo,554422,Jens Craenmehr,Goalkeeper,20,0.05
Eerste Divisie,2021,1426,VVV-Venlo,322061,Kristopher Da Graca,Centre-Back,24,0.4
Eerste Divisie,2021,1426,VVV-Venlo,251975,Brian Koglin,Centre-Back,25,0.3
Eerste Divisie,2021,1426,VVV-Venlo,457090,Stan van Dijck,Centre-Back,21,0.25
Eerste Divisie,2021,1426,VVV-Venlo,515388,Sem Dirks,Centre-Back,21,0.2
Eerste Divisie,2021,1426,VVV-Venlo,675981,Stan Henderikx,Centre-Back,18,0.025
Eerste Divisie,2021,1426,VVV-Venlo,457092,Simon Janssen,Left-Back,21,0.35
Eerste Divisie,2021,1426,VVV-Venlo,541020,Yannick Leliendal,Left-Back,20,0.125
Eerste Divisie,2021,1426,VVV-Venlo,161549,Tobias Pachonik,Right-Back,27,0.55
Eerste Divisie,2021,1426,VVV-Venlo,315124,Tristan Dekker,Right-Back,24,0.35
Eerste Divisie,2021,1426,VVV-Venlo,554423,Ian Ngobi,Right-Back,20,0.075
Eerste Divisie,2021,1426,VVV-Venlo,995022,Jens Jacobs,Right-Back,18,0.025
Eerste Divisie,2021,1426,VVV-Venlo,90343,Danny Post,Defensive Midfield,33,0.25
Eerste Divisie,2021,1426,VVV-Venlo,645962,Joep Munsters,Defensive Midfield,20,0.1
Eerste Divisie,2021,1426,VVV-Venlo,618343,Joep Kluskens,Defensive Midfield,19,0.025
Eerste Divisie,2021,1426,VVV-Venlo,361121,Kees de Boer,Central Midfield,22,0.35
Eerste Divisie,2021,1426,VVV-Venlo,392744,Mitchell van Rooijen,Central Midfield,23,0.35
Eerste Divisie,2021,1426,VVV-Venlo,339080,Richard Sedlacek,Central Midfield,23,0.3
Eerste Divisie,2021,1426,VVV-Venlo,596378,Jonas Theuerzeit,Central Midfield,19,0.025
Eerste Divisie,2021,1426,VVV-Venlo,672954,Lars Nabbe,Central Midfield,20,0.025
Eerste Divisie,2021,1426,VVV-Venlo,411536,Rayan El Azrak,Attacking Midfield,22,0.375
Eerste Divisie,2021,1426,VVV-Venlo,739745,Wassim Essanoussi,Attacking Midfield,18,0.3
Eerste Divisie,2021,1426,VVV-Venlo,918365,Levi Smans,Attacking Midfield,19,0.3
Eerste Divisie,2021,1426,VVV-Venlo,667272,Niek Munsters,Attacking Midfield,20,0.075
Eerste Divisie,2021,1426,VVV-Venlo,578459,Aaron Bastiaans,Left Winger,20,0.25
Eerste Divisie,2021,1426,VVV-Venlo,342490,Carl Johansson,Left Winger,24,0.25
Eerste Divisie,2021,1426,VVV-Venlo,159375,Joeri Schroijen,Left Winger,31,0.25
Eerste Divisie,2021,1426,VVV-Venlo,675979,Thijme Verheijen,Left Winger,19,0.075
Eerste Divisie,2021,1426,VVV-Venlo,975777,Levi Titulaer,Left Winger,18,0.025
Eerste Divisie,2021,1426,VVV-Venlo,420187,Nick Venema,Right Winger,23,0.9
Eerste Divisie,2021,1426,VVV-Venlo,539547,Yahcuroo Roemer,Right Winger,20,0.325
Eerste Divisie,2021,1426,VVV-Venlo,116636,Guus Hupperts,Right Winger,30,0.175
Eerste Divisie,2021,1426,VVV-Venlo,322690,Erik Sorga,Centre-Forward,22,0.3
Eerste Divisie,2021,1426,VVV-Venlo,185400,Sven Braken,Centre-Forward,29,0.25
Eerste Divisie,2021,1426,VVV-Venlo,356005,Ertan Hajdaraj,Centre-Forward,19,0.05
Eerste Divisie,2021,798,Excelsior Rotterdam,301696,Stijn van Gassel,Goalkeeper,25,0.5
Eerste Divisie,2021,798,Excelsior Rotterdam,259932,Bo Geens,Goalkeeper,26,0.15
Eerste Divisie,2021,798,Excelsior Rotterdam,796490,Pascal Kuiper,Goalkeeper,18,0.125
Eerste Divisie,2021,798,Excelsior Rotterdam,602600,Lars Bleijenberg,Goalkeeper,21,0.025
Eerste Divisie,2021,798,Excelsior Rotterdam,691973,Steyn Gerritsen,Goalkeeper,19,0.025
Eerste Divisie,2021,798,Excelsior Rotterdam,480730,Redouan El Yaakoubi,Centre-Back,26,0.425
Eerste Divisie,2021,798,Excelsior Rotterdam,314915,Siebe Horemans,Centre-Back,24,0.4
Eerste Divisie,2021,798,Excelsior Rotterdam,187291,Sven Nieuwpoort,Centre-Back,29,0.375
Eerste Divisie,2021,798,Excelsior Rotterdam,510898,Nikita Vlasenko,Centre-Back,21,0.35
Eerste Divisie,2021,798,Excelsior Rotterdam,618038,Serano Seymor,Centre-Back,20,0.025
Eerste Divisie,2021,798,Excelsior Rotterdam,242651,Brandon Ormonde-Ottewill,Left-Back,26,0.3
Eerste Divisie,2021,798,Excelsior Rotterdam,606023,Nathan Tjoe-A-On,Left-Back,20,0.125
Eerste Divisie,2021,798,Excelsior Rotterdam,415381,Mats Wieffer,Right-Back,22,0.4
Eerste Divisie,2021,798,Excelsior Rotterdam,361086,Abdallah Aberkane,Right-Back,22,0.275
Eerste Divisie,2021,798,Excelsior Rotterdam,618034,Jaimy Buter,Right-Back,20,0.025
Eerste Divisie,2021,798,Excelsior Rotterdam,158540,Michael Chacón,Defensive Midfield,28,0.4
Eerste Divisie,2021,798,Excelsior Rotterdam,618036,Joshua Eijgenraam,Defensive Midfield,20,0.25
Eerste Divisie,2021,798,Excelsior Rotterdam,412943,Kenzo Goudmijn,Central Midfield,20,0.6
Eerste Divisie,2021,798,Excelsior Rotterdam,616340,Julian Baas,Central Midfield,20,0.35
Eerste Divisie,2021,798,Excelsior Rotterdam,806305,Noa Dundas,Central Midfield,18,0.05
Eerste Divisie,2021,798,Excelsior Rotterdam,618049,Jonathan Mendes Rodrigues,Central Midfield,20,0.025
Eerste Divisie,2021,798,Excelsior Rotterdam,443308,Reuven Niemeijer,Attacking Midfield,27,0.5
Eerste Divisie,2021,798,Excelsior Rotterdam,593837,Couhaib Driouech,Left Winger,20,0.225
Eerste Divisie,2021,798,Excelsior Rotterdam,618483,Modeste Duku,Left Winger,21,0.175
Eerste Divisie,2021,798,Excelsior Rotterdam,736014,Luuk Admiraal,Left Winger,20,0.05
Eerste Divisie,2021,798,Excelsior Rotterdam,618050,Brent Vugts,Left Winger,20,0.025
Eerste Divisie,2021,798,Excelsior Rotterdam,412959,Marouan Azarkan,Right Winger,20,0.475
Eerste Divisie,2021,798,Excelsior Rotterdam,546745,Dave van Delft,Right Winger,20,0.025
Eerste Divisie,2021,798,Excelsior Rotterdam,538964,Thijs Dallinga,Centre-Forward,21,1.1
Eerste Divisie,2021,798,Excelsior Rotterdam,477274,Nikolas Agrafiotis,Centre-Forward,22,0.25
Eerste Divisie,2021,798,Excelsior Rotterdam,476647,Hugo Botermans,Centre-Forward,22,0.15
Eerste Divisie,2021,798,Excelsior Rotterdam,618040,Delano Gouda,Centre-Forward,20,0.025
Eerste Divisie,2021,798,Excelsior Rotterdam,808646,Raphaël Eyongo,Centre-Forward,19,0.025
Eerste Divisie,2021,723,Almere City FC,350347,Michael Woud,Goalkeeper,23,0.45
Eerste Divisie,2021,723,Almere City FC,534015,Nordin Bakker,Goalkeeper,24,0.325
Eerste Divisie,2021,723,Almere City FC,55756,Agil Etemadi,Goalkeeper,35,0.075
Eerste Divisie,2021,723,Almere City FC,671595,Magdiel Agyei Adomako,Goalkeeper,20,0.025
Eerste Divisie,2021,723,Almere City FC,793097,Kay Rademaker,Goalkeeper,19,0.025
Eerste Divisie,2021,723,Almere City FC,458417,Stijn Keller,Goalkeeper,22,0.025
Eerste Divisie,2021,723,Almere City FC,361124,Joey Jacobs,Centre-Back,22,0.45
Eerste Divisie,2021,723,Almere City FC,190287,Frederik Helstrup,Centre-Back,29,0.35
Eerste Divisie,2021,723,Almere City FC,60317,Ramon Leeuwin,Centre-Back,34,0.3
Eerste Divisie,2021,723,Almere City FC,215091,Daniël Breedijk,Centre-Back,27,0.225
Eerste Divisie,2021,723,Almere City FC,412950,Ezra Hoogenboom,Centre-Back,21,0.025
Eerste Divisie,2021,723,Almere City FC,586428,Jordy Rullens,Centre-Back,21,0.025
Eerste Divisie,2021,723,Almere City FC,480457,Thomas Poll,Left-Back,20,0.3
Eerste Divisie,2021,723,Almere City FC,315393,Thibaut Lesquoy,Left-Back,26,0.175
Eerste Divisie,2021,723,Almere City FC,203940,Bram van Vlerken,Right-Back,26,0.325
Eerste Divisie,2021,723,Almere City FC,362276,Faris Hammouti,Right-Back,25,0.25
Eerste Divisie,2021,723,Almere City FC,582132,Niciano Grootfaam,Right-Back,21,0.05
Eerste Divisie,2021,723,Almere City FC,189650,Tim Receveur,Defensive Midfield,30,0.325
Eerste Divisie,2021,723,Almere City FC,90343,Danny Post,Defensive Midfield,33,0.25
Eerste Divisie,2021,723,Almere City FC,793099,Stije Resink,Defensive Midfield,19,0.125
Eerste Divisie,2021,723,Almere City FC,264653,Steve Tunga,Defensive Midfield,25,0.075
Eerste Divisie,2021,723,Almere City FC,566934,Jens Guiting,Defensive Midfield,19,0.025
Eerste Divisie,2021,723,Almere City FC,275949,Jorrit Smeets,Central Midfield,27,0.45
Eerste Divisie,2021,723,Almere City FC,706896,Marcelencio Esajas,Central Midfield,20,0.125
Eerste Divisie,2021,723,Almere City FC,378316,Lance Duijvestijn,Attacking Midfield,23,0.45
Eerste Divisie,2021,723,Almere City FC,430817,Anass Ahannach,Attacking Midfield,24,0.3
Eerste Divisie,2021,723,Almere City FC,524033,Thijs van Leeuwen,Attacking Midfield,20,0.3
Eerste Divisie,2021,723,Almere City FC,865281,Jochem Ritmeester van de Kamp,Attacking Midfield,18,0.025
Eerste Divisie,2021,723,Almere City FC,361071,Bradly van Hoeven,Left Winger,22,0.35
Eerste Divisie,2021,723,Almere City FC,376863,Oussama Bouyaghlafen,Left Winger,24,0.25
Eerste Divisie,2021,723,Almere City FC,667263,Jeffry Puriel,Left Winger,19,0.2
Eerste Divisie,2021,723,Almere City FC,865293,Layee Kromah,Left Winger,19,0.025
Eerste Divisie,2021,723,Almere City FC,337669,Ilias Alhaft,Right Winger,25,0.325
Eerste Divisie,2021,723,Almere City FC,480455,Guillermo Gauna,Right Winger,22,0.05
Eerste Divisie,2021,723,Almere City FC,458418,Joshua Zimmerman,Right Winger,21,0.025
Eerste Divisie,2021,723,Almere City FC,246044,Jonas Arweiler,Centre-Forward,25,0.4
Eerste Divisie,2021,723,Almere City FC,587666,Tijmen Wildeboer,Centre-Forward,20,0.275
Eerste Divisie,2021,723,Almere City FC,583816,Maarten Pouwels,Centre-Forward,23,0.25
Eerste Divisie,2021,404,FC Den Bosch,159896,Wouter van der Steen,Goalkeeper,32,0.425
Eerste Divisie,2021,404,FC Den Bosch,411601,Konrad Sikking,Goalkeeper,23,0.05
Eerste Divisie,2021,404,FC Den Bosch,471041,Gijs Schalks,Goalkeeper,21,0.025
Eerste Divisie,2021,404,FC Den Bosch,417827,Victor van den Bogert,Centre-Back,22,0.275
Eerste Divisie,2021,404,FC Den Bosch,255814,Jordy van der Winden,Centre-Back,28,0.25
Eerste Divisie,2021,404,FC Den Bosch,633124,Teun van Grunsven,Centre-Back,22,0.25
Eerste Divisie,2021,404,FC Den Bosch,480022,Dylan Ryan,Centre-Back,22,0.075
Eerste Divisie,2021,404,FC Den Bosch,577462,Stan Maas,Centre-Back,21,0.075
Eerste Divisie,2021,404,FC Den Bosch,477250,Terrence Douglas,Left-Back,20,0.275
Eerste Divisie,2021,404,FC Den Bosch,64358,Gaston Salasiwa,Left-Back,33,0.15
Eerste Divisie,2021,404,FC Den Bosch,639974,Nick de Groot,Left-Back,20,0.025
Eerste Divisie,2021,404,FC Den Bosch,469084,Rik Mulders,Right-Back,21,0.3
Eerste Divisie,2021,404,FC Den Bosch,540271,Mike van Beijnen,Right-Back,23,0.225
Eerste Divisie,2021,404,FC Den Bosch,469088,Jorn van Hedel,Right-Back,21,0.225
Eerste Divisie,2021,404,FC Den Bosch,596999,Linus Zimmer,Right-Back,19,0.05
Eerste Divisie,2021,404,FC Den Bosch,719790,Noël Hendriks,Right-Back,20,0.025
Eerste Divisie,2021,404,FC Den Bosch,433933,Kevin Felida,Defensive Midfield,22,0.4
Eerste Divisie,2021,404,FC Den Bosch,436583,Steven van der Heijden,Defensive Midfield,23,0.275
Eerste Divisie,2021,404,FC Den Bosch,333498,Dino Halilovic,Defensive Midfield,24,0.2
Eerste Divisie,2021,404,FC Den Bosch,622816,Djumaney Burnet,Defensive Midfield,21,0.025
Eerste Divisie,2021,404,FC Den Bosch,577455,Ringo Meerveld,Attacking Midfield,19,0.5
Eerste Divisie,2021,404,FC Den Bosch,892983,Ryan Leijten,Attacking Midfield,18,0.25
Eerste Divisie,2021,404,FC Den Bosch,188268,Ricardo Kip,Attacking Midfield,30,0.15
Eerste Divisie,2021,404,FC Den Bosch,56491,Barry Maguire,Attacking Midfield,32,0.15
Eerste Divisie,2021,404,FC Den Bosch,619736,Rick Zuijderwijk,Attacking Midfield,21,0.075
Eerste Divisie,2021,404,FC Den Bosch,577461,Sven Roos,Attacking Midfield,20,0.025
Eerste Divisie,2021,404,FC Den Bosch,799022,Max van Hees,Attacking Midfield,19,0.025
Eerste Divisie,2021,404,FC Den Bosch,262895,Soufyan Ahannach,Left Winger,26,0.35
Eerste Divisie,2021,404,FC Den Bosch,446247,Jeremy Cijntje,Left Winger,24,0.3
Eerste Divisie,2021,404,FC Den Bosch,267116,Torino Hunte,Left Winger,31,0.2
Eerste Divisie,2021,404,FC Den Bosch,682252,Sebastiaan van Bakel,Left Winger,21,0.15
Eerste Divisie,2021,404,FC Den Bosch,799024,Jochem Scheij,Left Winger,20,0.025
Eerste Divisie,2021,404,FC Den Bosch,469082,Roy Kuijpers,Right Winger,22,0.35
Eerste Divisie,2021,404,FC Den Bosch,185817,Jizz Hornkamp,Centre-Forward,24,0.65
Eerste Divisie,2021,404,FC Den Bosch,606389,Nikolaj Möller,Centre-Forward,19,0.3
Eerste Divisie,2021,404,FC Den Bosch,895402,Mohamed Berte,Centre-Forward,20,0.15
Eerste Divisie,2021,404,FC Den Bosch,929543,Preben Stiers,Centre-Forward,20,0.075
Eerste Divisie,2021,642,De Graafschap Doetinchem,215551,Hidde Jurjus,Goalkeeper,28,0.475
Eerste Divisie,2021,642,De Graafschap Doetinchem,475419,Nick van den Dam,Goalkeeper,23,0.075
Eerste Divisie,2021,642,De Graafschap Doetinchem,607175,Edwin Danquah,Goalkeeper,18,0.025
Eerste Divisie,2021,642,De Graafschap Doetinchem,475420,Guus Vaags,Goalkeeper,21,0.025
Eerste Divisie,2021,642,De Graafschap Doetinchem,587606,Ties Wieggers,Goalkeeper,19,0.025
Eerste Divisie,2021,642,De Graafschap Doetinchem,351405,Jasper van Heertum,Centre-Back,24,0.5
Eerste Divisie,2021,642,De Graafschap Doetinchem,129551,Ted van de Pavert,Centre-Back,30,0.425
Eerste Divisie,2021,642,De Graafschap Doetinchem,557286,Milan Hilderink,Centre-Back,19,0.05
Eerste Divisie,2021,642,De Graafschap Doetinchem,241375,Roland Baas,Left-Back,26,0.325
Eerste Divisie,2021,642,De Graafschap Doetinchem,337673,Julian Lelieveld,Right-Back,24,0.5
Eerste Divisie,2021,642,De Graafschap Doetinchem,102660,Jeffry Fortes,Right-Back,33,0.35
Eerste Divisie,2021,642,De Graafschap Doetinchem,272707,Elmo Lieftink,Defensive Midfield,28,0.45
Eerste Divisie,2021,642,De Graafschap Doetinchem,299121,Rick Dekker,Defensive Midfield,27,0.4
Eerste Divisie,2021,642,De Graafschap Doetinchem,373984,Jesse Schuurman,Defensive Midfield,24,0.3
Eerste Divisie,2021,642,De Graafschap Doetinchem,900072,Philip Brittijn,Defensive Midfield,18,0.25
Eerste Divisie,2021,642,De Graafschap Doetinchem,527687,Ebbe Wenting,Defensive Midfield,22,0.025
Eerste Divisie,2021,642,De Graafschap Doetinchem,805453,Hamza Bouihrouchane,Defensive Midfield,19,0.025
Eerste Divisie,2021,642,De Graafschap Doetinchem,404694,Mees Kaandorp,Central Midfield,24,0.275
Eerste Divisie,2021,642,De Graafschap Doetinchem,679708,Sisqo Lever,Central Midfield,19,0.025
Eerste Divisie,2021,642,De Graafschap Doetinchem,191834,Johnatan Opoku,Attacking Midfield,32,0.425
Eerste Divisie,2021,642,De Graafschap Doetinchem,99508,Danny Verbeek,Attacking Midfield,31,0.25
Eerste Divisie,2021,642,De Graafschap Doetinchem,478510,Jonathan Vergara Berrio,Attacking Midfield,23,0.075
Eerste Divisie,2021,642,De Graafschap Doetinchem,572725,Thomas Kleinpenning,Attacking Midfield,21,0.025
Eerste Divisie,2021,642,De Graafschap Doetinchem,480452,Hicham Acheffay,Left Winger,21,0.3
Eerste Divisie,2021,642,De Graafschap Doetinchem,864112,Başar Önal,Left Winger,17,0.1
Eerste Divisie,2021,642,De Graafschap Doetinchem,605362,Pim Lukassen,Left Winger,21,0.025
Eerste Divisie,2021,642,De Graafschap Doetinchem,234910,Giovanni Korte,Right Winger,28,0.4
Eerste Divisie,2021,642,De Graafschap Doetinchem,587588,Camiel Neghli,Right Winger,20,0.1
Eerste Divisie,2021,642,De Graafschap Doetinchem,315140,Joey Konings,Centre-Forward,24,0.375
Eerste Divisie,2021,642,De Graafschap Doetinchem,225716,Sam Hendriks,Centre-Forward,27,0.3
Eerste Divisie,2021,642,De Graafschap Doetinchem,186282,Danzell Gravenberch,Centre-Forward,28,0.25
Eerste Divisie,2021,642,De Graafschap Doetinchem,704771,Devin Haen,Centre-Forward,18,0.175
Eerste Divisie,2021,3892,FC Eindhoven,187594,Nigel Bertrams,Goalkeeper,29,0.45
Eerste Divisie,2021,3892,FC Eindhoven,736097,Jort Borgmans,Goalkeeper,19,0.05
Eerste Divisie,2021,3892,FC Eindhoven,608888,Peter Strijbosch,Goalkeeper,20,0.025
Eerste Divisie,2021,3892,FC Eindhoven,576444,TJ Odunze,Goalkeeper,22,0.025
Eerste Divisie,2021,3892,FC Eindhoven,170720,Mawouna Amevor,Centre-Back,30,0.4
Eerste Divisie,2021,3892,FC Eindhoven,355860,Maarten Peijnenburg,Centre-Back,25,0.35
Eerste Divisie,2021,3892,FC Eindhoven,341678,Collin Seedorf,Centre-Back,27,0.275
Eerste Divisie,2021,3892,FC Eindhoven,422635,Pieter Bogaers,Centre-Back,23,0.175
Eerste Divisie,2021,3892,FC Eindhoven,464600,Jarno Janssen,Centre-Back,21,0.1
Eerste Divisie,2021,3892,FC Eindhoven,891480,Miano van den Bos,Centre-Back,19,0.025
Eerste Divisie,2021,3892,FC Eindhoven,576682,Jasper Dahlhaus,Left-Back,20,0.4
Eerste Divisie,2021,3892,FC Eindhoven,827727,Joey van Casand,Left-Back,19,0.025
Eerste Divisie,2021,3892,FC Eindhoven,540928,Valentino Vermeulen,Right-Back,20,0.5
Eerste Divisie,2021,3892,FC Eindhoven,415085,Justin Ogenia,Right-Back,23,0.2
Eerste Divisie,2021,3892,FC Eindhoven,292817,Matthias Verreth,Defensive Midfield,24,0.4
Eerste Divisie,2021,3892,FC Eindhoven,429916,Brian De Keersmaecker,Defensive Midfield,22,0.35
Eerste Divisie,2021,3892,FC Eindhoven,56436,Jens van Son,Defensive Midfield,34,0.15
Eerste Divisie,2021,3892,FC Eindhoven,706944,Mitchel van Rosmalen,Defensive Midfield,21,0.125
Eerste Divisie,2021,3892,FC Eindhoven,461251,Koen Oostenbrink,Defensive Midfield,22,0.1
Eerste Divisie,2021,3892,FC Eindhoven,440495,Cas Faber,Defensive Midfield,23,0.05
Eerste Divisie,2021,3892,FC Eindhoven,667271,Jordy Huybers,Central Midfield,19,0.05
Eerste Divisie,2021,3892,FC Eindhoven,204166,Barnabás Rácz,Attacking Midfield,26,0.275
Eerste Divisie,2021,3892,FC Eindhoven,494283,Enrico Dueñas,Attacking Midfield,21,0.2
Eerste Divisie,2021,3892,FC Eindhoven,207043,Joey Sleegers,Left Winger,27,0.7
Eerste Divisie,2021,3892,FC Eindhoven,870262,Naoufal Azzagari,Right Winger,20,0.05
Eerste Divisie,2021,3892,FC Eindhoven,330909,Jort van der Sande,Centre-Forward,26,0.4
Eerste Divisie,2021,3892,FC Eindhoven,595028,Charles-Andreas Brym,Centre-Forward,23,0.325
Eerste Divisie,2021,3892,FC Eindhoven,608617,Dave de Meij,Centre-Forward,20,0.05
Eerste Divisie,2021,384,MVV Maastricht,538073,Romain Matthys,Goalkeeper,23,0.3
Eerste Divisie,2021,384,MVV Maastricht,315235,Thijmen Nijhuis,Goalkeeper,23,0.2
Eerste Divisie,2021,384,MVV Maastricht,566910,Ruben van Kouwen,Goalkeeper,21,0.05
Eerste Divisie,2021,384,MVV Maastricht,333641,Joshua Wehking,Goalkeeper,22,0.05
Eerste Divisie,2021,384,MVV Maastricht,646922,Logan Ancion,Goalkeeper,20,0.025
Eerste Divisie,2021,384,MVV Maastricht,719382,Matteo Waem,Centre-Back,22,0.325
Eerste Divisie,2021,384,MVV Maastricht,463936,Rico Zeegers,Centre-Back,22,0.275
Eerste Divisie,2021,384,MVV Maastricht,811114,Elano Yegen,Centre-Back,19,0.125
Eerste Divisie,2021,384,MVV Maastricht,563392,Simon Libert,Centre-Back,20,0.05
Eerste Divisie,2021,384,MVV Maastricht,541021,Levi Malungu,Centre-Back,20,0.05
Eerste Divisie,2021,384,MVV Maastricht,595710,Ermin Cavcic,Centre-Back,19,0.025
Eerste Divisie,2021,384,MVV Maastricht,418545,Mitchel Keulen,Left-Back,23,0.3
Eerste Divisie,2021,384,MVV Maastricht,163665,Leroy Labylle,Left-Back,31,0.15
Eerste Divisie,2021,384,MVV Maastricht,844506,Lars Schenk,Left-Back,20,0.075
Eerste Divisie,2021,384,MVV Maastricht,570722,Fostave Mabani,Left-Back,20,0.05
Eerste Divisie,2021,384,MVV Maastricht,626774,Besfort Arifi,Left-Back,20,0.025
Eerste Divisie,2021,384,MVV Maastricht,387201,Clint Essers,Right-Back,25,0.25
Eerste Divisie,2021,384,MVV Maastricht,595700,Tim Zeegers,Right-Back,22,0.175
Eerste Divisie,2021,384,MVV Maastricht,717889,Lucas Kalala,Right-Back,20,0.1
Eerste Divisie,2021,384,MVV Maastricht,503884,Allan Delferriere,Defensive Midfield,20,0.4
Eerste Divisie,2021,384,MVV Maastricht,355685,Orhan Džepar,Defensive Midfield,26,0.325
Eerste Divisie,2021,384,MVV Maastricht,364246,Nicky Souren,Defensive Midfield,22,0.3
Eerste Divisie,2021,384,MVV Maastricht,595709,Thomas van Bommel,Defensive Midfield,19,0.125
Eerste Divisie,2021,384,MVV Maastricht,275938,Kai Bösing,Defensive Midfield,28,0.075
Eerste Divisie,2021,384,MVV Maastricht,714078,Marko Kleinen,Central Midfield,20,0.25
Eerste Divisie,2021,384,MVV Maastricht,944065,Saul Penders,Central Midfield,19,0.075
Eerste Divisie,2021,384,MVV Maastricht,553190,Jesse Probst,Central Midfield,21,0.025
Eerste Divisie,2021,384,MVV Maastricht,415989,Mart Remans,Attacking Midfield,24,0.3
Eerste Divisie,2021,384,MVV Maastricht,64481,Roland Alberg,Attacking Midfield,31,0.25
Eerste Divisie,2021,384,MVV Maastricht,564326,Marciano Aziz,Attacking Midfield,20,0.15
Eerste Divisie,2021,384,MVV Maastricht,687258,Twan Visser,Attacking Midfield,21,0.05
Eerste Divisie,2021,384,MVV Maastricht,735701,Ruben van Bommel,Left Winger,17,0.025
Eerste Divisie,2021,384,MVV Maastricht,669335,Adam Mami,Left Winger,20,0.025
Eerste Divisie,2021,384,MVV Maastricht,351873,Sven Blummel,Right Winger,25,0.325
Eerste Divisie,2021,384,MVV Maastricht,595714,Milo Delrock,Right Winger,20,0.05
Eerste Divisie,2021,384,MVV Maastricht,314463,Mehdi Lazaar,Right Winger,29,0.05
Eerste Divisie,2021,384,MVV Maastricht,944064,Keone Maho,Right Winger,20,0.025
Eerste Divisie,2021,384,MVV Maastricht,706860,Mitchy Ntelo,Centre-Forward,21,0.3
Eerste Divisie,2021,384,MVV Maastricht,514290,Toshio Lake,Centre-Forward,21,0.2
Eerste Divisie,2021,384,MVV Maastricht,548185,Arian Kastrati,Centre-Forward,20,0.075
Eerste Divisie,2021,384,MVV Maastricht,736266,Bob Nijsten,Centre-Forward,19,0.025
Eerste Divisie,2021,1434,SC Telstar,271549,Ronald Koeman Jr.,Goalkeeper,27,0.2
Eerste Divisie,2021,1434,SC Telstar,390814,Trevor Doornbusch,Goalkeeper,22,0.125
Eerste Divisie,2021,1434,SC Telstar,317179,Abdel Mounaim El Ouazzane,Goalkeeper,24,0.075
Eerste Divisie,2021,1434,SC Telstar,823115,Abdessalam Ouboumalne,Goalkeeper,19,0.025
Eerste Divisie,2021,1434,SC Telstar,959276,Jesse Vink,Goalkeeper,18,0.025
Eerste Divisie,2021,1434,SC Telstar,786420,Shaquille Eendragt,Goalkeeper,20,0.025
Eerste Divisie,2021,1434,SC Telstar,58359,Özgür Aktaş,Centre-Back,25,0.275
Eerste Divisie,2021,1434,SC Telstar,595782,Jip Molenaar,Centre-Back,21,0.25
Eerste Divisie,2021,1434,SC Telstar,258336,Anthony Berenstein,Centre-Back,25,0.25
Eerste Divisie,2021,1434,SC Telstar,503851,Roman Tugarinov,Centre-Back,22,0.2
Eerste Divisie,2021,1434,SC Telstar,409516,Siebe Vandermeulen,Centre-Back,21,0.125
Eerste Divisie,2021,1434,SC Telstar,320825,Delvechio Blackson,Left-Back,27,0.25
Eerste Divisie,2021,1434,SC Telstar,516762,Redouan Taha,Left-Back,23,0.05
Eerste Divisie,2021,1434,SC Telstar,663565,Tyrese Gemert,Left-Back,20,0.025
Eerste Divisie,2021,1434,SC Telstar,767840,Yaël Liesdek,Right-Back,20,0.2
Eerste Divisie,2021,1434,SC Telstar,533172,Jay Kruiver,Right-Back,21,0.075
Eerste Divisie,2021,1434,SC Telstar,288256,Sven van Doorm,Defensive Midfield,25,0.3
Eerste Divisie,2021,1434,SC Telstar,424332,Niels van Wetten,Defensive Midfield,23,0.1
Eerste Divisie,2021,1434,SC Telstar,462868,Anwar Bensabouh,Central Midfield,23,0.3
Eerste Divisie,2021,1434,SC Telstar,677681,Cas Dijkstra,Central Midfield,20,0.3
Eerste Divisie,2021,1434,SC Telstar,124889,Tom Overtoom,Central Midfield,31,0.175
Eerste Divisie,2021,1434,SC Telstar,471213,Roscello Vlijter,Central Midfield,22,0.1
Eerste Divisie,2021,1434,SC Telstar,502554,Rychaintelo Knoll,Central Midfield,20,0.025
Eerste Divisie,2021,1434,SC Telstar,886260,Tim van de Loo,Central Midfield,19,0.025
Eerste Divisie,2021,1434,SC Telstar,602472,Lesley Bakker,Central Midfield,20,0.025
Eerste Divisie,2021,1434,SC Telstar,573131,Giovanni,Attacking Midfield,20,0.7
Eerste Divisie,2021,1434,SC Telstar,380118,Ozan Kökcü,Attacking Midfield,23,0.225
Eerste Divisie,2021,1434,SC Telstar,532268,Stanley Akoy,Attacking Midfield,25,0.175
Eerste Divisie,2021,1434,SC Telstar,315130,Rashaan Fernandes,Left Winger,23,0.3
Eerste Divisie,2021,1434,SC Telstar,174248,Gyliano van Velzen,Left Winger,28,0.3
Eerste Divisie,2021,1434,SC Telstar,341987,Yassine Zakir,Left Winger,25,0.175
Eerste Divisie,2021,1434,SC Telstar,68947,Randy Wolters,Left Winger,32,0.15
Eerste Divisie,2021,1434,SC Telstar,477979,Rein Smit,Centre-Forward,21,0.225
Eerste Divisie,2021,1434,SC Telstar,80073,Glynor Plet,Centre-Forward,35,0.15
Eerste Divisie,2021,1434,SC Telstar,688793,Marouan El Ouardani,Striker,21,0.025
Eerste Divisie,2021,1455,FC Dordrecht,264176,Liam Bossin,Goalkeeper,25,0.225
Eerste Divisie,2021,1455,FC Dordrecht,766138,Max van Herk,Goalkeeper,23,0.05
Eerste Divisie,2021,1455,FC Dordrecht,675187,Ayoub Hamdani,Goalkeeper,18,0.025
Eerste Divisie,2021,1455,FC Dordrecht,412948,Joey Koorevaar,Goalkeeper,21,0.025
Eerste Divisie,2021,1455,FC Dordrecht,64521,Toine van Huizen,Centre-Back,32,0.35
Eerste Divisie,2021,1455,FC Dordrecht,604334,Seydine N'Diaye,Centre-Back,24,0.25
Eerste Divisie,2021,1455,FC Dordrecht,497176,Jop van der Avert,Centre-Back,22,0.2
Eerste Divisie,2021,1455,FC Dordrecht,748604,Devon Koswal,Centre-Back,18,0.1
Eerste Divisie,2021,1455,FC Dordrecht,524473,Sefik Abali,Centre-Back,20,0.05
Eerste Divisie,2021,1455,FC Dordrecht,258356,Mauro Savastano,Left-Back,25,0.275
Eerste Divisie,2021,1455,FC Dordrecht,466816,Bradley Vliet,Left-Back,24,0.15
Eerste Divisie,2021,1455,FC Dordrecht,687447,Kevin Rook,Left-Back,20,0.025
Eerste Divisie,2021,1455,FC Dordrecht,409116,Ruggero Mannes,Right-Back,24,0.125
Eerste Divisie,2021,1455,FC Dordrecht,520191,Jurian Hobbel,Right-Back,22,0.075
Eerste Divisie,2021,1455,FC Dordrecht,275127,Ersin Zehir,Defensive Midfield,24,0.25
Eerste Divisie,2021,1455,FC Dordrecht,232500,Tim Hölscher,Defensive Midfield,27,0.25
Eerste Divisie,2021,1455,FC Dordrecht,346621,Nikki Baggerman,Defensive Midfield,24,0.075
Eerste Divisie,2021,1455,FC Dordrecht,942960,Daniel van Vianen,Defensive Midfield,19,0.025
Eerste Divisie,2021,1455,FC Dordrecht,515393,Emir Biberoğlu,Central Midfield,21,0.2
Eerste Divisie,2021,1455,FC Dordrecht,593774,Anouar El Azzouzi,Central Midfield,21,0.2
Eerste Divisie,2021,1455,FC Dordrecht,394296,Alessio Miceli,Central Midfield,22,0.175
Eerste Divisie,2021,1455,FC Dordrecht,264857,Jari Schuurman,Attacking Midfield,25,0.3
Eerste Divisie,2021,1455,FC Dordrecht,547354,Pascu,Attacking Midfield,22,0.225
Eerste Divisie,2021,1455,FC Dordrecht,247007,Kevin Vermeulen,Attacking Midfield,31,0.15
Eerste Divisie,2021,1455,FC Dordrecht,553217,Jacky Donkor,Left Winger,23,0.325
Eerste Divisie,2021,1455,FC Dordrecht,422760,Mathis Suray,Left Winger,20,0.225
Eerste Divisie,2021,1455,FC Dordrecht,687452,Jerailly Wielzen,Left Winger,19,0.15
Eerste Divisie,2021,1455,FC Dordrecht,593823,Sergio Tremour,Left Winger,20,0.025
Eerste Divisie,2021,1455,FC Dordrecht,530298,Christian Conteh,Right Winger,22,0.45
Eerste Divisie,2021,1455,FC Dordrecht,502597,Jaymillio Pinas,Right Winger,20,0.1
Eerste Divisie,2021,1455,FC Dordrecht,687489,Joey van Gennip,Right Winger,19,0.025
Eerste Divisie,2021,1455,FC Dordrecht,422408,Stijn Meijer,Centre-Forward,22,0.325
Eerste Divisie,2021,1455,FC Dordrecht,477274,Nikolas Agrafiotis,Centre-Forward,22,0.25
Eerste Divisie,2021,1455,FC Dordrecht,530303,Thomas Schalekamp,Centre-Forward,22,0.05
Eerste Divisie,2021,1455,FC Dordrecht,953363,Ocean Polonius,Striker,18,0.025
Eerste Divisie,2021,500,Helmond Sport,206743,Mike Havekotte,Goalkeeper,26,0.3
Eerste Divisie,2021,500,Helmond Sport,535741,Robin Mantel,Goalkeeper,21,0.075
Eerste Divisie,2021,500,Helmond Sport,614506,Ahmed Azmi,Goalkeeper,19,0.025
Eerste Divisie,2021,500,Helmond Sport,203939,Robin van der Meer,Centre-Back,27,0.35
Eerste Divisie,2021,500,Helmond Sport,453796,Kevin Bukusu,Centre-Back,21,0.25
Eerste Divisie,2021,500,Helmond Sport,429557,Paul Fosu-Mensah,Centre-Back,21,0.15
Eerste Divisie,2021,500,Helmond Sport,707128,Ilias Breugelmans,Centre-Back,21,0.075
Eerste Divisie,2021,500,Helmond Sport,313399,Dean van der Sluys,Left-Back,26,0.3
Eerste Divisie,2021,500,Helmond Sport,429929,Bryan van Hove,Left-Back,22,0.05
Eerste Divisie,2021,500,Helmond Sport,393240,Boyd Reith,Right-Back,23,0.3
Eerste Divisie,2021,500,Helmond Sport,481121,Maxime De Bie,Defensive Midfield,21,0.275
Eerste Divisie,2021,500,Helmond Sport,707087,Jarno Lion,Defensive Midfield,21,0.25
Eerste Divisie,2021,500,Helmond Sport,662724,Sander Vereijken,Central Midfield,25,0.225
Eerste Divisie,2021,500,Helmond Sport,434673,Gaétan Bosiers,Central Midfield,23,0.2
Eerste Divisie,2021,500,Helmond Sport,563384,Lucas Defise,Central Midfield,20,0.075
Eerste Divisie,2021,500,Helmond Sport,361089,Thomas Beekman,Attacking Midfield,22,0.2
Eerste Divisie,2021,500,Helmond Sport,292815,Jellert Van Landschoot,Left Winger,24,0.425
Eerste Divisie,2021,500,Helmond Sport,578459,Aaron Bastiaans,Left Winger,20,0.25
Eerste Divisie,2021,500,Helmond Sport,707957,Jules Houttequiet,Left Winger,19,0.2
Eerste Divisie,2021,500,Helmond Sport,995875,Tarik Essakkati,Left Winger,16,0.025
Eerste Divisie,2021,500,Helmond Sport,381974,Arno Van Keilegom,Right Winger,23,0.275
Eerste Divisie,2021,500,Helmond Sport,323788,Dylan Seys,Right Winger,25,0.25
Eerste Divisie,2021,500,Helmond Sport,361126,Keyennu Lont,Right Winger,22,0.075
Eerste Divisie,2021,500,Helmond Sport,458409,Jelle Goselink,Centre-Forward,22,0.275
Eerste Divisie,2021,500,Helmond Sport,266332,Jordy Thomassen,Centre-Forward,29,0.2
Eerste Divisie,2021,500,Helmond Sport,535833,Jossue Dolet,Centre-Forward,19,0.05
Eerste Divisie,2021,500,Helmond Sport,539546,Jessy Hendrikx,Centre-Forward,20,0.05
Eerste Divisie,2021,500,Helmond Sport,436062,Amoros Nshimirimana,Centre-Forward,20,0.025
Eerste Divisie,2021,1228,TOP Oss,278938,Norbert Alblas,Goalkeeper,27,0.275
Eerste Divisie,2021,1228,TOP Oss,344183,Bodhi Prinssen,Goalkeeper,24,0.025
Eerste Divisie,2021,1228,TOP Oss,419924,Lars van Meurs,Goalkeeper,23,0.025
Eerste Divisie,2021,1228,TOP Oss,324702,Jan Lammers,Centre-Back,27,0.3
Eerste Divisie,2021,1228,TOP Oss,119250,Lorenzo Piqué,Centre-Back,31,0.3
Eerste Divisie,2021,1228,TOP Oss,401029,Roshon van Eijma,Centre-Back,24,0.125
Eerste Divisie,2021,1228,TOP Oss,587333,Sekou Sylla,Left-Back,23,0.25
Eerste Divisie,2021,1228,TOP Oss,272803,Nicolas Abdat,Left-Back,25,0.15
Eerste Divisie,2021,1228,TOP Oss,541020,Yannick Leliendal,Left-Back,20,0.125
Eerste Divisie,2021,1228,TOP Oss,19407,Niels Fleuren,Left-Back,35,0.075
Eerste Divisie,2021,1228,TOP Oss,502132,Ilounga Pata,Right-Back,21,0.2
Eerste Divisie,2021,1228,TOP Oss,129543,Lion Kaak,Defensive Midfield,31,0.3
Eerste Divisie,2021,1228,TOP Oss,265268,Rick Stuy van den Herik,Defensive Midfield,29,0.3
Eerste Divisie,2021,1228,TOP Oss,338793,Grad Damen,Defensive Midfield,24,0.1
Eerste Divisie,2021,1228,TOP Oss,580151,Dominik Velecký,Midfielder,20,0.025
Eerste Divisie,2021,1228,TOP Oss,390812,Joshua Sanches,Central Midfield,23,0.275
Eerste Divisie,2021,1228,TOP Oss,361123,Mees Gootjes,Central Midfield,22,0.025
Eerste Divisie,2021,1228,TOP Oss,247595,Justin Mathieu,Attacking Midfield,26,0.3
Eerste Divisie,2021,1228,TOP Oss,499956,Mathieu De Smet,Attacking Midfield,22,0.2
Eerste Divisie,2021,1228,TOP Oss,538958,Jearl Margaritha,Left Winger,22,0.3
Eerste Divisie,2021,1228,TOP Oss,157961,Stephen Buyl,Left Winger,29,0.075
Eerste Divisie,2021,1228,TOP Oss,387480,Dean Guezen,Right Winger,23,0.15
Eerste Divisie,2021,1228,TOP Oss,475446,Giovanni Büttner,Right Winger,23,0.1
Eerste Divisie,2021,1228,TOP Oss,442885,Kay Tejan,Centre-Forward,25,0.325
Eerste Divisie,2021,1228,TOP Oss,465326,Richonell Margaret,Centre-Forward,21,0.25
Eerste Divisie,2021,1228,TOP Oss,216812,Hüseyin Dogan,Centre-Forward,28,0.2
Eerste Divisie,2021,1228,TOP Oss,243276,Kyvon Leidsman,Centre-Forward,23,0.125
Eerste Divisie,2021,1228,TOP Oss,117149,Marko Maletic,Centre-Forward,28,0.05
Eerste Divisie,2021,1228,TOP Oss,675662,Franslyn Nsingi,Centre-Forward,21,0.025
Eerste Divisie,2022,9715,PSV Eindhoven U21,333640,Joël Drommel,Goalkeeper,26,2.5
Eerste Divisie,2022,9715,PSV Eindhoven U21,654919,Kjell Peersman,Goalkeeper,19,0.4
Eerste Divisie,2022,9715,PSV Eindhoven U21,723005,Niek Schiks,Goalkeeper,19,0.15
Eerste Divisie,2022,9715,PSV Eindhoven U21,729011,Roy Steur,Goalkeeper,18,0.15
Eerste Divisie,2022,9715,PSV Eindhoven U21,663961,Tyrick Bodak,Goalkeeper,21,0.025
Eerste Divisie,2022,9715,PSV Eindhoven U21,661053,Jarrad Branthwaite,Centre-Back,21,10.0
Eerste Divisie,2022,9715,PSV Eindhoven U21,318508,Olivier Boscagli,Centre-Back,25,7.0
Eerste Divisie,2022,9715,PSV Eindhoven U21,617755,Jenson Seelt,Centre-Back,20,0.6
Eerste Divisie,2022,9715,PSV Eindhoven U21,660746,Fedde Leysen,Centre-Back,19,0.475
Eerste Divisie,2022,9715,PSV Eindhoven U21,738481,Emmanuel van de Blaak,Centre-Back,18,0.4
Eerste Divisie,2022,9715,PSV Eindhoven U21,412939,Dennis Vos,Centre-Back,21,0.35
Eerste Divisie,2022,9715,PSV Eindhoven U21,539665,Fredrik Oppegård,Left-Back,20,0.65
Eerste Divisie,2022,9715,PSV Eindhoven U21,654918,Matteo Dams,Left-Back,19,0.125
Eerste Divisie,2022,9715,PSV Eindhoven U21,575993,Koen Jansen,Left-Back,19,0.05
Eerste Divisie,2022,9715,PSV Eindhoven U21,485583,Ki-Jana Hoever,Right-Back,21,3.5
Eerste Divisie,2022,9715,PSV Eindhoven U21,738478,Jason van Duiven,Right-Back,18,1.0
Eerste Divisie,2022,9715,PSV Eindhoven U21,575367,Richard Ledezma,Right-Back,22,0.85
Eerste Divisie,2022,9715,PSV Eindhoven U21,626764,Livano Comenencia,Right-Back,19,0.5
Eerste Divisie,2022,9715,PSV Eindhoven U21,494282,Mees Kreekels,Right-Back,21,0.175
Eerste Divisie,2022,9715,PSV Eindhoven U21,625169,D'Leanu Arts,Right-Back,20,0.075
Eerste Divisie,2022,9715,PSV Eindhoven U21,910493,Enzo Geerts,Defensive Midfield,18,0.15
Eerste Divisie,2022,9715,PSV Eindhoven U21,608889,Mathijs Tielemans,Central Midfield,21,0.5
Eerste Divisie,2022,9715,PSV Eindhoven U21,490385,Mohammed Amin Doudah,Central Midfield,20,0.35
Eerste Divisie,2022,9715,PSV Eindhoven U21,617754,Mylian Jiménez,Central Midfield,20,0.1
Eerste Divisie,2022,9715,PSV Eindhoven U21,746987,Sven Simons,Central Midfield,19,0.025
Eerste Divisie,2022,9715,PSV Eindhoven U21,702869,Ismael Saibari,Attacking Midfield,22,2.3
Eerste Divisie,2022,9715,PSV Eindhoven U21,813437,Isaac Babadi,Attacking Midfield,18,0.8
Eerste Divisie,2022,9715,PSV Eindhoven U21,640565,Mohamed Nassoh,Attacking Midfield,20,0.6
Eerste Divisie,2022,9715,PSV Eindhoven U21,579756,Simon Colyn,Attacking Midfield,21,0.4
Eerste Divisie,2022,9715,PSV Eindhoven U21,646673,Iggy Houben,Attacking Midfield,18,0.075
Eerste Divisie,2022,9715,PSV Eindhoven U21,743591,Sávio,Left Winger,19,5.0
Eerste Divisie,2022,9715,PSV Eindhoven U21,594273,Jeremy Antonisse,Left Winger,21,0.5
Eerste Divisie,2022,9715,PSV Eindhoven U21,646669,Jamal Gonzaga,Left Winger,18,0.1
Eerste Divisie,2022,9715,PSV Eindhoven U21,625170,Ilyas Bougafer,Left Winger,20,0.025
Eerste Divisie,2022,9715,PSV Eindhoven U21,646672,Chahid el Allachi,Left Winger,19,0.025
Eerste Divisie,2022,9715,PSV Eindhoven U21,565424,Johan Bakayoko,Right Winger,20,10.0
Eerste Divisie,2022,9715,PSV Eindhoven U21,568179,Dante Sealy,Right Winger,20,0.35
Eerste Divisie,2022,9715,PSV Eindhoven U21,594039,Fodé Fofana,Centre-Forward,20,0.35
Eerste Divisie,2022,9715,PSV Eindhoven U21,664808,August Priske,Centre-Forward,19,0.15
Eerste Divisie,2022,8817,Ajax Amsterdam U21,729010,Tom de Graaff,Goalkeeper,18,0.4
Eerste Divisie,2022,8817,Ajax Amsterdam U21,635129,Charlie Setford,Goalkeeper,19,0.3
Eerste Divisie,2022,8817,Ajax Amsterdam U21,740040,Sten Kremers,Goalkeeper,19,0.2
Eerste Divisie,2022,8817,Ajax Amsterdam U21,328874,Joey Roggeveen,Goalkeeper,25,0.1
Eerste Divisie,2022,8817,Ajax Amsterdam U21,361207,Kik Pierie,Centre-Back,22,0.9
Eerste Divisie,2022,8817,Ajax Amsterdam U21,559327,Youri Baas,Centre-Back,20,0.9
Eerste Divisie,2022,8817,Ajax Amsterdam U21,775242,Mateja Milovanovic,Centre-Back,19,0.3
Eerste Divisie,2022,8817,Ajax Amsterdam U21,904802,Jorrel Hato,Left-Back,17,5.0
Eerste Divisie,2022,8817,Ajax Amsterdam U21,720791,Olivier Aertssen,Right-Back,18,0.8
Eerste Divisie,2022,8817,Ajax Amsterdam U21,656800,Tristan Gooijer,Right-Back,18,0.2
Eerste Divisie,2022,8817,Ajax Amsterdam U21,749618,Diyae Jermoumi,Right-Back,18,0.175
Eerste Divisie,2022,8817,Ajax Amsterdam U21,559324,Youri Regeer,Defensive Midfield,19,1.3
Eerste Divisie,2022,8817,Ajax Amsterdam U21,738476,Silvano Vos,Defensive Midfield,18,1.0
Eerste Divisie,2022,8817,Ajax Amsterdam U21,659802,Patrickson Delgado,Defensive Midfield,19,0.3
Eerste Divisie,2022,8817,Ajax Amsterdam U21,508636,Donny Warmerdam,Defensive Midfield,21,0.25
Eerste Divisie,2022,8817,Ajax Amsterdam U21,559333,Kian Fitz-Jim,Central Midfield,19,1.3
Eerste Divisie,2022,8817,Ajax Amsterdam U21,646699,Julian Brandes,Central Midfield,19,0.15
Eerste Divisie,2022,8817,Ajax Amsterdam U21,694186,Kristian Hlynsson,Attacking Midfield,19,0.75
Eerste Divisie,2022,8817,Ajax Amsterdam U21,573131,Giovanni,Attacking Midfield,21,0.7
Eerste Divisie,2022,8817,Ajax Amsterdam U21,646698,Gabriel Misehouy,Attacking Midfield,17,0.6
Eerste Divisie,2022,8817,Ajax Amsterdam U21,660979,Jeppe Kjær,Attacking Midfield,19,0.4
Eerste Divisie,2022,8817,Ajax Amsterdam U21,508639,Naci Ünüvar,Left Winger,20,2.5
Eerste Divisie,2022,8817,Ajax Amsterdam U21,748804,Mika Godts,Left Winger,18,0.8
Eerste Divisie,2022,8817,Ajax Amsterdam U21,704773,Amourricho van Axel Dongen,Left Winger,18,0.5
Eerste Divisie,2022,8817,Ajax Amsterdam U21,706889,Jaydon Banel,Left Winger,18,0.25
Eerste Divisie,2022,8817,Ajax Amsterdam U21,487474,Francisco Conceição,Right Winger,20,8.0
Eerste Divisie,2022,8817,Ajax Amsterdam U21,610429,Christian Rasmussen,Right Winger,20,0.8
Eerste Divisie,2022,8817,Ajax Amsterdam U21,485582,Sontje Hansen,Right Winger,21,0.75
Eerste Divisie,2022,8817,Ajax Amsterdam U21,572519,Ar'jany Martha,Right Winger,19,0.35
Eerste Divisie,2022,8817,Ajax Amsterdam U21,473169,Brian Brobbey,Centre-Forward,21,12.0
Eerste Divisie,2022,8817,Ajax Amsterdam U21,572265,Lorenzo Lucca,Centre-Forward,22,5.0
Eerste Divisie,2022,8817,Ajax Amsterdam U21,560881,Eskild Dall,Centre-Forward,20,0.05
Eerste Divisie,2022,11368,AZ Alkmaar U21,116471,Hobie Verhulst,Goalkeeper,30,0.6
Eerste Divisie,2022,11368,AZ Alkmaar U21,595935,Sem Westerveld,Goalkeeper,20,0.5
Eerste Divisie,2022,11368,AZ Alkmaar U21,704772,Rome-Jayden Owusu-Oduro,Goalkeeper,18,0.3
Eerste Divisie,2022,11368,AZ Alkmaar U21,738514,Tristan Kuijsten,Goalkeeper,18,0.125
Eerste Divisie,2022,11368,AZ Alkmaar U21,635371,Daniël Deen,Goalkeeper,20,0.075
Eerste Divisie,2022,11368,AZ Alkmaar U21,646707,Wouter Goes,Centre-Back,19,2.0
Eerste Divisie,2022,11368,AZ Alkmaar U21,646704,Maxim Dekker,Centre-Back,19,1.5
Eerste Divisie,2022,11368,AZ Alkmaar U21,801031,Lewis Schouten,Centre-Back,19,0.3
Eerste Divisie,2022,11368,AZ Alkmaar U21,595937,Jorn Berkhout,Centre-Back,21,0.25
Eerste Divisie,2022,11368,AZ Alkmaar U21,595936,Misha Engel,Centre-Back,20,0.175
Eerste Divisie,2022,11368,AZ Alkmaar U21,554395,Vasileios Pavlidis,Centre-Back,20,0.15
Eerste Divisie,2022,11368,AZ Alkmaar U21,665541,Finn Stam,Centre-Back,20,0.075
Eerste Divisie,2022,11368,AZ Alkmaar U21,646705,Sem Dekkers,Right-Back,19,0.325
Eerste Divisie,2022,11368,AZ Alkmaar U21,361078,Robin Lathouwers,Right-Back,23,0.15
Eerste Divisie,2022,11368,AZ Alkmaar U21,653510,Jurre van Aken,Right-Back,20,0.125
Eerste Divisie,2022,11368,AZ Alkmaar U21,361074,Peer Koopmeiners,Defensive Midfield,23,0.7
Eerste Divisie,2022,11368,AZ Alkmaar U21,559336,Loek Postma,Defensive Midfield,20,0.15
Eerste Divisie,2022,11368,AZ Alkmaar U21,702447,Nick Twisk,Defensive Midfield,20,0.1
Eerste Divisie,2022,11368,AZ Alkmaar U21,394688,Håkon Evjen,Central Midfield,23,1.8
Eerste Divisie,2022,11368,AZ Alkmaar U21,595940,Zico Buurmeester,Central Midfield,21,0.55
Eerste Divisie,2022,11368,AZ Alkmaar U21,747017,Dave Kwakman,Central Midfield,18,0.1
Eerste Divisie,2022,11368,AZ Alkmaar U21,559335,Fedde de Jong,Attacking Midfield,20,0.65
Eerste Divisie,2022,11368,AZ Alkmaar U21,650712,Myron van Brederode,Left Winger,19,3.0
Eerste Divisie,2022,11368,AZ Alkmaar U21,508643,Soulyman Allouch,Left Winger,21,0.5
Eerste Divisie,2022,11368,AZ Alkmaar U21,800995,Ro-Zangelo Daal,Left Winger,19,0.1
Eerste Divisie,2022,11368,AZ Alkmaar U21,470715,Joshua Pynadath,Left Winger,21,0.05
Eerste Divisie,2022,11368,AZ Alkmaar U21,795274,Mayckel Lahdo,Right Winger,20,1.0
Eerste Divisie,2022,11368,AZ Alkmaar U21,515396,Iman Griffith,Right Winger,21,0.5
Eerste Divisie,2022,11368,AZ Alkmaar U21,718303,Ernest Poku,Right Winger,19,0.3
Eerste Divisie,2022,11368,AZ Alkmaar U21,747720,Jayden Addai,Right Winger,17,0.15
Eerste Divisie,2022,11368,AZ Alkmaar U21,577396,Ricuenio Kewal,Right Winger,21,0.075
Eerste Divisie,2022,11368,AZ Alkmaar U21,678546,Mexx Meerdink,Centre-Forward,19,1.5
Eerste Divisie,2022,11368,AZ Alkmaar U21,566271,Yusuf Barası,Centre-Forward,20,0.6
Eerste Divisie,2022,11368,AZ Alkmaar U21,704077,Nick Koster,Centre-Forward,20,0.175
Eerste Divisie,2022,11368,AZ Alkmaar U21,675622,Damienus Reverson,Centre-Forward,19,0.15
Eerste Divisie,2022,17596,FC Utrecht U21,462285,Fabian de Keijzer,Goalkeeper,23,0.7
Eerste Divisie,2022,17596,FC Utrecht U21,315235,Thijmen Nijhuis,Goalkeeper,24,0.2
Eerste Divisie,2022,17596,FC Utrecht U21,485588,Calvin Raatsie,Goalkeeper,21,0.2
Eerste Divisie,2022,17596,FC Utrecht U21,607133,Kevin Gadellaa,Goalkeeper,20,0.025
Eerste Divisie,2022,17596,FC Utrecht U21,436064,Ramon Hendriks,Centre-Back,21,0.75
Eerste Divisie,2022,17596,FC Utrecht U21,458734,Tommy St. Jago,Centre-Back,23,0.7
Eerste Divisie,2022,17596,FC Utrecht U21,578421,Ruben Kluivert,Centre-Back,22,0.5
Eerste Divisie,2022,17596,FC Utrecht U21,477249,Christopher Mamengi,Centre-Back,22,0.425
Eerste Divisie,2022,17596,FC Utrecht U21,596178,Rick Meissen,Centre-Back,21,0.35
Eerste Divisie,2022,17596,FC Utrecht U21,412930,Reda Akmum,Centre-Back,22,0.25
Eerste Divisie,2022,17596,FC Utrecht U21,765467,Jozhua Vertrouwd,Centre-Back,18,0.075
Eerste Divisie,2022,17596,FC Utrecht U21,786426,Dylan Timber,Centre-Back,23,0.025
Eerste Divisie,2022,17596,FC Utrecht U21,541020,Yannick Leliendal,Left-Back,21,0.2
Eerste Divisie,2022,17596,FC Utrecht U21,538057,Eliano Reijnders,Right-Back,22,0.4
Eerste Divisie,2022,17596,FC Utrecht U21,703658,Joshua Rawlins,Right-Back,19,0.35
Eerste Divisie,2022,17596,FC Utrecht U21,593822,Julliani Eersteling,Right-Back,21,0.2
Eerste Divisie,2022,17596,FC Utrecht U21,653729,Achraf Boumenjal,Right-Back,20,0.025
Eerste Divisie,2022,17596,FC Utrecht U21,559325,Gibson Yah,Defensive Midfield,19,0.2
Eerste Divisie,2022,17596,FC Utrecht U21,596148,Djevencio van der Kust,Central Midfield,22,0.85
Eerste Divisie,2022,17596,FC Utrecht U21,540659,Albert Lottin,Central Midfield,21,0.3
Eerste Divisie,2022,17596,FC Utrecht U21,488296,Rocco Shein,Central Midfield,19,0.275
Eerste Divisie,2022,17596,FC Utrecht U21,596180,Yuya Ikeshita,Central Midfield,21,0.275
Eerste Divisie,2022,17596,FC Utrecht U21,804773,Olivier van Eldik,Central Midfield,19,0.15
Eerste Divisie,2022,17596,FC Utrecht U21,656796,Ivar Jenner,Central Midfield,19,0.025
Eerste Divisie,2022,17596,FC Utrecht U21,536477,Arthur Zagré,Left Midfield,21,0.7
Eerste Divisie,2022,17596,FC Utrecht U21,586879,Oussama Alou,Attacking Midfield,21,0.175
Eerste Divisie,2022,17596,FC Utrecht U21,775994,Lynden Edhart,Left Winger,17,0.15
Eerste Divisie,2022,17596,FC Utrecht U21,607169,Mohammed Akharaz,Left Winger,19,0.025
Eerste Divisie,2022,17596,FC Utrecht U21,513963,Taylor Booth,Right Winger,22,5.0
Eerste Divisie,2022,17596,FC Utrecht U21,608407,Derensili Sanches Fernandes,Right Winger,22,0.275
Eerste Divisie,2022,17596,FC Utrecht U21,645681,Gio-Renys Felicia,Right Winger,19,0.075
Eerste Divisie,2022,17596,FC Utrecht U21,654902,Aurelio Oehlers,Right Winger,19,0.025
Eerste Divisie,2022,17596,FC Utrecht U21,361081,Daishawn Redan,Centre-Forward,22,1.0
Eerste Divisie,2022,17596,FC Utrecht U21,565434,Anthony Descotte,Centre-Forward,19,0.5
Eerste Divisie,2022,17596,FC Utrecht U21,667007,Mees Rijks,Centre-Forward,20,0.3
Eerste Divisie,2022,17596,FC Utrecht U21,678666,Dion Versluis,Centre-Forward,20,0.025
Eerste Divisie,2022,1304,Heracles Almelo,231650,Michael Brouwer,Goalkeeper,30,0.55
Eerste Divisie,2022,1304,Heracles Almelo,335027,Koen Bucker,Goalkeeper,27,0.175
Eerste Divisie,2022,1304,Heracles Almelo,463526,Robin Jalving,Goalkeeper,23,0.05
Eerste Divisie,2022,1304,Heracles Almelo,703778,Timo Jansink,Goalkeeper,20,0.025
Eerste Divisie,2022,1304,Heracles Almelo,411287,Justin Hoogma,Centre-Back,25,1.0
Eerste Divisie,2022,1304,Heracles Almelo,464906,Sava-Arangel Cestic,Centre-Back,22,0.6
Eerste Divisie,2022,1304,Heracles Almelo,339151,Sven Sonnenberg,Centre-Back,24,0.225
Eerste Divisie,2022,1304,Heracles Almelo,476755,Mateo Les,Centre-Back,23,0.05
Eerste Divisie,2022,1304,Heracles Almelo,538963,Ruben Roosken,Left-Back,23,0.5
Eerste Divisie,2022,1304,Heracles Almelo,597291,Héritier Deyonge,Left-Back,21,0.2
Eerste Divisie,2022,1304,Heracles Almelo,703775,Chiel Olde Keizer,Left-Back,20,0.025
Eerste Divisie,2022,1304,Heracles Almelo,237244,Marco Rente,Right-Back,26,0.6
Eerste Divisie,2022,1304,Heracles Almelo,339330,Navajo Bakboord,Right-Back,24,0.3
Eerste Divisie,2022,1304,Heracles Almelo,150663,Sylian Mokono,Right-Back,24,0.2
Eerste Divisie,2022,1304,Heracles Almelo,438689,Robin Polley,Right-Back,24,0.125
Eerste Divisie,2022,1304,Heracles Almelo,337243,Orestis Kiomourtzoglou,Defensive Midfield,25,0.65
Eerste Divisie,2022,1304,Heracles Almelo,59594,Marko Vejinović,Defensive Midfield,33,0.45
Eerste Divisie,2022,1304,Heracles Almelo,618083,Sem Scheperman,Defensive Midfield,21,0.1
Eerste Divisie,2022,1304,Heracles Almelo,323602,Lucas Schoofs,Central Midfield,26,0.5
Eerste Divisie,2022,1304,Heracles Almelo,409514,Elias Sierra,Central Midfield,21,0.25
Eerste Divisie,2022,1304,Heracles Almelo,391555,Melih İbrahimoğlu,Central Midfield,22,0.15
Eerste Divisie,2022,1304,Heracles Almelo,289507,Ismail Azzaoui,Attacking Midfield,25,0.5
Eerste Divisie,2022,1304,Heracles Almelo,240889,Anas Ouahim,Attacking Midfield,25,0.45
Eerste Divisie,2022,1304,Heracles Almelo,172202,Thomas Bruns,Attacking Midfield,31,0.4
Eerste Divisie,2022,1304,Heracles Almelo,276002,Emil Hansson,Left Winger,25,1.3
Eerste Divisie,2022,1304,Heracles Almelo,455662,Abdenego Nankishi,Left Winger,20,0.25
Eerste Divisie,2022,1304,Heracles Almelo,290555,Nikolai Laursen,Right Winger,25,0.9
Eerste Divisie,2022,1304,Heracles Almelo,345586,Kasper Lunding,Right Winger,23,0.3
Eerste Divisie,2022,1304,Heracles Almelo,134631,Sinan Bakış,Centre-Forward,29,2.0
Eerste Divisie,2022,1304,Heracles Almelo,55751,Samuel Armenteros,Centre-Forward,33,0.5
Eerste Divisie,2022,1304,Heracles Almelo,275939,Rigino Cicilia,Centre-Forward,28,0.35
Eerste Divisie,2022,1304,Heracles Almelo,679414,Antonio Satriano,Centre-Forward,19,0.3
Eerste Divisie,2022,192,Roda JC Kerkrade,342012,Rody de Boer,Goalkeeper,25,0.35
Eerste Divisie,2022,192,Roda JC Kerkrade,284270,Moritz Nicolas,Goalkeeper,25,0.35
Eerste Divisie,2022,192,Roda JC Kerkrade,417671,Loek Hamers,Goalkeeper,23,0.025
Eerste Divisie,2022,192,Roda JC Kerkrade,606179,Dylan Vranken,Goalkeeper,21,0.025
Eerste Divisie,2022,192,Roda JC Kerkrade,47740,Nils Röseler,Centre-Back,31,0.4
Eerste Divisie,2022,192,Roda JC Kerkrade,547312,Xander Lambrix,Centre-Back,23,0.35
Eerste Divisie,2022,192,Roda JC Kerkrade,129551,Ted van de Pavert,Centre-Back,31,0.325
Eerste Divisie,2022,192,Roda JC Kerkrade,61446,Guus Joppen,Centre-Back,33,0.275
Eerste Divisie,2022,192,Roda JC Kerkrade,331634,Florian Mayer,Centre-Back,25,0.075
Eerste Divisie,2022,192,Roda JC Kerkrade,477250,Terrence Douglas,Left-Back,21,0.35
Eerste Divisie,2022,192,Roda JC Kerkrade,324111,Teun Bijleveld,Left-Back,25,0.325
Eerste Divisie,2022,192,Roda JC Kerkrade,606080,Ali Barak,Left-Back,20,0.075
Eerste Divisie,2022,192,Roda JC Kerkrade,502461,Jamil Takidine,Left-Back,21,0.05
Eerste Divisie,2022,192,Roda JC Kerkrade,393240,Boyd Reith,Right-Back,24,0.4
Eerste Divisie,2022,192,Roda JC Kerkrade,373984,Jesse Schuurman,Defensive Midfield,25,0.3
Eerste Divisie,2022,192,Roda JC Kerkrade,697776,Quinten-Eladio Beckx,Defensive Midfield,20,0.025
Eerste Divisie,2022,192,Roda JC Kerkrade,783094,Benjamin Bouchouari,Central Midfield,21,4.0
Eerste Divisie,2022,192,Roda JC Kerkrade,595238,Lennard Hartjes,Central Midfield,20,0.3
Eerste Divisie,2022,192,Roda JC Kerkrade,123140,Niek Vossebelt,Central Midfield,31,0.3
Eerste Divisie,2022,192,Roda JC Kerkrade,388862,Phil Sieben,Central Midfield,24,0.25
Eerste Divisie,2022,192,Roda JC Kerkrade,730816,Fabio Sposito,Central Midfield,21,0.025
Eerste Divisie,2022,192,Roda JC Kerkrade,365449,Xian Emmers,Attacking Midfield,23,0.7
Eerste Divisie,2022,192,Roda JC Kerkrade,292805,Lennerd Daneels,Left Winger,25,0.35
Eerste Divisie,2022,192,Roda JC Kerkrade,502288,Bryan Limbombe,Right Winger,22,0.7
Eerste Divisie,2022,192,Roda JC Kerkrade,462087,Arjen van der Heide,Right Winger,21,0.45
Eerste Divisie,2022,192,Roda JC Kerkrade,371980,Mohamed Mallahi,Right Winger,23,0.275
Eerste Divisie,2022,192,Roda JC Kerkrade,747016,Sami Ouaissa,Right Winger,18,0.25
Eerste Divisie,2022,192,Roda JC Kerkrade,369319,Dylan Vente,Centre-Forward,24,0.9
Eerste Divisie,2022,192,Roda JC Kerkrade,513330,Romano Postema,Centre-Forward,21,0.45
Eerste Divisie,2022,192,Roda JC Kerkrade,422764,Jamie Yayi Mpie,Centre-Forward,22,0.25
Eerste Divisie,2022,1269,PEC Zwolle,361082,Jasper Schendelaar,Goalkeeper,22,0.6
Eerste Divisie,2022,1269,PEC Zwolle,409346,Jan Hoekstra,Goalkeeper,24,0.35
Eerste Divisie,2022,1269,PEC Zwolle,297373,Mike Hauptmeijer,Goalkeeper,26,0.1
Eerste Divisie,2022,1269,PEC Zwolle,933570,Duke Verduin,Goalkeeper,19,0.025
Eerste Divisie,2022,1269,PEC Zwolle,430797,Sam Kersten,Centre-Back,25,0.65
Eerste Divisie,2022,1269,PEC Zwolle,593862,Thomas Beelen,Centre-Back,22,0.45
Eerste Divisie,2022,1269,PEC Zwolle,640556,Rav van den Berg,Centre-Back,18,0.2
Eerste Divisie,2022,1269,PEC Zwolle,593834,Jesse Vermaning,Centre-Back,21,0.025
Eerste Divisie,2022,1269,PEC Zwolle,57328,Bart van Hintum,Left-Back,36,0.275
Eerste Divisie,2022,1269,PEC Zwolle,187299,Jordy Tutuarima,Left-Back,30,0.25
Eerste Divisie,2022,1269,PEC Zwolle,745040,Håkon Gangstad,Left-Back,21,0.025
Eerste Divisie,2022,1269,PEC Zwolle,538057,Eliano Reijnders,Right-Back,22,0.4
Eerste Divisie,2022,1269,PEC Zwolle,443746,Luis Görlich,Right-Back,23,0.2
Eerste Divisie,2022,1269,PEC Zwolle,41583,Bram van Polen,Right-Back,37,0.15
Eerste Divisie,2022,1269,PEC Zwolle,611816,Daijiro Chirino,Right-Back,21,0.15
Eerste Divisie,2022,1269,PEC Zwolle,648541,Gabi Caschili,Right-Back,19,0.1
Eerste Divisie,2022,1269,PEC Zwolle,203357,Ryan Thomas,Defensive Midfield,28,1.3
Eerste Divisie,2022,1269,PEC Zwolle,476915,Melayro Bogarde,Defensive Midfield,21,0.7
Eerste Divisie,2022,1269,PEC Zwolle,361066,Davy van den Berg,Defensive Midfield,23,0.45
Eerste Divisie,2022,1269,PEC Zwolle,471897,Jimmy Kaparos,Defensive Midfield,21,0.125
Eerste Divisie,2022,1269,PEC Zwolle,412941,Thomas van den Belt,Central Midfield,22,2.0
Eerste Divisie,2022,1269,PEC Zwolle,530258,Dean Huiberts,Central Midfield,23,0.45
Eerste Divisie,2022,1269,PEC Zwolle,30666,Haris Medunjanin,Central Midfield,38,0.15
Eerste Divisie,2022,1269,PEC Zwolle,591879,Sven Zitman,Central Midfield,21,0.1
Eerste Divisie,2022,1269,PEC Zwolle,447216,Anthony Fontana,Attacking Midfield,23,1.0
Eerste Divisie,2022,1269,PEC Zwolle,271179,Tomislav Mrkonjic,Attacking Midfield,29,0.35
Eerste Divisie,2022,1269,PEC Zwolle,564620,Samir Lagsir,Attacking Midfield,20,0.15
Eerste Divisie,2022,1269,PEC Zwolle,793702,Tristan van Gilst,Attacking Midfield,20,0.025
Eerste Divisie,2022,1269,PEC Zwolle,480452,Hicham Acheffay,Left Winger,22,0.225
Eerste Divisie,2022,1269,PEC Zwolle,538966,Chardi Landu,Left Winger,22,0.1
Eerste Divisie,2022,1269,PEC Zwolle,866328,Younes Taha,Right Winger,20,0.5
Eerste Divisie,2022,1269,PEC Zwolle,387480,Dean Guezen,Right Winger,24,0.15
Eerste Divisie,2022,1269,PEC Zwolle,23553,Lennart Thy,Centre-Forward,31,0.525
Eerste Divisie,2022,1269,PEC Zwolle,240752,Gervane Kastaneer,Centre-Forward,27,0.35
Eerste Divisie,2022,1269,PEC Zwolle,124495,Apostolos Vellios,Centre-Forward,31,0.2
Eerste Divisie,2022,1269,PEC Zwolle,904225,Joshua Sion,Striker,21,0.025
Eerste Divisie,2022,132,NAC Breda,195546,Roy Kortsmit,Goalkeeper,30,0.3
Eerste Divisie,2022,132,NAC Breda,601262,Pepijn van de Merbel,Goalkeeper,21,0.025
Eerste Divisie,2022,132,NAC Breda,559331,Aron van Lare,Goalkeeper,20,0.025
Eerste Divisie,2022,132,NAC Breda,250440,Danny Bakker,Centre-Back,28,0.55
Eerste Divisie,2022,132,NAC Breda,568377,Tijs Velthuis,Centre-Back,21,0.5
Eerste Divisie,2022,132,NAC Breda,631904,Anselmo García MacNulty,Centre-Back,20,0.4
Eerste Divisie,2022,132,NAC Breda,271816,Victor Wernersson,Centre-Back,27,0.35
Eerste Divisie,2022,132,NAC Breda,91251,Cuco Martina,Centre-Back,33,0.3
Eerste Divisie,2022,132,NAC Breda,823992,Rowan Besselink,Centre-Back,18,0.15
Eerste Divisie,2022,132,NAC Breda,717604,Luc Marijnissen,Centre-Back,20,0.025
Eerste Divisie,2022,132,NAC Breda,738493,Omar Mekkaoui,Centre-Back,18,0.025
Eerste Divisie,2022,132,NAC Breda,479431,Jethro Mashart,Left-Back,23,0.275
Eerste Divisie,2022,132,NAC Breda,676889,Fabio Di Michele Sanchez,Left-Back,20,0.2
Eerste Divisie,2022,132,NAC Breda,406091,Boyd Lucassen,Right-Back,24,0.55
Eerste Divisie,2022,132,NAC Breda,187296,Moreno Rutten,Right-Back,30,0.325
Eerste Divisie,2022,132,NAC Breda,111185,Ruben Ligeon,Right-Back,31,0.25
Eerste Divisie,2022,132,NAC Breda,823995,Stef de Wijs,Right-Back,20,0.025
Eerste Divisie,2022,132,NAC Breda,274640,Javier Vet,Defensive Midfield,29,0.325
Eerste Divisie,2022,132,NAC Breda,596158,Casper Staring,Defensive Midfield,22,0.275
Eerste Divisie,2022,132,NAC Breda,865682,Ezechiel Banzuzi,Central Midfield,18,0.4
Eerste Divisie,2022,132,NAC Breda,587289,Sabir Agougil,Central Midfield,21,0.35
Eerste Divisie,2022,132,NAC Breda,617019,Matthew Garbett,Central Midfield,21,0.3
Eerste Divisie,2022,132,NAC Breda,579298,Adam Kaied,Central Midfield,21,0.25
Eerste Divisie,2022,132,NAC Breda,360520,Odysseus Velanas,Attacking Midfield,25,0.6
Eerste Divisie,2022,132,NAC Breda,595774,Boris van Schuppen,Attacking Midfield,21,0.3
Eerste Divisie,2022,132,NAC Breda,568373,Aimé Omgba,Attacking Midfield,20,0.15
Eerste Divisie,2022,132,NAC Breda,540927,Kaj de Rooij,Left Winger,22,0.45
Eerste Divisie,2022,132,NAC Breda,410719,Alex Plat,Left Winger,25,0.325
Eerste Divisie,2022,132,NAC Breda,697898,Vieiri Kotzebue,Left Winger,20,0.075
Eerste Divisie,2022,132,NAC Breda,396003,Thomas Marijnissen,Left Winger,24,0.05
Eerste Divisie,2022,132,NAC Breda,162672,Jarchinio Antonia,Right Winger,32,0.275
Eerste Divisie,2022,132,NAC Breda,205655,Elías Már Ómarsson,Centre-Forward,28,0.6
Eerste Divisie,2022,132,NAC Breda,330909,Jort van der Sande,Centre-Forward,27,0.4
Eerste Divisie,2022,132,NAC Breda,124863,Tom Boere,Centre-Forward,30,0.3
Eerste Divisie,2022,132,NAC Breda,596150,Ayouba Kosiah,Centre-Forward,21,0.25
Eerste Divisie,2022,132,NAC Breda,336370,Jesaja Herrmann,Centre-Forward,23,0.25
Eerste Divisie,2022,403,Willem II Tilburg,64352,Kostas Lamprou,Goalkeeper,31,0.35
Eerste Divisie,2022,403,Willem II Tilburg,190687,Joshua Smits,Goalkeeper,30,0.3
Eerste Divisie,2022,403,Willem II Tilburg,477476,Connor van den Berg,Goalkeeper,22,0.05
Eerste Divisie,2022,403,Willem II Tilburg,250450,Wessel Dammers,Centre-Back,28,0.6
Eerste Divisie,2022,403,Willem II Tilburg,79194,Erik Schouten,Centre-Back,31,0.325
Eerste Divisie,2022,403,Willem II Tilburg,88074,Freek Heerkens,Centre-Back,33,0.3
Eerste Divisie,2022,403,Willem II Tilburg,596182,Sam Tel,Centre-Back,21,0.05
Eerste Divisie,2022,403,Willem II Tilburg,221766,Lucas Woudenberg,Left-Back,29,0.5
Eerste Divisie,2022,403,Willem II Tilburg,315393,Thibaut Lesquoy,Left-Back,27,0.15
Eerste Divisie,2022,403,Willem II Tilburg,619780,Niels van Berkel,Left-Back,21,0.075
Eerste Divisie,2022,403,Willem II Tilburg,257988,Leeroy Owusu,Right-Back,26,0.6
Eerste Divisie,2022,403,Willem II Tilburg,540928,Valentino Vermeulen,Right-Back,21,0.45
Eerste Divisie,2022,403,Willem II Tilburg,205276,Pol Llonch,Defensive Midfield,30,0.7
Eerste Divisie,2022,403,Willem II Tilburg,524043,Jesse Bosch,Defensive Midfield,23,0.6
Eerste Divisie,2022,403,Willem II Tilburg,292817,Matthias Verreth,Defensive Midfield,25,0.45
Eerste Divisie,2022,403,Willem II Tilburg,673344,Wesley Spieringhs,Central Midfield,21,0.2
Eerste Divisie,2022,403,Willem II Tilburg,577455,Ringo Meerveld,Attacking Midfield,20,0.65
Eerste Divisie,2022,403,Willem II Tilburg,441216,Thijs Oosting,Attacking Midfield,23,0.6
Eerste Divisie,2022,403,Willem II Tilburg,223225,Dan Crowley,Attacking Midfield,25,0.4
Eerste Divisie,2022,403,Willem II Tilburg,594035,Dani Mathieu,Attacking Midfield,22,0.025
Eerste Divisie,2022,403,Willem II Tilburg,367981,Max Svensson,Left Winger,25,0.5
Eerste Divisie,2022,403,Willem II Tilburg,159375,Joeri Schroijen,Left Winger,32,0.2
Eerste Divisie,2022,403,Willem II Tilburg,288233,Nick Doodeman,Right Winger,26,0.45
Eerste Divisie,2022,403,Willem II Tilburg,185817,Jizz Hornkamp,Centre-Forward,25,0.65
Eerste Divisie,2022,403,Willem II Tilburg,396847,Elton Kabangu,Centre-Forward,25,0.35
Eerste Divisie,2022,403,Willem II Tilburg,110906,Michael de Leeuw,Centre-Forward,36,0.25
Eerste Divisie,2022,403,Willem II Tilburg,56490,Jeremy Bokila,Centre-Forward,34,0.15
Eerste Divisie,2022,403,Willem II Tilburg,680768,Jelte Pal,Centre-Forward,20,0.025
Eerste Divisie,2022,723,Almere City FC,534015,Nordin Bakker,Goalkeeper,25,0.425
Eerste Divisie,2022,723,Almere City FC,458417,Stijn Keller,Goalkeeper,23,0.075
Eerste Divisie,2022,723,Almere City FC,55756,Agil Etemadi,Goalkeeper,36,0.075
Eerste Divisie,2022,723,Almere City FC,793097,Kay Rademaker,Goalkeeper,20,0.025
Eerste Divisie,2022,723,Almere City FC,484987,Théo Barbet,Centre-Back,22,0.4
Eerste Divisie,2022,723,Almere City FC,241420,Damian van Bruggen,Centre-Back,27,0.35
Eerste Divisie,2022,723,Almere City FC,361124,Joey Jacobs,Centre-Back,23,0.3
Eerste Divisie,2022,723,Almere City FC,586428,Jordy Rullens,Centre-Back,22,0.025
Eerste Divisie,2022,723,Almere City FC,934033,Jaden Pinas,Centre-Back,19,0.025
Eerste Divisie,2022,723,Almere City FC,480457,Thomas Poll,Left-Back,21,0.3
Eerste Divisie,2022,723,Almere City FC,351216,Manel Royo,Left-Back,29,0.225
Eerste Divisie,2022,723,Almere City FC,590773,Hamdi Akujobi,Right-Back,23,0.35
Eerste Divisie,2022,723,Almere City FC,582132,Niciano Grootfaam,Right-Back,22,0.05
Eerste Divisie,2022,723,Almere City FC,793099,Stije Resink,Defensive Midfield,20,0.4
Eerste Divisie,2022,723,Almere City FC,189650,Tim Receveur,Defensive Midfield,31,0.25
Eerste Divisie,2022,723,Almere City FC,90343,Danny Post,Defensive Midfield,34,0.25
Eerste Divisie,2022,723,Almere City FC,566934,Jens Guiting,Defensive Midfield,20,0.025
Eerste Divisie,2022,723,Almere City FC,275949,Jorrit Smeets,Central Midfield,28,0.45
Eerste Divisie,2022,723,Almere City FC,156887,Álvaro Peña,Central Midfield,31,0.4
Eerste Divisie,2022,723,Almere City FC,706896,Marcelencio Esajas,Central Midfield,21,0.125
Eerste Divisie,2022,723,Almere City FC,378316,Lance Duijvestijn,Attacking Midfield,24,0.5
Eerste Divisie,2022,723,Almere City FC,865281,Jochem Ritmeester van de Kamp,Attacking Midfield,19,0.3
Eerste Divisie,2022,723,Almere City FC,547354,Pascu,Attacking Midfield,23,0.225
Eerste Divisie,2022,723,Almere City FC,338632,Milan Corryn,Attacking Midfield,24,0.15
Eerste Divisie,2022,723,Almere City FC,140803,Anthony Limbombe,Left Winger,28,0.8
Eerste Divisie,2022,723,Almere City FC,432698,Kornelius Normann,Left Winger,22,0.45
Eerste Divisie,2022,723,Almere City FC,361071,Bradly van Hoeven,Left Winger,23,0.35
Eerste Divisie,2022,723,Almere City FC,730573,Faiz Mattoir,Left Winger,22,0.3
Eerste Divisie,2022,723,Almere City FC,77001,Rajiv van La Parra,Left Winger,32,0.3
Eerste Divisie,2022,723,Almere City FC,667263,Jeffry Puriel,Left Winger,20,0.075
Eerste Divisie,2022,723,Almere City FC,865293,Layee Kromah,Left Winger,20,0.025
Eerste Divisie,2022,723,Almere City FC,337669,Ilias Alhaft,Right Winger,26,0.325
Eerste Divisie,2022,723,Almere City FC,400644,Jeredy Hilterman,Centre-Forward,25,0.55
Eerste Divisie,2022,723,Almere City FC,587666,Tijmen Wildeboer,Centre-Forward,21,0.275
Eerste Divisie,2022,723,Almere City FC,583816,Maarten Pouwels,Centre-Forward,24,0.25
Eerste Divisie,2022,1268,ADO Den Haag,160361,Sonny Stevens,Goalkeeper,31,0.5
Eerste Divisie,2022,1268,ADO Den Haag,548934,Hugo Wentges,Goalkeeper,21,0.4
Eerste Divisie,2022,1268,ADO Den Haag,235108,Luuk Koopmans,Goalkeeper,29,0.275
Eerste Divisie,2022,1268,ADO Den Haag,559319,Kilian Nikièma,Goalkeeper,20,0.1
Eerste Divisie,2022,1268,ADO Den Haag,701509,David van de Riet,Goalkeeper,21,0.025
Eerste Divisie,2022,1268,ADO Den Haag,811805,Tyrese Asante,Centre-Back,21,0.45
Eerste Divisie,2022,1268,ADO Den Haag,341530,Dirk Carlson,Centre-Back,25,0.4
Eerste Divisie,2022,1268,ADO Den Haag,269585,Daryl Werker,Centre-Back,29,0.325
Eerste Divisie,2022,1268,ADO Den Haag,705016,Finn van Breemen,Centre-Back,20,0.3
Eerste Divisie,2022,1268,ADO Den Haag,617751,Michael Mulder,Centre-Back,22,0.15
Eerste Divisie,2022,1268,ADO Den Haag,651785,Gylermo Siereveld,Centre-Back,21,0.05
Eerste Divisie,2022,1268,ADO Den Haag,848483,Finn Dicke,Centre-Back,18,0.025
Eerste Divisie,2022,1268,ADO Den Haag,710999,Silvinho Esajas,Centre-Back,20,0.025
Eerste Divisie,2022,1268,ADO Den Haag,428502,Boy Kemper,Left-Back,24,0.45
Eerste Divisie,2022,1268,ADO Den Haag,373977,Amir Absalem,Left-Back,26,0.3
Eerste Divisie,2022,1268,ADO Den Haag,675621,Nigel Owusu,Left-Back,20,0.025
Eerste Divisie,2022,1268,ADO Den Haag,412949,Denzel Hall,Right-Back,22,0.35
Eerste Divisie,2022,1268,ADO Den Haag,689632,Guillem Rodríguez,Right-Back,25,0.15
Eerste Divisie,2022,1268,ADO Den Haag,596463,Jesse Reinders,Defensive Midfield,20,0.025
Eerste Divisie,2022,1268,ADO Den Haag,339339,Jordy Wehrmann,Central Midfield,24,0.375
Eerste Divisie,2022,1268,ADO Den Haag,518304,Dhoraso Klas,Central Midfield,22,0.325
Eerste Divisie,2022,1268,ADO Den Haag,133372,Gregor Breinburg,Central Midfield,31,0.325
Eerste Divisie,2022,1268,ADO Den Haag,546884,Titouan Thomas,Central Midfield,21,0.2
Eerste Divisie,2022,1268,ADO Den Haag,686095,Sacha Komljenovic,Central Midfield,20,0.075
Eerste Divisie,2022,1268,ADO Den Haag,485592,Max de Waal,Attacking Midfield,21,0.4
Eerste Divisie,2022,1268,ADO Den Haag,811430,Malik Sellouki,Attacking Midfield,23,0.25
Eerste Divisie,2022,1268,ADO Den Haag,594869,Nick Broekhuizen,Attacking Midfield,21,0.025
Eerste Divisie,2022,1268,ADO Den Haag,207043,Joey Sleegers,Left Winger,28,0.55
Eerste Divisie,2022,1268,ADO Den Haag,159026,Ricardo Kishna,Left Winger,28,0.35
Eerste Divisie,2022,1268,ADO Den Haag,790420,Rafael Struick,Left Winger,20,0.025
Eerste Divisie,2022,1268,ADO Den Haag,778540,Xander Severina,Right Winger,22,0.5
Eerste Divisie,2022,1268,ADO Den Haag,450195,Amar Catic,Right Winger,24,0.275
Eerste Divisie,2022,1268,ADO Den Haag,297365,Thomas Verheydt,Centre-Forward,31,0.475
Eerste Divisie,2022,1268,ADO Den Haag,457940,Joël Zwarts,Centre-Forward,24,0.45
Eerste Divisie,2022,1268,ADO Den Haag,176555,Mario Bilate,Centre-Forward,31,0.35
Eerste Divisie,2022,1268,ADO Den Haag,807788,Marius van Mil,Centre-Forward,21,0.025
Eerste Divisie,2022,1426,VVV-Venlo,529425,Ennio van der Gouw,Goalkeeper,23,0.4
Eerste Divisie,2022,1426,VVV-Venlo,147558,Lukas Zima,Goalkeeper,29,0.3
Eerste Divisie,2022,1426,VVV-Venlo,554422,Jens Craenmehr,Goalkeeper,21,0.05
Eerste Divisie,2022,1426,VVV-Venlo,309843,Rick Ketting,Centre-Back,27,0.4
Eerste Divisie,2022,1426,VVV-Venlo,251975,Brian Koglin,Centre-Back,26,0.3
Eerste Divisie,2022,1426,VVV-Venlo,515388,Sem Dirks,Centre-Back,22,0.2
Eerste Divisie,2022,1426,VVV-Venlo,675981,Stan Henderikx,Centre-Back,19,0.025
Eerste Divisie,2022,1426,VVV-Venlo,457092,Simon Janssen,Left-Back,22,0.425
Eerste Divisie,2022,1426,VVV-Venlo,315124,Tristan Dekker,Right-Back,25,0.35
Eerste Divisie,2022,1426,VVV-Venlo,361078,Robin Lathouwers,Right-Back,23,0.15
Eerste Divisie,2022,1426,VVV-Venlo,995022,Jens Jacobs,Right-Back,19,0.025
Eerste Divisie,2022,1426,VVV-Venlo,187288,Robert Klaasen,Defensive Midfield,29,0.325
Eerste Divisie,2022,1426,VVV-Venlo,618343,Joep Kluskens,Defensive Midfield,20,0.1
Eerste Divisie,2022,1426,VVV-Venlo,564448,Daan Huisman,Central Midfield,20,0.5
Eerste Divisie,2022,1426,VVV-Venlo,361121,Kees de Boer,Central Midfield,23,0.45
Eerste Divisie,2022,1426,VVV-Venlo,392744,Mitchell van Rooijen,Central Midfield,24,0.35
Eerste Divisie,2022,1426,VVV-Venlo,339080,Richard Sedlacek,Central Midfield,24,0.3
Eerste Divisie,2022,1426,VVV-Venlo,918365,Levi Smans,Attacking Midfield,20,0.3
Eerste Divisie,2022,1426,VVV-Venlo,508643,Soulyman Allouch,Left Winger,21,0.5
Eerste Divisie,2022,1426,VVV-Venlo,342490,Carl Johansson,Left Winger,25,0.25
Eerste Divisie,2022,1426,VVV-Venlo,675979,Thijme Verheijen,Left Winger,20,0.25
Eerste Divisie,2022,1426,VVV-Venlo,420187,Nick Venema,Right Winger,24,0.65
Eerste Divisie,2022,1426,VVV-Venlo,539547,Yahcuroo Roemer,Right Winger,21,0.325
Eerste Divisie,2022,1426,VVV-Venlo,258335,Martijn Berden,Right Winger,25,0.3
Eerste Divisie,2022,1426,VVV-Venlo,596179,Özcan Yaşar,Right Winger,21,0.05
Eerste Divisie,2022,1426,VVV-Venlo,185400,Sven Braken,Centre-Forward,30,0.35
Eerste Divisie,2022,1426,VVV-Venlo,400174,Kristófer Kristinsson,Centre-Forward,24,0.35
Eerste Divisie,2022,3892,FC Eindhoven,187594,Nigel Bertrams,Goalkeeper,30,0.45
Eerste Divisie,2022,3892,FC Eindhoven,736097,Jort Borgmans,Goalkeeper,20,0.05
Eerste Divisie,2022,3892,FC Eindhoven,576444,TJ Odunze,Goalkeeper,23,0.025
Eerste Divisie,2022,3892,FC Eindhoven,355860,Maarten Peijnenburg,Centre-Back,26,0.475
Eerste Divisie,2022,3892,FC Eindhoven,170720,Mawouna Amevor,Centre-Back,31,0.4
Eerste Divisie,2022,3892,FC Eindhoven,341678,Collin Seedorf,Centre-Back,28,0.35
Eerste Divisie,2022,3892,FC Eindhoven,422635,Pieter Bogaers,Centre-Back,24,0.275
Eerste Divisie,2022,3892,FC Eindhoven,504078,Rodrigo Rêgo,Centre-Back,21,0.225
Eerste Divisie,2022,3892,FC Eindhoven,464600,Jarno Janssen,Centre-Back,22,0.1
Eerste Divisie,2022,3892,FC Eindhoven,576682,Jasper Dahlhaus,Left-Back,21,0.5
Eerste Divisie,2022,3892,FC Eindhoven,486347,Tibo Persyn,Right-Back,21,0.7
Eerste Divisie,2022,3892,FC Eindhoven,415085,Justin Ogenia,Right-Back,24,0.2
Eerste Divisie,2022,3892,FC Eindhoven,429916,Brian De Keersmaecker,Defensive Midfield,23,0.45
Eerste Divisie,2022,3892,FC Eindhoven,288256,Sven van Doorm,Defensive Midfield,26,0.35
Eerste Divisie,2022,3892,FC Eindhoven,461251,Koen Oostenbrink,Defensive Midfield,23,0.175
Eerste Divisie,2022,3892,FC Eindhoven,440495,Cas Faber,Defensive Midfield,24,0.05
Eerste Divisie,2022,3892,FC Eindhoven,585317,Yassine Azzagari,Central Midfield,21,0.225
Eerste Divisie,2022,3892,FC Eindhoven,640566,Dyon Dorenbosch,Central Midfield,20,0.025
Eerste Divisie,2022,3892,FC Eindhoven,495669,Lamine Diaby-Fadiga,Attacking Midfield,22,0.35
Eerste Divisie,2022,3892,FC Eindhoven,380118,Ozan Kökcü,Attacking Midfield,24,0.35
Eerste Divisie,2022,3892,FC Eindhoven,548937,Evan Rottier,Attacking Midfield,21,0.35
Eerste Divisie,2022,3892,FC Eindhoven,83946,Youness Mokhtar,Left Winger,31,0.45
Eerste Divisie,2022,3892,FC Eindhoven,578402,Pjotr Kestens,Left Winger,21,0.2
Eerste Divisie,2022,3892,FC Eindhoven,203928,Moussa Sanoh,Right Winger,28,0.2
Eerste Divisie,2022,3892,FC Eindhoven,430800,Naoufal Bannis,Centre-Forward,21,0.4
Eerste Divisie,2022,3892,FC Eindhoven,595028,Charles-Andreas Brym,Centre-Forward,24,0.325
Eerste Divisie,2022,3892,FC Eindhoven,1041531,Dalton Enokpa,Centre-Forward,20,0.05
Eerste Divisie,2022,642,De Graafschap Doetinchem,215551,Hidde Jurjus,Goalkeeper,29,0.475
Eerste Divisie,2022,642,De Graafschap Doetinchem,436061,Mees Bakker,Goalkeeper,22,0.1
Eerste Divisie,2022,642,De Graafschap Doetinchem,412936,Jord Ruijgrok,Goalkeeper,22,0.05
Eerste Divisie,2022,642,De Graafschap Doetinchem,587606,Ties Wieggers,Goalkeeper,20,0.025
Eerste Divisie,2022,642,De Graafschap Doetinchem,559334,Rio Hillen,Centre-Back,20,0.4
Eerste Divisie,2022,642,De Graafschap Doetinchem,324702,Jan Lammers,Centre-Back,28,0.3
Eerste Divisie,2022,642,De Graafschap Doetinchem,226026,Xandro Schenk,Centre-Back,30,0.2
Eerste Divisie,2022,642,De Graafschap Doetinchem,663649,Joran Hardeman,Centre-Back,21,0.025
Eerste Divisie,2022,642,De Graafschap Doetinchem,805451,Maas Willemsen,Centre-Back,20,0.025
Eerste Divisie,2022,642,De Graafschap Doetinchem,38003,Alexander Büttner,Left-Back,34,0.3
Eerste Divisie,2022,642,De Graafschap Doetinchem,241375,Roland Baas,Left-Back,27,0.2
Eerste Divisie,2022,642,De Graafschap Doetinchem,746974,Levi Schoppema,Left-Back,19,0.025
Eerste Divisie,2022,642,De Graafschap Doetinchem,102660,Jeffry Fortes,Right-Back,34,0.35
Eerste Divisie,2022,642,De Graafschap Doetinchem,315156,Robin Schouten,Right-Back,25,0.3
Eerste Divisie,2022,642,De Graafschap Doetinchem,935210,Jim van der Logt,Right-Back,19,0.025
Eerste Divisie,2022,642,De Graafschap Doetinchem,900072,Philip Brittijn,Defensive Midfield,19,0.5
Eerste Divisie,2022,642,De Graafschap Doetinchem,373984,Jesse Schuurman,Defensive Midfield,25,0.3
Eerste Divisie,2022,642,De Graafschap Doetinchem,129543,Lion Kaak,Defensive Midfield,32,0.3
Eerste Divisie,2022,642,De Graafschap Doetinchem,805453,Hamza Bouihrouchane,Defensive Midfield,20,0.1
Eerste Divisie,2022,642,De Graafschap Doetinchem,404694,Mees Kaandorp,Central Midfield,25,0.275
Eerste Divisie,2022,642,De Graafschap Doetinchem,679708,Sisqo Lever,Central Midfield,20,0.025
Eerste Divisie,2022,642,De Graafschap Doetinchem,175451,Joel Valencia,Attacking Midfield,28,0.4
Eerste Divisie,2022,642,De Graafschap Doetinchem,45509,Siem de Jong,Attacking Midfield,34,0.275
Eerste Divisie,2022,642,De Graafschap Doetinchem,746976,Anis Yadir,Attacking Midfield,18,0.025
Eerste Divisie,2022,642,De Graafschap Doetinchem,864112,Başar Önal,Left Winger,18,0.4
Eerste Divisie,2022,642,De Graafschap Doetinchem,480452,Hicham Acheffay,Left Winger,22,0.225
Eerste Divisie,2022,642,De Graafschap Doetinchem,605362,Pim Lukassen,Left Winger,22,0.025
Eerste Divisie,2022,642,De Graafschap Doetinchem,587588,Camiel Neghli,Right Winger,21,0.45
Eerste Divisie,2022,642,De Graafschap Doetinchem,234910,Giovanni Korte,Right Winger,29,0.4
Eerste Divisie,2022,642,De Graafschap Doetinchem,653724,Ezra van der Heiden,Right Winger,19,0.025
Eerste Divisie,2022,642,De Graafschap Doetinchem,66783,Charlison Benschop,Centre-Forward,33,0.35
Eerste Divisie,2022,642,De Graafschap Doetinchem,704771,Devin Haen,Centre-Forward,19,0.3
Eerste Divisie,2022,642,De Graafschap Doetinchem,186282,Danzell Gravenberch,Centre-Forward,29,0.25
Eerste Divisie,2022,1228,TOP Oss,514287,Thijs Jansen,Goalkeeper,21,0.45
Eerste Divisie,2022,1228,TOP Oss,278938,Norbert Alblas,Goalkeeper,28,0.25
Eerste Divisie,2022,1228,TOP Oss,403800,Job Schuurman,Goalkeeper,24,0.05
Eerste Divisie,2022,1228,TOP Oss,419924,Lars van Meurs,Goalkeeper,24,0.025
Eerste Divisie,2022,1228,TOP Oss,682099,Jason Fitz-Jim,Goalkeeper,21,0.025
Eerste Divisie,2022,1228,TOP Oss,401029,Roshon van Eijma,Centre-Back,25,0.3
Eerste Divisie,2022,1228,TOP Oss,119250,Lorenzo Piqué,Centre-Back,32,0.3
Eerste Divisie,2022,1228,TOP Oss,691975,Joshua Mukeh,Centre-Back,20,0.15
Eerste Divisie,2022,1228,TOP Oss,554395,Vasileios Pavlidis,Centre-Back,20,0.15
Eerste Divisie,2022,1228,TOP Oss,557286,Milan Hilderink,Centre-Back,20,0.05
Eerste Divisie,2022,1228,TOP Oss,313399,Dean van der Sluys,Left-Back,27,0.175
Eerste Divisie,2022,1228,TOP Oss,272803,Nicolas Abdat,Left-Back,26,0.15
Eerste Divisie,2022,1228,TOP Oss,502132,Ilounga Pata,Right-Back,22,0.2
Eerste Divisie,2022,1228,TOP Oss,342013,Trevor David,Right-Back,26,0.175
Eerste Divisie,2022,1228,TOP Oss,588744,Luca Everink,Right-Back,22,0.15
Eerste Divisie,2022,1228,TOP Oss,299121,Rick Dekker,Defensive Midfield,28,0.4
Eerste Divisie,2022,1228,TOP Oss,265268,Rick Stuy van den Herik,Defensive Midfield,30,0.3
Eerste Divisie,2022,1228,TOP Oss,514283,Ömer Gündüz,Defensive Midfield,22,0.175
Eerste Divisie,2022,1228,TOP Oss,390812,Joshua Sanches,Central Midfield,24,0.275
Eerste Divisie,2022,1228,TOP Oss,247595,Justin Mathieu,Attacking Midfield,27,0.4
Eerste Divisie,2022,1228,TOP Oss,524033,Thijs van Leeuwen,Attacking Midfield,21,0.2
Eerste Divisie,2022,1228,TOP Oss,361089,Thomas Beekman,Attacking Midfield,23,0.2
Eerste Divisie,2022,1228,TOP Oss,636170,Joep van der Sluijs,Attacking Midfield,21,0.125
Eerste Divisie,2022,1228,TOP Oss,495963,Richie Musaba,Attacking Midfield,22,0.1
Eerste Divisie,2022,1228,TOP Oss,538958,Jearl Margaritha,Left Winger,23,0.4
Eerste Divisie,2022,1228,TOP Oss,361071,Bradly van Hoeven,Left Winger,23,0.35
Eerste Divisie,2022,1228,TOP Oss,442885,Kay Tejan,Centre-Forward,26,0.3
Eerste Divisie,2022,1228,TOP Oss,465326,Richonell Margaret,Centre-Forward,22,0.25
Eerste Divisie,2022,1228,TOP Oss,514290,Toshio Lake,Centre-Forward,22,0.2
Eerste Divisie,2022,1228,TOP Oss,435088,Delano Ladan,Centre-Forward,23,0.175
Eerste Divisie,2022,1228,TOP Oss,565019,Arthur Allemeersch,Centre-Forward,21,0.15
Eerste Divisie,2022,1228,TOP Oss,243276,Kyvon Leidsman,Centre-Forward,24,0.125
Eerste Divisie,2022,500,Helmond Sport,206743,Mike Havekotte,Goalkeeper,27,0.3
Eerste Divisie,2022,500,Helmond Sport,535741,Robin Mantel,Goalkeeper,22,0.075
Eerste Divisie,2022,500,Helmond Sport,614506,Ahmed Azmi,Goalkeeper,20,0.025
Eerste Divisie,2022,500,Helmond Sport,456335,Flor Van den Eynden,Centre-Back,22,0.325
Eerste Divisie,2022,500,Helmond Sport,203939,Robin van der Meer,Centre-Back,28,0.3
Eerste Divisie,2022,500,Helmond Sport,151494,Tom Beugelsdijk,Centre-Back,32,0.25
Eerste Divisie,2022,500,Helmond Sport,422407,Gabriël Culhaci,Left-Back,23,0.275
Eerste Divisie,2022,500,Helmond Sport,429929,Bryan van Hove,Left-Back,23,0.225
Eerste Divisie,2022,500,Helmond Sport,649417,Dylan Dassy,Left-Back,20,0.025
Eerste Divisie,2022,500,Helmond Sport,203940,Bram van Vlerken,Right-Back,27,0.325
Eerste Divisie,2022,500,Helmond Sport,494282,Mees Kreekels,Right-Back,21,0.175
Eerste Divisie,2022,500,Helmond Sport,386104,Emir Terzi,Right-Back,22,0.1
Eerste Divisie,2022,500,Helmond Sport,272707,Elmo Lieftink,Defensive Midfield,29,0.45
Eerste Divisie,2022,500,Helmond Sport,158540,Michael Chacón,Defensive Midfield,29,0.4
Eerste Divisie,2022,500,Helmond Sport,507480,David Mistrafovic,Defensive Midfield,22,0.25
Eerste Divisie,2022,500,Helmond Sport,707087,Jarno Lion,Defensive Midfield,22,0.25
Eerste Divisie,2022,500,Helmond Sport,805491,Lucas Vankerkhoven,Defensive Midfield,21,0.125
Eerste Divisie,2022,500,Helmond Sport,434673,Gaétan Bosiers,Central Midfield,24,0.2
Eerste Divisie,2022,500,Helmond Sport,739745,Wassim Essanoussi,Attacking Midfield,19,0.3
Eerste Divisie,2022,500,Helmond Sport,594279,Marcus Scholten,Attacking Midfield,21,0.05
Eerste Divisie,2022,500,Helmond Sport,950783,Dylan van Diepen,Left Winger,19,0.025
Eerste Divisie,2022,500,Helmond Sport,123521,Peter van Ooijen,Right Winger,31,0.375
Eerste Divisie,2022,500,Helmond Sport,381974,Arno Van Keilegom,Right Winger,24,0.275
Eerste Divisie,2022,500,Helmond Sport,412934,Eros Maddy,Right Winger,22,0.2
Eerste Divisie,2022,500,Helmond Sport,377729,Martijn Kaars,Centre-Forward,24,0.4
Eerste Divisie,2022,500,Helmond Sport,458409,Jelle Goselink,Centre-Forward,23,0.275
Eerste Divisie,2022,500,Helmond Sport,269502,Håkon Lorentzen,Centre-Forward,25,0.25
Eerste Divisie,2022,500,Helmond Sport,326997,Jafar Arias,Centre-Forward,28,0.25
Eerste Divisie,2022,500,Helmond Sport,486044,Chris Kalulika,Centre-Forward,21,0.025
Eerste Divisie,2022,1455,FC Dordrecht,264176,Liam Bossin,Goalkeeper,26,0.35
Eerste Divisie,2022,1455,FC Dordrecht,390814,Trevor Doornbusch,Goalkeeper,23,0.125
Eerste Divisie,2022,1455,FC Dordrecht,1026477,Tijn Baltussen,Goalkeeper,18,0.025
Eerste Divisie,2022,1455,FC Dordrecht,64521,Toine van Huizen,Centre-Back,33,0.275
Eerste Divisie,2022,1455,FC Dordrecht,497176,Jop van der Avert,Centre-Back,23,0.2
Eerste Divisie,2022,1455,FC Dordrecht,748604,Devon Koswal,Centre-Back,19,0.1
Eerste Divisie,2022,1455,FC Dordrecht,685445,Bartłomiej Smolarczyk,Centre-Back,19,0.025
Eerste Divisie,2022,1455,FC Dordrecht,524473,Sefik Abali,Centre-Back,21,0.01
Eerste Divisie,2022,1455,FC Dordrecht,258356,Mauro Savastano,Left-Back,26,0.275
Eerste Divisie,2022,1455,FC Dordrecht,277112,Elso Brito,Left-Back,29,0.175
Eerste Divisie,2022,1455,FC Dordrecht,592507,Elgero King,Left-Back,22,0.025
Eerste Divisie,2022,1455,FC Dordrecht,361086,Abdallah Aberkane,Right-Back,23,0.275
Eerste Divisie,2022,1455,FC Dordrecht,420219,Vincent Schippers,Right-Back,22,0.175
Eerste Divisie,2022,1455,FC Dordrecht,409116,Ruggero Mannes,Right-Back,25,0.125
Eerste Divisie,2022,1455,FC Dordrecht,189650,Tim Receveur,Defensive Midfield,31,0.25
Eerste Divisie,2022,1455,FC Dordrecht,942960,Daniel van Vianen,Defensive Midfield,20,0.025
Eerste Divisie,2022,1455,FC Dordrecht,593774,Anouar El Azzouzi,Central Midfield,22,0.35
Eerste Divisie,2022,1455,FC Dordrecht,342100,Şahverdi Çetin,Central Midfield,22,0.35
Eerste Divisie,2022,1455,FC Dordrecht,394296,Alessio Miceli,Central Midfield,23,0.175
Eerste Divisie,2022,1455,FC Dordrecht,454569,Benjamin Reemst,Central Midfield,23,0.15
Eerste Divisie,2022,1455,FC Dordrecht,264857,Jari Schuurman,Attacking Midfield,26,0.35
Eerste Divisie,2022,1455,FC Dordrecht,641576,Tidjany Touré,Left Winger,20,0.35
Eerste Divisie,2022,1455,FC Dordrecht,422760,Mathis Suray,Left Winger,21,0.225
Eerste Divisie,2022,1455,FC Dordrecht,687452,Jerailly Wielzen,Left Winger,20,0.15
Eerste Divisie,2022,1455,FC Dordrecht,593823,Sergio Tremour,Left Winger,21,0.075
Eerste Divisie,2022,1455,FC Dordrecht,800272,Boubakar Camara,Right Winger,22,0.3
Eerste Divisie,2022,1455,FC Dordrecht,540653,Malhory Noc,Right Winger,25,0.2
Eerste Divisie,2022,1455,FC Dordrecht,502597,Jaymillio Pinas,Right Winger,21,0.1
Eerste Divisie,2022,1455,FC Dordrecht,687489,Joey van Gennip,Right Winger,20,0.025
Eerste Divisie,2022,1455,FC Dordrecht,666977,Aliou Baldé,Centre-Forward,20,0.8
Eerste Divisie,2022,1455,FC Dordrecht,124560,Samuele Longo,Centre-Forward,31,0.3
Eerste Divisie,2022,1455,FC Dordrecht,514280,Pepijn Doesburg,Centre-Forward,22,0.075
Eerste Divisie,2022,1455,FC Dordrecht,595243,Tyrell Tear,Centre-Forward,20,0.025
Eerste Divisie,2022,384,MVV Maastricht,538073,Romain Matthys,Goalkeeper,24,0.4
Eerste Divisie,2022,384,MVV Maastricht,548806,Thijs Lambrix,Goalkeeper,21,0.025
Eerste Divisie,2022,384,MVV Maastricht,646922,Logan Ancion,Goalkeeper,21,0.025
Eerste Divisie,2022,384,MVV Maastricht,719382,Matteo Waem,Centre-Back,23,0.325
Eerste Divisie,2022,384,MVV Maastricht,706063,Rein Van Helden,Centre-Back,20,0.3
Eerste Divisie,2022,384,MVV Maastricht,463936,Rico Zeegers,Centre-Back,23,0.275
Eerste Divisie,2022,384,MVV Maastricht,844506,Lars Schenk,Left-Back,21,0.175
Eerste Divisie,2022,384,MVV Maastricht,163665,Leroy Labylle,Left-Back,32,0.15
Eerste Divisie,2022,384,MVV Maastricht,387201,Clint Essers,Right-Back,26,0.25
Eerste Divisie,2022,384,MVV Maastricht,595700,Tim Zeegers,Right-Back,23,0.175
Eerste Divisie,2022,384,MVV Maastricht,364246,Nicky Souren,Defensive Midfield,23,0.4
Eerste Divisie,2022,384,MVV Maastricht,355685,Orhan Džepar,Defensive Midfield,27,0.325
Eerste Divisie,2022,384,MVV Maastricht,595709,Thomas van Bommel,Defensive Midfield,20,0.125
Eerste Divisie,2022,384,MVV Maastricht,714078,Marko Kleinen,Central Midfield,21,0.25
Eerste Divisie,2022,384,MVV Maastricht,944065,Saul Penders,Central Midfield,20,0.075
Eerste Divisie,2022,384,MVV Maastricht,957322,Nabil El Basri,Central Midfield,19,0.025
Eerste Divisie,2022,384,MVV Maastricht,411536,Rayan El Azrak,Attacking Midfield,23,0.375
Eerste Divisie,2022,384,MVV Maastricht,415989,Mart Remans,Attacking Midfield,25,0.3
Eerste Divisie,2022,384,MVV Maastricht,735701,Ruben van Bommel,Left Winger,18,0.55
Eerste Divisie,2022,384,MVV Maastricht,957307,Hugo Deenen,Left Winger,18,0.025
Eerste Divisie,2022,384,MVV Maastricht,922332,Lorenzo Noviello,Left Winger,21,0.025
Eerste Divisie,2022,384,MVV Maastricht,707159,Jarne Steuckers,Right Winger,21,0.475
Eerste Divisie,2022,384,MVV Maastricht,351873,Sven Blummel,Right Winger,26,0.325
Eerste Divisie,2022,384,MVV Maastricht,519736,Jimmy Vijgen,Right Winger,22,0.05
Eerste Divisie,2022,384,MVV Maastricht,453121,Koen Kostons,Centre-Forward,23,0.5
Eerste Divisie,2022,384,MVV Maastricht,676411,Dailon Livramento,Centre-Forward,22,0.05
Eerste Divisie,2022,404,FC Den Bosch,159896,Wouter van der Steen,Goalkeeper,33,0.425
Eerste Divisie,2022,404,FC Den Bosch,411601,Konrad Sikking,Goalkeeper,24,0.05
Eerste Divisie,2022,404,FC Den Bosch,1013923,Lars Vrolijks,Goalkeeper,18,0.025
Eerste Divisie,2022,404,FC Den Bosch,417827,Victor van den Bogert,Centre-Back,23,0.275
Eerste Divisie,2022,404,FC Den Bosch,255814,Jordy van der Winden,Centre-Back,29,0.25
Eerste Divisie,2022,404,FC Den Bosch,633124,Teun van Grunsven,Centre-Back,23,0.25
Eerste Divisie,2022,404,FC Den Bosch,696347,Ibane Bowat,Centre-Back,20,0.125
Eerste Divisie,2022,404,FC Den Bosch,480022,Dylan Ryan,Centre-Back,23,0.075
Eerste Divisie,2022,404,FC Den Bosch,577462,Stan Maas,Centre-Back,22,0.075
Eerste Divisie,2022,404,FC Den Bosch,639974,Nick de Groot,Left-Back,21,0.075
Eerste Divisie,2022,404,FC Den Bosch,469084,Rik Mulders,Right-Back,22,0.3
Eerste Divisie,2022,404,FC Den Bosch,362276,Faris Hammouti,Right-Back,26,0.25
Eerste Divisie,2022,404,FC Den Bosch,469088,Jorn van Hedel,Right-Back,22,0.15
Eerste Divisie,2022,404,FC Den Bosch,530891,Dennis Gyamfi,Right-Back,21,0.05
Eerste Divisie,2022,404,FC Den Bosch,719790,Noël Hendriks,Right-Back,21,0.025
Eerste Divisie,2022,404,FC Den Bosch,436583,Steven van der Heijden,Defensive Midfield,24,0.275
Eerste Divisie,2022,404,FC Den Bosch,333498,Dino Halilovic,Defensive Midfield,25,0.2
Eerste Divisie,2022,404,FC Den Bosch,228370,Gedion Zelalem,Defensive Midfield,26,0.15
Eerste Divisie,2022,404,FC Den Bosch,430817,Anass Ahannach,Attacking Midfield,25,0.4
Eerste Divisie,2022,404,FC Den Bosch,99508,Danny Verbeek,Attacking Midfield,32,0.25
Eerste Divisie,2022,404,FC Den Bosch,892983,Ryan Leijten,Attacking Midfield,19,0.25
Eerste Divisie,2022,404,FC Den Bosch,577461,Sven Roos,Attacking Midfield,21,0.025
Eerste Divisie,2022,404,FC Den Bosch,799022,Max van Hees,Attacking Midfield,20,0.025
Eerste Divisie,2022,404,FC Den Bosch,682252,Sebastiaan van Bakel,Left Winger,22,0.15
Eerste Divisie,2022,404,FC Den Bosch,633258,Tomas Kalinauskas,Left Winger,23,0.1
Eerste Divisie,2022,404,FC Den Bosch,799024,Jochem Scheij,Left Winger,21,0.025
Eerste Divisie,2022,404,FC Den Bosch,505512,Asier Córdoba,Right Winger,23,0.2
Eerste Divisie,2022,404,FC Den Bosch,375718,Evangelos Patoulidis,Right Winger,21,0.2
Eerste Divisie,2022,404,FC Den Bosch,647316,Timo Regouin,Right Winger,21,0.025
Eerste Divisie,2022,404,FC Den Bosch,315140,Joey Konings,Centre-Forward,25,0.375
Eerste Divisie,2022,404,FC Den Bosch,606389,Nikolaj Möller,Centre-Forward,20,0.3
Eerste Divisie,2022,1434,SC Telstar,271549,Ronald Koeman Jr.,Goalkeeper,28,0.2
Eerste Divisie,2022,1434,SC Telstar,471797,Joey Houweling,Goalkeeper,23,0.075
Eerste Divisie,2022,1434,SC Telstar,959276,Jesse Vink,Goalkeeper,19,0.025
Eerste Divisie,2022,1434,SC Telstar,786420,Shaquille Eendragt,Goalkeeper,21,0.025
Eerste Divisie,2022,1434,SC Telstar,58359,Özgür Aktaş,Centre-Back,26,0.325
Eerste Divisie,2022,1434,SC Telstar,347038,Thomas Oude Kotte,Centre-Back,27,0.3
Eerste Divisie,2022,1434,SC Telstar,113872,Mitch Apau,Centre-Back,33,0.15
Eerste Divisie,2022,1434,SC Telstar,520102,Jorginho Soares,Centre-Back,23,0.05
Eerste Divisie,2022,1434,SC Telstar,594277,Jonathan Mulder,Left-Back,21,0.2
Eerste Divisie,2022,1434,SC Telstar,320825,Delvechio Blackson,Left-Back,28,0.15
Eerste Divisie,2022,1434,SC Telstar,767840,Yaël Liesdek,Right-Back,21,0.2
Eerste Divisie,2022,1434,SC Telstar,533172,Jay Kruiver,Right-Back,22,0.15
Eerste Divisie,2022,1434,SC Telstar,355663,Anass Najah,Defensive Midfield,25,0.4
Eerste Divisie,2022,1434,SC Telstar,424332,Niels van Wetten,Defensive Midfield,24,0.1
Eerste Divisie,2022,1434,SC Telstar,462868,Anwar Bensabouh,Central Midfield,24,0.3
Eerste Divisie,2022,1434,SC Telstar,124889,Tom Overtoom,Central Midfield,32,0.175
Eerste Divisie,2022,1434,SC Telstar,198967,Mihkel Ainsalu,Central Midfield,27,0.15
Eerste Divisie,2022,1434,SC Telstar,779754,Jayden Turfkruier,Left Midfield,20,0.15
Eerste Divisie,2022,1434,SC Telstar,353149,DJ Buffonge,Attacking Midfield,24,0.15
Eerste Divisie,2022,1434,SC Telstar,512993,Christos Giousis,Left Winger,24,0.6
Eerste Divisie,2022,1434,SC Telstar,473170,Cain Seedorf,Left Winger,23,0.2
Eerste Divisie,2022,1434,SC Telstar,476648,Yahya Boussakou,Right Winger,23,0.125
Eerste Divisie,2022,1434,SC Telstar,604813,David Min,Centre-Forward,24,0.225
Eerste Divisie,2022,1434,SC Telstar,477979,Rein Smit,Centre-Forward,22,0.225
Eerste Divisie,2022,1434,SC Telstar,80073,Glynor Plet,Centre-Forward,36,0.15
Eerste Divisie,2022,1434,SC Telstar,727531,Koen Blommestijn,Centre-Forward,23,0.15
Eerste Divisie,2022,1434,SC Telstar,699758,Quinten van den Heerik,Centre-Forward,21,0.05
Eerste Divisie,2023,8817,Ajax Amsterdam U21,448705,Diant Ramaj,Goalkeeper,22,18.0
Eerste Divisie,2023,8817,Ajax Amsterdam U21,229604,Gerónimo Rulli,Goalkeeper,32,5.0
Eerste Divisie,2023,8817,Ajax Amsterdam U21,635129,Charlie Setford,Goalkeeper,20,0.6
Eerste Divisie,2023,8817,Ajax Amsterdam U21,729010,Tom de Graaff,Goalkeeper,19,0.4
Eerste Divisie,2023,8817,Ajax Amsterdam U21,740040,Sten Kremers,Goalkeeper,20,0.2
Eerste Divisie,2023,8817,Ajax Amsterdam U21,662131,Ahmetcan Kaplan,Centre-Back,21,10.0
Eerste Divisie,2023,8817,Ajax Amsterdam U21,748601,Gastón Ávila,Centre-Back,22,5.0
Eerste Divisie,2023,8817,Ajax Amsterdam U21,765743,Dies Janse,Centre-Back,18,0.3
Eerste Divisie,2023,8817,Ajax Amsterdam U21,775242,Mateja Milovanovic,Centre-Back,20,0.3
Eerste Divisie,2023,8817,Ajax Amsterdam U21,891835,Nick Verschuren,Centre-Back,19,0.3
Eerste Divisie,2023,8817,Ajax Amsterdam U21,738473,Alvaro Henry,Centre-Back,19,0.2
Eerste Divisie,2023,8817,Ajax Amsterdam U21,485584,Anass Salah-Eddine,Left-Back,22,1.2
Eerste Divisie,2023,8817,Ajax Amsterdam U21,819211,Ethan Butera,Left-Back,18,0.8
Eerste Divisie,2023,8817,Ajax Amsterdam U21,701055,Anton Gaaei,Right-Back,21,3.0
Eerste Divisie,2023,8817,Ajax Amsterdam U21,656800,Tristan Gooijer,Right-Back,19,2.0
Eerste Divisie,2023,8817,Ajax Amsterdam U21,720791,Olivier Aertssen,Right-Back,19,0.6
Eerste Divisie,2023,8817,Ajax Amsterdam U21,749618,Diyae Jermoumi,Right-Back,19,0.275
Eerste Divisie,2023,8817,Ajax Amsterdam U21,646702,Raphaël Sarfo,Right-Back,20,0.25
Eerste Divisie,2023,8817,Ajax Amsterdam U21,510310,Sivert Mannsverk,Defensive Midfield,22,6.0
Eerste Divisie,2023,8817,Ajax Amsterdam U21,738476,Silvano Vos,Defensive Midfield,19,2.5
Eerste Divisie,2023,8817,Ajax Amsterdam U21,738475,Oualid Agougil,Defensive Midfield,18,0.4
Eerste Divisie,2023,8817,Ajax Amsterdam U21,748679,Olaf Gorter,Defensive Midfield,19,0.2
Eerste Divisie,2023,8817,Ajax Amsterdam U21,559333,Kian Fitz-Jim,Central Midfield,20,1.0
Eerste Divisie,2023,8817,Ajax Amsterdam U21,646699,Julian Brandes,Central Midfield,20,0.4
Eerste Divisie,2023,8817,Ajax Amsterdam U21,646700,Nassef Chourak,Central Midfield,19,0.325
Eerste Divisie,2023,8817,Ajax Amsterdam U21,775243,Rida Chahid,Central Midfield,19,0.2
Eerste Divisie,2023,8817,Ajax Amsterdam U21,891854,Gerald Alders,Right Midfield,19,0.2
Eerste Divisie,2023,8817,Ajax Amsterdam U21,694186,Kristian Hlynsson,Attacking Midfield,20,7.0
Eerste Divisie,2023,8817,Ajax Amsterdam U21,646698,Gabriel Misehouy,Attacking Midfield,18,1.0
Eerste Divisie,2023,8817,Ajax Amsterdam U21,743387,Stanis Idumbo,Attacking Midfield,19,0.8
Eerste Divisie,2023,8817,Ajax Amsterdam U21,748804,Mika Godts,Left Winger,19,4.0
Eerste Divisie,2023,8817,Ajax Amsterdam U21,706889,Jaydon Banel,Left Winger,19,1.2
Eerste Divisie,2023,8817,Ajax Amsterdam U21,704773,Amourricho van Axel Dongen,Left Winger,19,0.6
Eerste Divisie,2023,8817,Ajax Amsterdam U21,738474,David Kalokoh,Left Winger,19,0.3
Eerste Divisie,2023,8817,Ajax Amsterdam U21,742451,Carlos Forbs,Right Winger,20,8.0
Eerste Divisie,2023,8817,Ajax Amsterdam U21,610429,Christian Rasmussen,Right Winger,21,2.0
Eerste Divisie,2023,8817,Ajax Amsterdam U21,572519,Ar'jany Martha,Right Winger,20,1.2
Eerste Divisie,2023,8817,Ajax Amsterdam U21,672647,Rico Speksnijder,Right Winger,19,0.2
Eerste Divisie,2023,8817,Ajax Amsterdam U21,705831,Yoram Boerhout,Right Winger,19,0.2
Eerste Divisie,2023,8817,Ajax Amsterdam U21,720799,Julian Rijkhoff,Centre-Forward,19,1.5
Eerste Divisie,2023,9715,PSV Eindhoven U21,333640,Joël Drommel,Goalkeeper,27,2.5
Eerste Divisie,2023,9715,PSV Eindhoven U21,654919,Kjell Peersman,Goalkeeper,20,0.3
Eerste Divisie,2023,9715,PSV Eindhoven U21,723005,Niek Schiks,Goalkeeper,20,0.25
Eerste Divisie,2023,9715,PSV Eindhoven U21,729011,Roy Steur,Goalkeeper,19,0.175
Eerste Divisie,2023,9715,PSV Eindhoven U21,720805,Tijn Smolenaars,Goalkeeper,19,0.075
Eerste Divisie,2023,9715,PSV Eindhoven U21,467563,Armel Bella-Kotchap,Centre-Back,22,12.0
Eerste Divisie,2023,9715,PSV Eindhoven U21,581669,CJ Egan-Riley,Centre-Back,21,1.5
Eerste Divisie,2023,9715,PSV Eindhoven U21,738481,Emmanuel van de Blaak,Centre-Back,19,0.45
Eerste Divisie,2023,9715,PSV Eindhoven U21,765027,Muhlis Dağaşan,Centre-Back,19,0.175
Eerste Divisie,2023,9715,PSV Eindhoven U21,539665,Fredrik Oppegård,Left-Back,21,0.6
Eerste Divisie,2023,9715,PSV Eindhoven U21,575993,Koen Jansen,Left-Back,20,0.35
Eerste Divisie,2023,9715,PSV Eindhoven U21,654918,Matteo Dams,Left-Back,20,0.35
Eerste Divisie,2023,9715,PSV Eindhoven U21,775982,Renzo Tytens,Left-Back,19,0.15
Eerste Divisie,2023,9715,PSV Eindhoven U21,646674,Yaël Gil y Muiños,Left-Back,20,0.125
Eerste Divisie,2023,9715,PSV Eindhoven U21,412937,Shurandy Sambo,Right-Back,22,2.0
Eerste Divisie,2023,9715,PSV Eindhoven U21,738478,Jason van Duiven,Right-Back,19,1.0
Eerste Divisie,2023,9715,PSV Eindhoven U21,575367,Richard Ledezma,Right-Back,23,0.9
Eerste Divisie,2023,9715,PSV Eindhoven U21,626764,Livano Comenencia,Right-Back,20,0.8
Eerste Divisie,2023,9715,PSV Eindhoven U21,738518,Bram Rovers,Right-Back,19,0.175
Eerste Divisie,2023,9715,PSV Eindhoven U21,775979,Reda El Meliani,Right-Back,19,0.125
Eerste Divisie,2023,9715,PSV Eindhoven U21,816974,Tygo Land,Defensive Midfield,18,3.0
Eerste Divisie,2023,9715,PSV Eindhoven U21,910493,Enzo Geerts,Defensive Midfield,19,0.2
Eerste Divisie,2023,9715,PSV Eindhoven U21,617754,Mylian Jiménez,Central Midfield,21,0.3
Eerste Divisie,2023,9715,PSV Eindhoven U21,775980,Tim van den Heuvel,Central Midfield,19,0.25
Eerste Divisie,2023,9715,PSV Eindhoven U21,467437,Malik Tillman,Attacking Midfield,22,20.0
Eerste Divisie,2023,9715,PSV Eindhoven U21,813437,Isaac Babadi,Attacking Midfield,19,6.0
Eerste Divisie,2023,9715,PSV Eindhoven U21,640565,Mohamed Nassoh,Attacking Midfield,21,0.7
Eerste Divisie,2023,9715,PSV Eindhoven U21,579756,Simon Colyn,Attacking Midfield,22,0.6
Eerste Divisie,2023,9715,PSV Eindhoven U21,1019468,Dantaye Gilbert,Attacking Midfield,19,0.25
Eerste Divisie,2023,9715,PSV Eindhoven U21,646673,Iggy Houben,Attacking Midfield,19,0.225
Eerste Divisie,2023,9715,PSV Eindhoven U21,594273,Jeremy Antonisse,Left Winger,22,0.5
Eerste Divisie,2023,9715,PSV Eindhoven U21,775978,Emir Bars,Left Winger,19,0.325
Eerste Divisie,2023,9715,PSV Eindhoven U21,646669,Jamal Gonzaga,Left Winger,19,0.15
Eerste Divisie,2023,9715,PSV Eindhoven U21,738492,Jevon Simons,Right Winger,18,0.6
Eerste Divisie,2023,9715,PSV Eindhoven U21,864118,Julian Kwaaitaal,Right Winger,19,0.25
Eerste Divisie,2023,9715,PSV Eindhoven U21,921345,Tay Abed,Right Winger,19,0.25
Eerste Divisie,2023,9715,PSV Eindhoven U21,627207,Ricardo Pepi,Centre-Forward,21,12.0
Eerste Divisie,2023,9715,PSV Eindhoven U21,746988,Jesper Uneken,Centre-Forward,19,0.5
Eerste Divisie,2023,11368,AZ Alkmaar U21,704772,Rome-Jayden Owusu-Oduro,Goalkeeper,19,0.9
Eerste Divisie,2023,11368,AZ Alkmaar U21,116471,Hobie Verhulst,Goalkeeper,31,0.4
Eerste Divisie,2023,11368,AZ Alkmaar U21,595935,Sem Westerveld,Goalkeeper,21,0.4
Eerste Divisie,2023,11368,AZ Alkmaar U21,738514,Tristan Kuijsten,Goalkeeper,19,0.3
Eerste Divisie,2023,11368,AZ Alkmaar U21,635371,Daniël Deen,Goalkeeper,21,0.15
Eerste Divisie,2023,11368,AZ Alkmaar U21,820331,Arouna Kabba,Goalkeeper,19,0.05
Eerste Divisie,2023,11368,AZ Alkmaar U21,646707,Wouter Goes,Centre-Back,20,5.0
Eerste Divisie,2023,11368,AZ Alkmaar U21,479643,Alexandre Penetra,Centre-Back,22,4.5
Eerste Divisie,2023,11368,AZ Alkmaar U21,646704,Maxim Dekker,Centre-Back,20,0.8
Eerste Divisie,2023,11368,AZ Alkmaar U21,801031,Lewis Schouten,Centre-Back,20,0.6
Eerste Divisie,2023,11368,AZ Alkmaar U21,665541,Finn Stam,Centre-Back,21,0.3
Eerste Divisie,2023,11368,AZ Alkmaar U21,595936,Misha Engel,Centre-Back,21,0.25
Eerste Divisie,2023,11368,AZ Alkmaar U21,595937,Jorn Berkhout,Centre-Back,22,0.2
Eerste Divisie,2023,11368,AZ Alkmaar U21,929132,Jeremiah Esajas,Left-Back,19,0.15
Eerste Divisie,2023,11368,AZ Alkmaar U21,747018,Jesse Buurmeester,Left-Back,20,0.05
Eerste Divisie,2023,11368,AZ Alkmaar U21,577394,Denso Kasius,Right-Back,21,2.0
Eerste Divisie,2023,11368,AZ Alkmaar U21,726721,Gonçalo Esteves,Right-Back,20,1.3
Eerste Divisie,2023,11368,AZ Alkmaar U21,653510,Jurre van Aken,Right-Back,21,0.325
Eerste Divisie,2023,11368,AZ Alkmaar U21,646705,Sem Dekkers,Right-Back,20,0.3
Eerste Divisie,2023,11368,AZ Alkmaar U21,801029,Enoch Mastoras,Defensive Midfield,18,0.5
Eerste Divisie,2023,11368,AZ Alkmaar U21,559336,Loek Postma,Defensive Midfield,21,0.25
Eerste Divisie,2023,11368,AZ Alkmaar U21,702447,Nick Twisk,Defensive Midfield,21,0.15
Eerste Divisie,2023,11368,AZ Alkmaar U21,675623,Job Kalisvaart,Defensive Midfield,20,0.1
Eerste Divisie,2023,11368,AZ Alkmaar U21,412943,Kenzo Goudmijn,Central Midfield,22,1.8
Eerste Divisie,2023,11368,AZ Alkmaar U21,747017,Dave Kwakman,Central Midfield,19,0.7
Eerste Divisie,2023,11368,AZ Alkmaar U21,859035,Kees Smit,Attacking Midfield,18,0.8
Eerste Divisie,2023,11368,AZ Alkmaar U21,745299,Tom Kerssens,Attacking Midfield,20,0.2
Eerste Divisie,2023,11368,AZ Alkmaar U21,735701,Ruben van Bommel,Left Winger,19,5.0
Eerste Divisie,2023,11368,AZ Alkmaar U21,650712,Myron van Brederode,Left Winger,20,3.5
Eerste Divisie,2023,11368,AZ Alkmaar U21,800995,Ro-Zangelo Daal,Left Winger,20,0.5
Eerste Divisie,2023,11368,AZ Alkmaar U21,470715,Joshua Pynadath,Left Winger,22,0.05
Eerste Divisie,2023,11368,AZ Alkmaar U21,718303,Ernest Poku,Right Winger,20,1.3
Eerste Divisie,2023,11368,AZ Alkmaar U21,747720,Jayden Addai,Right Winger,18,1.0
Eerste Divisie,2023,11368,AZ Alkmaar U21,515396,Iman Griffith,Right Winger,22,0.4
Eerste Divisie,2023,11368,AZ Alkmaar U21,577396,Ricuenio Kewal,Right Winger,22,0.4
Eerste Divisie,2023,11368,AZ Alkmaar U21,727211,Jayen Gerold,Right Winger,20,0.1
Eerste Divisie,2023,11368,AZ Alkmaar U21,728864,Lequincio Zeefuik,Centre-Forward,19,1.0
Eerste Divisie,2023,11368,AZ Alkmaar U21,566271,Yusuf Barası,Centre-Forward,21,0.95
Eerste Divisie,2023,11368,AZ Alkmaar U21,678546,Mexx Meerdink,Centre-Forward,20,0.9
Eerste Divisie,2023,11368,AZ Alkmaar U21,675622,Damienus Reverson,Centre-Forward,20,0.2
Eerste Divisie,2023,11368,AZ Alkmaar U21,704077,Nick Koster,Centre-Forward,21,0.2
Eerste Divisie,2023,202,FC Groningen,288259,Michael Verrips,Goalkeeper,27,0.65
Eerste Divisie,2023,202,FC Groningen,215551,Hidde Jurjus,Goalkeeper,30,0.5
Eerste Divisie,2023,202,FC Groningen,704252,Jasper Meijster,Goalkeeper,19,0.025
Eerste Divisie,2023,202,FC Groningen,747635,Dirk Baron,Goalkeeper,21,0.025
Eerste Divisie,2023,202,FC Groningen,719209,Thijmen Blokzijl,Centre-Back,19,0.9
Eerste Divisie,2023,202,FC Groningen,458405,Radinio Balker,Centre-Back,25,0.8
Eerste Divisie,2023,202,FC Groningen,125769,Marvin Peersman,Centre-Back,33,0.35
Eerste Divisie,2023,202,FC Groningen,210921,Nick Bakker,Centre-Back,31,0.2
Eerste Divisie,2023,202,FC Groningen,412933,Liam van Gelderen,Centre-Back,23,0.2
Eerste Divisie,2023,202,FC Groningen,420215,Nordin Musampa,Centre-Back,22,0.15
Eerste Divisie,2023,202,FC Groningen,664809,Isak Dybvik Määttä,Left-Back,22,0.45
Eerste Divisie,2023,202,FC Groningen,671734,Wouter Prins,Left-Back,20,0.325
Eerste Divisie,2023,202,FC Groningen,237244,Marco Rente,Right-Back,27,0.75
Eerste Divisie,2023,202,FC Groningen,671735,Jorg Schreuders,Right-Back,19,0.65
Eerste Divisie,2023,202,FC Groningen,670779,Daniël Beukers,Right-Back,20,0.1
Eerste Divisie,2023,202,FC Groningen,258513,Laros Duarte,Defensive Midfield,27,0.9
Eerste Divisie,2023,202,FC Groningen,187293,Joey Pelupessy,Defensive Midfield,31,0.3
Eerste Divisie,2023,202,FC Groningen,418557,Johan Hove,Central Midfield,23,1.3
Eerste Divisie,2023,202,FC Groningen,126014,Leandro Bacuna,Central Midfield,32,0.4
Eerste Divisie,2023,202,FC Groningen,653725,Tika de Jonge,Central Midfield,21,0.1
Eerste Divisie,2023,202,FC Groningen,540333,Tomas Suslov,Attacking Midfield,22,7.0
Eerste Divisie,2023,202,FC Groningen,601495,Luciano Valente,Attacking Midfield,20,0.85
Eerste Divisie,2023,202,FC Groningen,671738,Thom van Bergen,Attacking Midfield,20,0.65
Eerste Divisie,2023,202,FC Groningen,369653,Daleho Irandust,Attacking Midfield,26,0.5
Eerste Divisie,2023,202,FC Groningen,410854,Ragnar Oratmangoen,Left Winger,26,0.45
Eerste Divisie,2023,202,FC Groningen,557611,Noam Emeran,Left Winger,21,0.25
Eerste Divisie,2023,202,FC Groningen,671736,Fofin Turay,Left Winger,20,0.15
Eerste Divisie,2023,202,FC Groningen,513332,Kian Slor,Left Winger,22,0.1
Eerste Divisie,2023,202,FC Groningen,387996,Rui Mendes,Right Winger,24,0.6
Eerste Divisie,2023,202,FC Groningen,579289,Paulos Abraham,Centre-Forward,21,1.2
Eerste Divisie,2023,202,FC Groningen,513330,Romano Postema,Centre-Forward,22,0.75
Eerste Divisie,2023,202,FC Groningen,159894,Kevin van Veen,Centre-Forward,33,0.4
Eerste Divisie,2023,202,FC Groningen,667378,Kristian Strømland Lien,Centre-Forward,22,0.25
Eerste Divisie,2023,132,NAC Breda,195546,Roy Kortsmit,Goalkeeper,31,0.35
Eerste Divisie,2023,132,NAC Breda,601262,Pepijn van de Merbel,Goalkeeper,22,0.25
Eerste Divisie,2023,132,NAC Breda,554530,Tein Troost,Goalkeeper,22,0.25
Eerste Divisie,2023,132,NAC Breda,559331,Aron van Lare,Goalkeeper,21,0.025
Eerste Divisie,2023,132,NAC Breda,334495,Jan Van den Bergh,Centre-Back,29,0.55
Eerste Divisie,2023,132,NAC Breda,823992,Rowan Besselink,Centre-Back,19,0.3
Eerste Divisie,2023,132,NAC Breda,271816,Victor Wernersson,Centre-Back,28,0.25
Eerste Divisie,2023,132,NAC Breda,91251,Cuco Martina,Centre-Back,34,0.2
Eerste Divisie,2023,132,NAC Breda,665300,Kaj van der Veldt,Centre-Back,21,0.025
Eerste Divisie,2023,132,NAC Breda,428502,Boy Kemper,Left-Back,25,0.5
Eerste Divisie,2023,132,NAC Breda,351216,Manel Royo,Left-Back,30,0.35
Eerste Divisie,2023,132,NAC Breda,406091,Boyd Lucassen,Right-Back,25,0.45
Eerste Divisie,2023,132,NAC Breda,382204,Martin Koscelník,Right-Back,29,0.45
Eerste Divisie,2023,132,NAC Breda,823995,Stef de Wijs,Right-Back,21,0.025
Eerste Divisie,2023,132,NAC Breda,596158,Casper Staring,Defensive Midfield,23,0.4
Eerste Divisie,2023,132,NAC Breda,218233,Fredrik Oldrup Jensen,Defensive Midfield,31,0.325
Eerste Divisie,2023,132,NAC Breda,274640,Javier Vet,Defensive Midfield,30,0.225
Eerste Divisie,2023,132,NAC Breda,250464,Clint Leemans,Central Midfield,28,0.7
Eerste Divisie,2023,132,NAC Breda,617019,Matthew Garbett,Central Midfield,22,0.45
Eerste Divisie,2023,132,NAC Breda,587289,Sabir Agougil,Central Midfield,22,0.25
Eerste Divisie,2023,132,NAC Breda,579298,Adam Kaied,Central Midfield,22,0.15
Eerste Divisie,2023,132,NAC Breda,824000,Lars Mol,Central Midfield,19,0.025
Eerste Divisie,2023,132,NAC Breda,746972,Aïmane Jaddi,Central Midfield,20,0.025
Eerste Divisie,2023,132,NAC Breda,568373,Aimé Omgba,Attacking Midfield,21,1.5
Eerste Divisie,2023,132,NAC Breda,522993,Dominik Janosek,Attacking Midfield,26,1.0
Eerste Divisie,2023,132,NAC Breda,595774,Boris van Schuppen,Attacking Midfield,22,0.15
Eerste Divisie,2023,132,NAC Breda,396003,Thomas Marijnissen,Left Winger,25,0.1
Eerste Divisie,2023,132,NAC Breda,593411,Patriot Sejdiu,Right Winger,24,0.6
Eerste Divisie,2023,132,NAC Breda,469082,Roy Kuijpers,Right Winger,24,0.375
Eerste Divisie,2023,132,NAC Breda,386541,Sigurd Haugen,Centre-Forward,26,0.7
Eerste Divisie,2023,132,NAC Breda,330909,Jort van der Sande,Centre-Forward,28,0.55
Eerste Divisie,2023,132,NAC Breda,205655,Elías Már Ómarsson,Centre-Forward,29,0.5
Eerste Divisie,2023,132,NAC Breda,124863,Tom Boere,Centre-Forward,31,0.325
Eerste Divisie,2023,132,NAC Breda,727773,Mostapha Rached,Centre-Forward,19,0.05
Eerste Divisie,2023,1455,FC Dordrecht,335997,Luca Plogmann,Goalkeeper,24,0.5
Eerste Divisie,2023,1455,FC Dordrecht,461963,Celton Biai,Goalkeeper,23,0.5
Eerste Divisie,2023,1455,FC Dordrecht,390814,Trevor Doornbusch,Goalkeeper,24,0.1
Eerste Divisie,2023,1455,FC Dordrecht,1026477,Tijn Baltussen,Goalkeeper,19,0.025
Eerste Divisie,2023,1455,FC Dordrecht,578421,Ruben Kluivert,Centre-Back,23,0.6
Eerste Divisie,2023,1455,FC Dordrecht,497176,Jop van der Avert,Centre-Back,24,0.4
Eerste Divisie,2023,1455,FC Dordrecht,685445,Bartłomiej Smolarczyk,Centre-Back,20,0.2
Eerste Divisie,2023,1455,FC Dordrecht,1183403,Rogier van Gogh,Centre-Back,19,0.025
Eerste Divisie,2023,1455,FC Dordrecht,469851,John Hilton,Left-Back,23,0.45
Eerste Divisie,2023,1455,FC Dordrecht,277112,Elso Brito,Left-Back,30,0.2
Eerste Divisie,2023,1455,FC Dordrecht,313097,Léo Seydoux,Right-Back,26,0.4
Eerste Divisie,2023,1455,FC Dordrecht,491292,Ilias Bronkhorst,Right-Back,27,0.35
Eerste Divisie,2023,1455,FC Dordrecht,361086,Abdallah Aberkane,Right-Back,24,0.2
Eerste Divisie,2023,1455,FC Dordrecht,503858,Antef Tsoungui,Defensive Midfield,21,0.8
Eerste Divisie,2023,1455,FC Dordrecht,189650,Tim Receveur,Defensive Midfield,32,0.15
Eerste Divisie,2023,1455,FC Dordrecht,942960,Daniel van Vianen,Defensive Midfield,21,0.075
Eerste Divisie,2023,1455,FC Dordrecht,488296,Rocco Shein,Central Midfield,20,0.45
Eerste Divisie,2023,1455,FC Dordrecht,454569,Benjamin Reemst,Central Midfield,24,0.1
Eerste Divisie,2023,1455,FC Dordrecht,595247,Shiloh 't Zand,Attacking Midfield,21,1.5
Eerste Divisie,2023,1455,FC Dordrecht,264857,Jari Schuurman,Attacking Midfield,27,0.55
Eerste Divisie,2023,1455,FC Dordrecht,422760,Mathis Suray,Left Winger,22,0.8
Eerste Divisie,2023,1455,FC Dordrecht,852953,Ilias Sebaoui,Left Winger,22,0.8
Eerste Divisie,2023,1455,FC Dordrecht,502289,Dylan Mbayo,Right Winger,22,0.5
Eerste Divisie,2023,1455,FC Dordrecht,867760,Adrian Segečić,Right Winger,20,0.4
Eerste Divisie,2023,1455,FC Dordrecht,975138,Korede Osundina,Right Winger,20,0.35
Eerste Divisie,2023,1455,FC Dordrecht,800272,Boubakar Camara,Right Winger,23,0.15
Eerste Divisie,2023,1455,FC Dordrecht,540653,Malhory Noc,Right Winger,26,0.125
Eerste Divisie,2023,1455,FC Dordrecht,354058,Rene Kriwak,Centre-Forward,25,0.5
Eerste Divisie,2023,1455,FC Dordrecht,514280,Pepijn Doesburg,Centre-Forward,23,0.225
Eerste Divisie,2023,1455,FC Dordrecht,1021309,Joey de Bie,Centre-Forward,20,0.1
Eerste Divisie,2023,1455,FC Dordrecht,931019,Jeffrey Owusu,Centre-Forward,18,0.05
Eerste Divisie,2023,192,Roda JC Kerkrade,485588,Calvin Raatsie,Goalkeeper,22,0.4
Eerste Divisie,2023,192,Roda JC Kerkrade,335027,Koen Bucker,Goalkeeper,28,0.35
Eerste Divisie,2023,192,Roda JC Kerkrade,342012,Rody de Boer,Goalkeeper,26,0.2
Eerste Divisie,2023,192,Roda JC Kerkrade,417671,Loek Hamers,Goalkeeper,24,0.05
Eerste Divisie,2023,192,Roda JC Kerkrade,976481,Jordy Steins,Goalkeeper,18,0.025
Eerste Divisie,2023,192,Roda JC Kerkrade,570597,Matisse Didden,Centre-Back,22,0.7
Eerste Divisie,2023,192,Roda JC Kerkrade,251975,Brian Koglin,Centre-Back,27,0.425
Eerste Divisie,2023,192,Roda JC Kerkrade,47740,Nils Röseler,Centre-Back,32,0.2
Eerste Divisie,2023,192,Roda JC Kerkrade,324111,Teun Bijleveld,Left-Back,26,0.45
Eerste Divisie,2023,192,Roda JC Kerkrade,879631,Laurit Krasniqi,Left-Back,22,0.15
Eerste Divisie,2023,192,Roda JC Kerkrade,393240,Boyd Reith,Right-Back,25,0.6
Eerste Divisie,2023,192,Roda JC Kerkrade,452054,Joey Müller,Defensive Midfield,23,0.45
Eerste Divisie,2023,192,Roda JC Kerkrade,355685,Orhan Džepar,Defensive Midfield,28,0.35
Eerste Divisie,2023,192,Roda JC Kerkrade,548228,Lucas Beerten,Defensive Midfield,21,0.275
Eerste Divisie,2023,192,Roda JC Kerkrade,264748,Rodney Kongolo,Central Midfield,26,0.5
Eerste Divisie,2023,192,Roda JC Kerkrade,673344,Wesley Spieringhs,Central Midfield,22,0.4
Eerste Divisie,2023,192,Roda JC Kerkrade,123140,Niek Vossebelt,Central Midfield,32,0.1
Eerste Divisie,2023,192,Roda JC Kerkrade,730816,Fabio Sposito,Central Midfield,22,0.05
Eerste Divisie,2023,192,Roda JC Kerkrade,597104,Walid Ould-Chikh,Attacking Midfield,24,0.8
Eerste Divisie,2023,192,Roda JC Kerkrade,336325,Enrique Peña Zauner,Left Winger,24,0.75
Eerste Divisie,2023,192,Roda JC Kerkrade,292805,Lennerd Daneels,Left Winger,26,0.325
Eerste Divisie,2023,192,Roda JC Kerkrade,747016,Sami Ouaissa,Right Winger,19,0.7
Eerste Divisie,2023,192,Roda JC Kerkrade,462087,Arjen van der Heide,Right Winger,22,0.5
Eerste Divisie,2023,192,Roda JC Kerkrade,608621,Leroy Been,Right Winger,21,0.05
Eerste Divisie,2023,192,Roda JC Kerkrade,629777,Vaclav Sejk,Centre-Forward,22,0.6
Eerste Divisie,2023,192,Roda JC Kerkrade,573978,Maximilian Schmid,Centre-Forward,21,0.5
Eerste Divisie,2023,192,Roda JC Kerkrade,395519,Metehan Güclü,Centre-Forward,25,0.225
Eerste Divisie,2023,192,Roda JC Kerkrade,52117,Marvin Pourié,Centre-Forward,33,0.2
Eerste Divisie,2023,192,Roda JC Kerkrade,687267,Saydou Bangura,Centre-Forward,21,0.15
Eerste Divisie,2023,192,Roda JC Kerkrade,682121,Sam Krawczyk,Centre-Forward,21,0.05
Eerste Divisie,2023,403,Willem II Tilburg,190687,Joshua Smits,Goalkeeper,31,0.45
Eerste Divisie,2023,403,Willem II Tilburg,477476,Connor van den Berg,Goalkeeper,23,0.05
Eerste Divisie,2023,403,Willem II Tilburg,692286,Maarten Schut,Goalkeeper,20,0.025
Eerste Divisie,2023,403,Willem II Tilburg,321095,Raffael Behounek,Centre-Back,27,0.7
Eerste Divisie,2023,403,Willem II Tilburg,458734,Tommy St. Jago,Centre-Back,24,0.7
Eerste Divisie,2023,403,Willem II Tilburg,79194,Erik Schouten,Centre-Back,32,0.3
Eerste Divisie,2023,403,Willem II Tilburg,88074,Freek Heerkens,Centre-Back,34,0.125
Eerste Divisie,2023,403,Willem II Tilburg,494170,Rúnar Thór Sigurgeirsson,Left-Back,24,0.45
Eerste Divisie,2023,403,Willem II Tilburg,496871,Rob Nizet,Left-Back,22,0.4
Eerste Divisie,2023,403,Willem II Tilburg,619780,Niels van Berkel,Left-Back,22,0.35
Eerste Divisie,2023,403,Willem II Tilburg,540928,Valentino Vermeulen,Right-Back,22,0.25
Eerste Divisie,2023,403,Willem II Tilburg,292817,Matthias Verreth,Defensive Midfield,26,0.7
Eerste Divisie,2023,403,Willem II Tilburg,524043,Jesse Bosch,Defensive Midfield,24,0.65
Eerste Divisie,2023,403,Willem II Tilburg,928330,Amine Lachkar,Defensive Midfield,21,0.3
Eerste Divisie,2023,403,Willem II Tilburg,577455,Ringo Meerveld,Attacking Midfield,21,1.3
Eerste Divisie,2023,403,Willem II Tilburg,441216,Thijs Oosting,Attacking Midfield,24,0.7
Eerste Divisie,2023,403,Willem II Tilburg,485592,Max de Waal,Attacking Midfield,22,0.25
Eerste Divisie,2023,403,Willem II Tilburg,594035,Dani Mathieu,Attacking Midfield,23,0.1
Eerste Divisie,2023,403,Willem II Tilburg,367981,Max Svensson,Left Winger,26,0.4
Eerste Divisie,2023,403,Willem II Tilburg,317593,Patrick Joosten,Left Winger,28,0.325
Eerste Divisie,2023,403,Willem II Tilburg,159375,Joeri Schroijen,Left Winger,33,0.15
Eerste Divisie,2023,403,Willem II Tilburg,288233,Nick Doodeman,Right Winger,27,0.5
Eerste Divisie,2023,403,Willem II Tilburg,892531,Khaled Razak,Right Winger,18,0.2
Eerste Divisie,2023,403,Willem II Tilburg,400644,Jeredy Hilterman,Centre-Forward,26,0.7
Eerste Divisie,2023,403,Willem II Tilburg,56490,Jeremy Bokila,Centre-Forward,35,0.125
Eerste Divisie,2023,403,Willem II Tilburg,110906,Michael de Leeuw,Centre-Forward,37,0.075
Eerste Divisie,2023,133,SC Cambuur Leeuwarden,258362,Yanick van Osch,Goalkeeper,27,0.45
Eerste Divisie,2023,133,SC Cambuur Leeuwarden,412946,Daan Reiziger,Goalkeeper,23,0.15
Eerste Divisie,2023,133,SC Cambuur Leeuwarden,667902,Brett Minnema,Goalkeeper,22,0.05
Eerste Divisie,2023,133,SC Cambuur Leeuwarden,371461,Marco Tol,Centre-Back,26,0.45
Eerste Divisie,2023,133,SC Cambuur Leeuwarden,899710,Floris Smand,Centre-Back,21,0.4
Eerste Divisie,2023,133,SC Cambuur Leeuwarden,228478,Leon Bergsma,Centre-Back,27,0.35
Eerste Divisie,2023,133,SC Cambuur Leeuwarden,45543,Vito Wormgoor,Centre-Back,35,0.075
Eerste Divisie,2023,133,SC Cambuur Leeuwarden,513328,Milan de Koe,Centre-Back,22,0.025
Eerste Divisie,2023,133,SC Cambuur Leeuwarden,435821,Alex Bangura,Left-Back,24,1.0
Eerste Divisie,2023,133,SC Cambuur Leeuwarden,480457,Thomas Poll,Left-Back,22,0.325
Eerste Divisie,2023,133,SC Cambuur Leeuwarden,587333,Sekou Sylla,Left-Back,25,0.25
Eerste Divisie,2023,133,SC Cambuur Leeuwarden,774996,Myles Veldman,Left-Back,20,0.025
Eerste Divisie,2023,133,SC Cambuur Leeuwarden,648541,Gabi Caschili,Right-Back,20,0.4
Eerste Divisie,2023,133,SC Cambuur Leeuwarden,666526,Sturla Ottesen,Right-Back,23,0.4
Eerste Divisie,2023,133,SC Cambuur Leeuwarden,1149884,Wiebe Kooistra,Right-Back,17,0.3
Eerste Divisie,2023,133,SC Cambuur Leeuwarden,913289,Tyrique Mercera,Right-Back,20,0.1
Eerste Divisie,2023,133,SC Cambuur Leeuwarden,766810,Jhondly van der Meer,Right-Back,22,0.1
Eerste Divisie,2023,133,SC Cambuur Leeuwarden,377720,Daniël van Kaam,Defensive Midfield,24,0.55
Eerste Divisie,2023,133,SC Cambuur Leeuwarden,424330,Jeremy van Mullem,Defensive Midfield,25,0.3
Eerste Divisie,2023,133,SC Cambuur Leeuwarden,720056,Marcel Schaapman,Defensive Midfield,22,0.05
Eerste Divisie,2023,133,SC Cambuur Leeuwarden,766807,Vincent Pichel,Central Midfield,22,0.025
Eerste Divisie,2023,133,SC Cambuur Leeuwarden,559335,Fedde de Jong,Attacking Midfield,21,0.6
Eerste Divisie,2023,133,SC Cambuur Leeuwarden,963510,Matthias Nartey,Attacking Midfield,19,0.125
Eerste Divisie,2023,133,SC Cambuur Leeuwarden,860812,Agustín Anello,Left Winger,22,0.45
Eerste Divisie,2023,133,SC Cambuur Leeuwarden,1087336,Yoram van der Veen,Left Winger,19,0.05
Eerste Divisie,2023,133,SC Cambuur Leeuwarden,258511,Michael Breij,Right Winger,27,0.6
Eerste Divisie,2023,133,SC Cambuur Leeuwarden,412940,Remco Balk,Right Winger,23,0.5
Eerste Divisie,2023,133,SC Cambuur Leeuwarden,386164,Silvester van der Water,Right Winger,27,0.45
Eerste Divisie,2023,133,SC Cambuur Leeuwarden,667626,Youns El Hilali,Second Striker,21,0.2
Eerste Divisie,2023,133,SC Cambuur Leeuwarden,703772,Milan Smit,Centre-Forward,21,0.75
Eerste Divisie,2023,133,SC Cambuur Leeuwarden,342152,Roberts Uldrikis,Centre-Forward,26,0.6
Eerste Divisie,2023,17596,FC Utrecht U21,205128,Mattijs Branderhorst,Goalkeeper,30,0.6
Eerste Divisie,2023,17596,FC Utrecht U21,485588,Calvin Raatsie,Goalkeeper,22,0.4
Eerste Divisie,2023,17596,FC Utrecht U21,607133,Kevin Gadellaa,Goalkeeper,21,0.2
Eerste Divisie,2023,17596,FC Utrecht U21,802540,Andreas Dithmer,Goalkeeper,18,0.2
Eerste Divisie,2023,17596,FC Utrecht U21,315235,Thijmen Nijhuis,Goalkeeper,25,0.15
Eerste Divisie,2023,17596,FC Utrecht U21,591878,Devin Remie,Goalkeeper,21,0.05
Eerste Divisie,2023,17596,FC Utrecht U21,742719,Sep van der Heijden,Goalkeeper,19,0.025
Eerste Divisie,2023,17596,FC Utrecht U21,691975,Joshua Mukeh,Centre-Back,21,0.35
Eerste Divisie,2023,17596,FC Utrecht U21,931018,Wessel Kooy,Centre-Back,19,0.35
Eerste Divisie,2023,17596,FC Utrecht U21,682562,Björn Hardley,Centre-Back,21,0.15
Eerste Divisie,2023,17596,FC Utrecht U21,765467,Jozhua Vertrouwd,Centre-Back,19,0.15
Eerste Divisie,2023,17596,FC Utrecht U21,775244,Neal Viereck,Centre-Back,20,0.15
Eerste Divisie,2023,17596,FC Utrecht U21,670824,Michel Driezen,Centre-Back,20,0.1
Eerste Divisie,2023,17596,FC Utrecht U21,937571,Per Kloosterboer,Centre-Back,19,0.05
Eerste Divisie,2023,17596,FC Utrecht U21,541020,Yannick Leliendal,Left-Back,22,0.5
Eerste Divisie,2023,17596,FC Utrecht U21,940072,Nazjir Held,Left-Back,18,0.4
Eerste Divisie,2023,17596,FC Utrecht U21,613449,Rickson van Hees,Right-Back,22,0.25
Eerste Divisie,2023,17596,FC Utrecht U21,703658,Joshua Rawlins,Right-Back,20,0.25
Eerste Divisie,2023,17596,FC Utrecht U21,931021,Sil van der Wegen,Right-Back,19,0.25
Eerste Divisie,2023,17596,FC Utrecht U21,653729,Achraf Boumenjal,Right-Back,21,0.125
Eerste Divisie,2023,17596,FC Utrecht U21,559325,Gibson Yah,Defensive Midfield,20,0.4
Eerste Divisie,2023,17596,FC Utrecht U21,685657,Silas Andersen,Defensive Midfield,20,0.4
Eerste Divisie,2023,17596,FC Utrecht U21,940095,Nordin Bukala,Defensive Midfield,18,0.1
Eerste Divisie,2023,17596,FC Utrecht U21,686845,Zidane Iqbal,Central Midfield,21,1.0
Eerste Divisie,2023,17596,FC Utrecht U21,656796,Ivar Jenner,Central Midfield,20,0.35
Eerste Divisie,2023,17596,FC Utrecht U21,804773,Olivier van Eldik,Central Midfield,20,0.2
Eerste Divisie,2023,17596,FC Utrecht U21,738479,Rafik El Arguioui,Attacking Midfield,18,0.2
Eerste Divisie,2023,17596,FC Utrecht U21,875581,Adrian Blake,Left Winger,18,0.5
Eerste Divisie,2023,17596,FC Utrecht U21,775994,Lynden Edhart,Left Winger,18,0.3
Eerste Divisie,2023,17596,FC Utrecht U21,894415,Tobias Augustinus-Jensen,Left Winger,19,0.225
Eerste Divisie,2023,17596,FC Utrecht U21,926975,Emil Rohd,Right Winger,19,0.2
Eerste Divisie,2023,17596,FC Utrecht U21,654902,Aurelio Oehlers,Right Winger,20,0.15
Eerste Divisie,2023,17596,FC Utrecht U21,814835,Mees Akkerman,Right Winger,19,0.15
Eerste Divisie,2023,17596,FC Utrecht U21,565434,Anthony Descotte,Centre-Forward,20,0.5
Eerste Divisie,2023,17596,FC Utrecht U21,667007,Mees Rijks,Centre-Forward,21,0.35
Eerste Divisie,2023,17596,FC Utrecht U21,930983,Jesse van de Haar,Centre-Forward,19,0.325
Eerste Divisie,2023,1268,ADO Den Haag,548934,Hugo Wentges,Goalkeeper,22,0.4
Eerste Divisie,2023,1268,ADO Den Haag,559319,Kilian Nikièma,Goalkeeper,21,0.3
Eerste Divisie,2023,1268,ADO Den Haag,158104,Nick Marsman,Goalkeeper,33,0.25
Eerste Divisie,2023,1268,ADO Den Haag,119061,Tim Coremans,Goalkeeper,33,0.1
Eerste Divisie,2023,1268,ADO Den Haag,701509,David van de Riet,Goalkeeper,22,0.025
Eerste Divisie,2023,1268,ADO Den Haag,719382,Matteo Waem,Centre-Back,24,0.65
Eerste Divisie,2023,1268,ADO Den Haag,811805,Tyrese Asante,Centre-Back,22,0.45
Eerste Divisie,2023,1268,ADO Den Haag,710999,Silvinho Esajas,Centre-Back,21,0.3
Eerste Divisie,2023,1268,ADO Den Haag,651785,Gylermo Siereveld,Centre-Back,22,0.3
Eerste Divisie,2023,1268,ADO Den Haag,266615,Daniel Granli,Centre-Back,30,0.275
Eerste Divisie,2023,1268,ADO Den Haag,269585,Daryl Werker,Centre-Back,30,0.175
Eerste Divisie,2023,1268,ADO Den Haag,31131,Timothy Derijck,Centre-Back,37,0.1
Eerste Divisie,2023,1268,ADO Den Haag,373977,Amir Absalem,Left-Back,27,0.35
Eerste Divisie,2023,1268,ADO Den Haag,596693,Gennaro Nigro,Left-Back,24,0.15
Eerste Divisie,2023,1268,ADO Den Haag,57328,Bart van Hintum,Left-Back,37,0.1
Eerste Divisie,2023,1268,ADO Den Haag,796429,Justin Che,Right-Back,20,0.7
Eerste Divisie,2023,1268,ADO Den Haag,515624,Henri Koudossou,Right-Back,24,0.45
Eerste Divisie,2023,1268,ADO Den Haag,278761,Kürsad Sürmeli,Defensive Midfield,28,0.3
Eerste Divisie,2023,1268,ADO Den Haag,374213,Jari Vlak,Central Midfield,25,0.65
Eerste Divisie,2023,1268,ADO Den Haag,148376,Lasse Vigen,Central Midfield,29,0.5
Eerste Divisie,2023,1268,ADO Den Haag,518304,Dhoraso Klas,Central Midfield,23,0.275
Eerste Divisie,2023,1268,ADO Den Haag,686095,Sacha Komljenovic,Central Midfield,21,0.125
Eerste Divisie,2023,1268,ADO Den Haag,928630,Finn de Bruin,Central Midfield,20,0.075
Eerste Divisie,2023,1268,ADO Den Haag,935494,Calvin Gustina,Central Midfield,19,0.05
Eerste Divisie,2023,1268,ADO Den Haag,811430,Malik Sellouki,Attacking Midfield,24,0.3
Eerste Divisie,2023,1268,ADO Den Haag,760508,Joel Ideho,Left Winger,20,0.4
Eerste Divisie,2023,1268,ADO Den Haag,272698,Mohamed Hamdaoui,Left Winger,31,0.275
Eerste Divisie,2023,1268,ADO Den Haag,111197,Jerry van Wolfgang,Left Winger,32,0.075
Eerste Divisie,2023,1268,ADO Den Haag,790420,Rafael Struick,Left Winger,21,0.075
Eerste Divisie,2023,1268,ADO Den Haag,177821,Daryl van Mieghem,Right Winger,34,0.4
Eerste Divisie,2023,1268,ADO Den Haag,330909,Jort van der Sande,Centre-Forward,28,0.55
Eerste Divisie,2023,1268,ADO Den Haag,271743,Henk Veerman,Centre-Forward,33,0.45
Eerste Divisie,2023,1268,ADO Den Haag,186228,Alex Schalk,Centre-Forward,31,0.4
Eerste Divisie,2023,1283,FC Emmen,152460,Eric Oelschlägel,Goalkeeper,28,0.35
Eerste Divisie,2023,1283,FC Emmen,409346,Jan Hoekstra,Goalkeeper,25,0.35
Eerste Divisie,2023,1283,FC Emmen,452619,Kyan van Dorp,Goalkeeper,24,0.05
Eerste Divisie,2023,1283,FC Emmen,566930,Julius Dirksen,Centre-Back,21,0.55
Eerste Divisie,2023,1283,FC Emmen,412939,Dennis Vos,Centre-Back,22,0.35
Eerste Divisie,2023,1283,FC Emmen,155806,Mike te Wierik,Centre-Back,32,0.325
Eerste Divisie,2023,1283,FC Emmen,255748,Michaël Heylen,Centre-Back,30,0.25
Eerste Divisie,2023,1283,FC Emmen,936570,Gijs Bolk,Centre-Back,19,0.025
Eerste Divisie,2023,1283,FC Emmen,124866,Lorenzo Burnet,Left-Back,33,0.15
Eerste Divisie,2023,1283,FC Emmen,315156,Robin Schouten,Right-Back,26,0.3
Eerste Divisie,2023,1283,FC Emmen,362276,Faris Hammouti,Right-Back,27,0.225
Eerste Divisie,2023,1283,FC Emmen,82332,Maikel Kieftenbeld,Defensive Midfield,34,0.175
Eerste Divisie,2023,1283,FC Emmen,536480,Lucas Bernadou,Central Midfield,23,0.65
Eerste Divisie,2023,1283,FC Emmen,374213,Jari Vlak,Central Midfield,25,0.65
Eerste Divisie,2023,1283,FC Emmen,303939,Ahmed El Messaoudi,Central Midfield,28,0.6
Eerste Divisie,2023,1283,FC Emmen,275949,Jorrit Smeets,Central Midfield,29,0.25
Eerste Divisie,2023,1283,FC Emmen,263555,Jeff Hardeveld,Left Midfield,29,0.35
Eerste Divisie,2023,1283,FC Emmen,272718,Desley Ubbink,Attacking Midfield,31,0.5
Eerste Divisie,2023,1283,FC Emmen,556870,Ben Scholte,Attacking Midfield,22,0.3
Eerste Divisie,2023,1283,FC Emmen,593824,Patrick Brouwer,Attacking Midfield,23,0.25
Eerste Divisie,2023,1283,FC Emmen,353149,DJ Buffonge,Attacking Midfield,25,0.1
Eerste Divisie,2023,1283,FC Emmen,361071,Bradly van Hoeven,Left Winger,24,0.275
Eerste Divisie,2023,1283,FC Emmen,538966,Chardi Landu,Left Winger,23,0.15
Eerste Divisie,2023,1283,FC Emmen,557411,Jasper Huijzer,Left Winger,20,0.025
Eerste Divisie,2023,1283,FC Emmen,387996,Rui Mendes,Right Winger,24,0.6
Eerste Divisie,2023,1283,FC Emmen,412954,Vicente Besuijen,Right Winger,23,0.5
Eerste Divisie,2023,1283,FC Emmen,847294,George Younan,Right Winger,20,0.025
Eerste Divisie,2023,1283,FC Emmen,155202,Piotr Parzyszek,Centre-Forward,30,0.325
Eerste Divisie,2023,1283,FC Emmen,315140,Joey Konings,Centre-Forward,26,0.325
Eerste Divisie,2023,1283,FC Emmen,583816,Maarten Pouwels,Centre-Forward,25,0.25
Eerste Divisie,2023,404,FC Den Bosch,543726,Krisztián Hegyi,Goalkeeper,21,0.45
Eerste Divisie,2023,404,FC Den Bosch,540630,Jakub Ojrzynski,Goalkeeper,21,0.2
Eerste Divisie,2023,404,FC Den Bosch,328874,Joey Roggeveen,Goalkeeper,26,0.1
Eerste Divisie,2023,404,FC Den Bosch,1013923,Lars Vrolijks,Goalkeeper,19,0.025
Eerste Divisie,2023,404,FC Den Bosch,609883,Luke Mbete,Centre-Back,20,1.0
Eerste Divisie,2023,404,FC Den Bosch,445449,Ricardo Henning,Centre-Back,23,0.325
Eerste Divisie,2023,404,FC Den Bosch,633124,Teun van Grunsven,Centre-Back,24,0.3
Eerste Divisie,2023,404,FC Den Bosch,417827,Victor van den Bogert,Centre-Back,24,0.275
Eerste Divisie,2023,404,FC Den Bosch,577462,Stan Maas,Centre-Back,23,0.2
Eerste Divisie,2023,404,FC Den Bosch,1087339,Bart Kemmeren,Centre-Back,17,0.05
Eerste Divisie,2023,404,FC Den Bosch,639974,Nick de Groot,Left-Back,22,0.3
Eerste Divisie,2023,404,FC Den Bosch,949911,Mees Laros,Left-Back,19,0.2
Eerste Divisie,2023,404,FC Den Bosch,469084,Rik Mulders,Right-Back,23,0.45
Eerste Divisie,2023,404,FC Den Bosch,362276,Faris Hammouti,Right-Back,27,0.225
Eerste Divisie,2023,404,FC Den Bosch,530891,Dennis Gyamfi,Right-Back,22,0.175
Eerste Divisie,2023,404,FC Den Bosch,562701,Sheddy Barglan,Right-Back,21,0.05
Eerste Divisie,2023,404,FC Den Bosch,228370,Gedion Zelalem,Defensive Midfield,27,0.3
Eerste Divisie,2023,404,FC Den Bosch,436583,Steven van der Heijden,Defensive Midfield,25,0.225
Eerste Divisie,2023,404,FC Den Bosch,951320,Rhino Goutier,Defensive Midfield,21,0.025
Eerste Divisie,2023,404,FC Den Bosch,559330,Salah Oulad,Central Midfield,20,0.4
Eerste Divisie,2023,404,FC Den Bosch,596180,Yuya Ikeshita,Central Midfield,22,0.225
Eerste Divisie,2023,404,FC Den Bosch,528866,Shalva Ogbaidze,Central Midfield,21,0.225
Eerste Divisie,2023,404,FC Den Bosch,430817,Anass Ahannach,Attacking Midfield,26,0.275
Eerste Divisie,2023,404,FC Den Bosch,892983,Ryan Leijten,Attacking Midfield,20,0.175
Eerste Divisie,2023,404,FC Den Bosch,99508,Danny Verbeek,Attacking Midfield,33,0.15
Eerste Divisie,2023,404,FC Den Bosch,949914,Rein van Hedel,Attacking Midfield,19,0.05
Eerste Divisie,2023,404,FC Den Bosch,1031875,Ilias Boumassaoudi,Left Winger,19,0.3
Eerste Divisie,2023,404,FC Den Bosch,697898,Vieiri Kotzebue,Left Winger,21,0.15
Eerste Divisie,2023,404,FC Den Bosch,633258,Tomas Kalinauskas,Left Winger,24,0.125
Eerste Divisie,2023,404,FC Den Bosch,682252,Sebastiaan van Bakel,Left Winger,23,0.1
Eerste Divisie,2023,404,FC Den Bosch,949924,Yannick Keijser,Left Winger,19,0.025
Eerste Divisie,2023,404,FC Den Bosch,442658,Jaron Vicario,Right Winger,24,0.45
Eerste Divisie,2023,404,FC Den Bosch,510459,Kacper Kostorz,Centre-Forward,24,0.65
Eerste Divisie,2023,642,De Graafschap Doetinchem,514287,Thijs Jansen,Goalkeeper,22,0.45
Eerste Divisie,2023,642,De Graafschap Doetinchem,436061,Mees Bakker,Goalkeeper,23,0.225
Eerste Divisie,2023,642,De Graafschap Doetinchem,587606,Ties Wieggers,Goalkeeper,21,0.025
Eerste Divisie,2023,642,De Graafschap Doetinchem,607175,Edwin Danquah,Goalkeeper,20,0.025
Eerste Divisie,2023,642,De Graafschap Doetinchem,559334,Rio Hillen,Centre-Back,21,0.5
Eerste Divisie,2023,642,De Graafschap Doetinchem,226026,Xandro Schenk,Centre-Back,31,0.4
Eerste Divisie,2023,642,De Graafschap Doetinchem,663649,Joran Hardeman,Centre-Back,22,0.3
Eerste Divisie,2023,642,De Graafschap Doetinchem,324702,Jan Lammers,Centre-Back,29,0.2
Eerste Divisie,2023,642,De Graafschap Doetinchem,805451,Maas Willemsen,Centre-Back,21,0.125
Eerste Divisie,2023,642,De Graafschap Doetinchem,746974,Levi Schoppema,Left-Back,20,0.2
Eerste Divisie,2023,642,De Graafschap Doetinchem,38003,Alexander Büttner,Left-Back,35,0.175
Eerste Divisie,2023,642,De Graafschap Doetinchem,848494,Jesper van Riel,Left-Back,19,0.05
Eerste Divisie,2023,642,De Graafschap Doetinchem,102660,Jeffry Fortes,Right-Back,35,0.175
Eerste Divisie,2023,642,De Graafschap Doetinchem,935210,Jim van der Logt,Right-Back,20,0.025
Eerste Divisie,2023,642,De Graafschap Doetinchem,900072,Philip Brittijn,Defensive Midfield,20,0.65
Eerste Divisie,2023,642,De Graafschap Doetinchem,508636,Donny Warmerdam,Defensive Midfield,22,0.5
Eerste Divisie,2023,642,De Graafschap Doetinchem,129543,Lion Kaak,Defensive Midfield,33,0.175
Eerste Divisie,2023,642,De Graafschap Doetinchem,943870,Stan Wevers,Defensive Midfield,20,0.1
Eerste Divisie,2023,642,De Graafschap Doetinchem,579756,Simon Colyn,Attacking Midfield,22,0.6
Eerste Divisie,2023,642,De Graafschap Doetinchem,793702,Tristan van Gilst,Attacking Midfield,21,0.25
Eerste Divisie,2023,642,De Graafschap Doetinchem,746976,Anis Yadir,Attacking Midfield,19,0.15
Eerste Divisie,2023,642,De Graafschap Doetinchem,896597,Jardell Kanga,Attacking Midfield,18,0.05
Eerste Divisie,2023,642,De Graafschap Doetinchem,864112,Başar Önal,Left Winger,19,1.0
Eerste Divisie,2023,642,De Graafschap Doetinchem,216815,Mimoun Mahi,Left Winger,30,0.4
Eerste Divisie,2023,642,De Graafschap Doetinchem,650472,Blnd Hassan,Left Winger,20,0.05
Eerste Divisie,2023,642,De Graafschap Doetinchem,475446,Giovanni Büttner,Right Winger,25,0.15
Eerste Divisie,2023,642,De Graafschap Doetinchem,653724,Ezra van der Heiden,Right Winger,20,0.075
Eerste Divisie,2023,642,De Graafschap Doetinchem,864678,Sam Bisselink,Right Winger,20,0.05
Eerste Divisie,2023,642,De Graafschap Doetinchem,506941,David Flakus Bosilj,Centre-Forward,22,0.4
Eerste Divisie,2023,642,De Graafschap Doetinchem,704771,Devin Haen,Centre-Forward,20,0.4
Eerste Divisie,2023,642,De Graafschap Doetinchem,96472,Ralf Seuntjens,Centre-Forward,35,0.075
Eerste Divisie,2023,642,De Graafschap Doetinchem,940223,Elie Raterink,Centre-Forward,20,0.075
Eerste Divisie,2023,1426,VVV-Venlo,426142,Jan de Boer,Goalkeeper,24,0.25
Eerste Divisie,2023,1426,VVV-Venlo,159143,Delano van Crooij,Goalkeeper,33,0.225
Eerste Divisie,2023,1426,VVV-Venlo,554422,Jens Craenmehr,Goalkeeper,22,0.05
Eerste Divisie,2023,1426,VVV-Venlo,695876,Tim Schrick,Goalkeeper,20,0.025
Eerste Divisie,2023,1426,VVV-Venlo,309843,Rick Ketting,Centre-Back,28,0.425
Eerste Divisie,2023,1426,VVV-Venlo,786426,Dylan Timber,Centre-Back,24,0.2
Eerste Divisie,2023,1426,VVV-Venlo,168787,Roel Janssen,Centre-Back,34,0.15
Eerste Divisie,2023,1426,VVV-Venlo,675981,Stan Henderikx,Centre-Back,20,0.125
Eerste Divisie,2023,1426,VVV-Venlo,515388,Sem Dirks,Centre-Back,23,0.125
Eerste Divisie,2023,1426,VVV-Venlo,457092,Simon Janssen,Left-Back,23,0.55
Eerste Divisie,2023,1426,VVV-Venlo,361078,Robin Lathouwers,Right-Back,24,0.225
Eerste Divisie,2023,1426,VVV-Venlo,187296,Moreno Rutten,Right-Back,31,0.2
Eerste Divisie,2023,1426,VVV-Venlo,961483,Diego van Zutphen,Right-Back,19,0.15
Eerste Divisie,2023,1426,VVV-Venlo,618343,Joep Kluskens,Defensive Midfield,21,0.25
Eerste Divisie,2023,1426,VVV-Venlo,187288,Robert Klaasen,Defensive Midfield,30,0.2
Eerste Divisie,2023,1426,VVV-Venlo,409514,Elias Sierra,Central Midfield,22,0.45
Eerste Divisie,2023,1426,VVV-Venlo,339080,Richard Sedlacek,Central Midfield,25,0.275
Eerste Divisie,2023,1426,VVV-Venlo,994653,Mohammed Odriss,Central Midfield,19,0.15
Eerste Divisie,2023,1426,VVV-Venlo,918365,Levi Smans,Attacking Midfield,21,0.75
Eerste Divisie,2023,1426,VVV-Venlo,508643,Soulyman Allouch,Left Winger,22,0.5
Eerste Divisie,2023,1426,VVV-Venlo,400549,Magnus Kaastrup,Left Winger,23,0.375
Eerste Divisie,2023,1426,VVV-Venlo,1143493,Rayan Buifrahi,Left Winger,19,0.3
Eerste Divisie,2023,1426,VVV-Venlo,675979,Thijme Verheijen,Left Winger,21,0.25
Eerste Divisie,2023,1426,VVV-Venlo,681195,Mohamad Hegi,Left Winger,20,0.025
Eerste Divisie,2023,1426,VVV-Venlo,913022,Milan Robberechts,Right Winger,20,0.35
Eerste Divisie,2023,1426,VVV-Venlo,258335,Martijn Berden,Right Winger,26,0.3
Eerste Divisie,2023,1426,VVV-Venlo,618531,Michalis Kosidis,Centre-Forward,22,0.5
Eerste Divisie,2023,1426,VVV-Venlo,514280,Pepijn Doesburg,Centre-Forward,23,0.225
Eerste Divisie,2023,3892,FC Eindhoven,277242,Jorn Brondeel,Goalkeeper,30,0.3
Eerste Divisie,2023,3892,FC Eindhoven,736097,Jort Borgmans,Goalkeeper,21,0.125
Eerste Divisie,2023,3892,FC Eindhoven,1019546,Nino Fancito,Goalkeeper,19,0.025
Eerste Divisie,2023,3892,FC Eindhoven,621733,Farouq Limouri,Centre-Back,21,0.4
Eerste Divisie,2023,3892,FC Eindhoven,355860,Maarten Peijnenburg,Centre-Back,27,0.35
Eerste Divisie,2023,3892,FC Eindhoven,341678,Collin Seedorf,Centre-Back,29,0.325
Eerste Divisie,2023,3892,FC Eindhoven,451297,Luuk Wouters,Centre-Back,25,0.3
Eerste Divisie,2023,3892,FC Eindhoven,170720,Mawouna Amevor,Centre-Back,32,0.25
Eerste Divisie,2023,3892,FC Eindhoven,504078,Rodrigo Rêgo,Centre-Back,22,0.125
Eerste Divisie,2023,3892,FC Eindhoven,645110,Jesse Giebels,Centre-Back,21,0.025
Eerste Divisie,2023,3892,FC Eindhoven,576682,Jasper Dahlhaus,Left-Back,22,0.45
Eerste Divisie,2023,3892,FC Eindhoven,486347,Tibo Persyn,Right-Back,22,0.35
Eerste Divisie,2023,3892,FC Eindhoven,415085,Justin Ogenia,Right-Back,25,0.275
Eerste Divisie,2023,3892,FC Eindhoven,869917,Tom Sas,Right-Back,20,0.075
Eerste Divisie,2023,3892,FC Eindhoven,361122,Achraf El Bouchataoui,Defensive Midfield,24,0.325
Eerste Divisie,2023,3892,FC Eindhoven,288256,Sven van Doorm,Defensive Midfield,27,0.3
Eerste Divisie,2023,3892,FC Eindhoven,655017,Maarten Swerts,Defensive Midfield,20,0.175
Eerste Divisie,2023,3892,FC Eindhoven,640566,Dyon Dorenbosch,Central Midfield,21,0.4
Eerste Divisie,2023,3892,FC Eindhoven,746987,Sven Simons,Central Midfield,20,0.4
Eerste Divisie,2023,3892,FC Eindhoven,585317,Yassine Azzagari,Central Midfield,22,0.1
Eerste Divisie,2023,3892,FC Eindhoven,380118,Ozan Kökcü,Attacking Midfield,25,0.55
Eerste Divisie,2023,3892,FC Eindhoven,548937,Evan Rottier,Attacking Midfield,22,0.475
Eerste Divisie,2023,3892,FC Eindhoven,207043,Joey Sleegers,Left Winger,29,0.4
Eerste Divisie,2023,3892,FC Eindhoven,578402,Pjotr Kestens,Left Winger,22,0.15
Eerste Divisie,2023,3892,FC Eindhoven,664808,August Priske,Centre-Forward,20,0.2
Eerste Divisie,2023,3892,FC Eindhoven,806281,David Garden,Centre-Forward,20,0.2
Eerste Divisie,2023,3892,FC Eindhoven,211331,Mart Lieder,Centre-Forward,34,0.1
Eerste Divisie,2023,500,Helmond Sport,159896,Wouter van der Steen,Goalkeeper,34,0.25
Eerste Divisie,2023,500,Helmond Sport,535741,Robin Mantel,Goalkeeper,23,0.05
Eerste Divisie,2023,500,Helmond Sport,387241,Ramón ten Hove,Goalkeeper,26,0.05
Eerste Divisie,2023,500,Helmond Sport,456335,Flor Van den Eynden,Centre-Back,23,0.375
Eerste Divisie,2023,500,Helmond Sport,222225,Pius Krätschmer,Centre-Back,27,0.35
Eerste Divisie,2023,500,Helmond Sport,422407,Gabriël Culhaci,Left-Back,24,0.3
Eerste Divisie,2023,500,Helmond Sport,429929,Bryan van Hove,Left-Back,24,0.25
Eerste Divisie,2023,500,Helmond Sport,203940,Bram van Vlerken,Right-Back,28,0.35
Eerste Divisie,2023,500,Helmond Sport,494282,Mees Kreekels,Right-Back,22,0.25
Eerste Divisie,2023,500,Helmond Sport,195359,Doke Schmidt,Right-Back,32,0.2
Eerste Divisie,2023,500,Helmond Sport,694318,Enrik Ostrc,Defensive Midfield,22,0.35
Eerste Divisie,2023,500,Helmond Sport,272707,Elmo Lieftink,Defensive Midfield,30,0.225
Eerste Divisie,2023,500,Helmond Sport,805491,Lucas Vankerkhoven,Defensive Midfield,22,0.15
Eerste Divisie,2023,500,Helmond Sport,158540,Michael Chacón,Defensive Midfield,30,0.15
Eerste Divisie,2023,500,Helmond Sport,490385,Mohammed Amin Doudah,Central Midfield,21,0.35
Eerste Divisie,2023,500,Helmond Sport,700145,Michel Ludwig,Central Midfield,19,0.3
Eerste Divisie,2023,500,Helmond Sport,486057,Giannis-Fivos Botos,Attacking Midfield,23,0.5
Eerste Divisie,2023,500,Helmond Sport,964251,Joseph Amuzu,Left Winger,19,0.3
Eerste Divisie,2023,500,Helmond Sport,159375,Joeri Schroijen,Left Winger,33,0.15
Eerste Divisie,2023,500,Helmond Sport,995875,Tarik Essakkati,Left Winger,18,0.125
Eerste Divisie,2023,500,Helmond Sport,371980,Mohamed Mallahi,Right Winger,24,0.25
Eerste Divisie,2023,500,Helmond Sport,381974,Arno Van Keilegom,Right Winger,25,0.225
Eerste Divisie,2023,500,Helmond Sport,123521,Peter van Ooijen,Right Winger,32,0.15
Eerste Divisie,2023,500,Helmond Sport,377729,Martijn Kaars,Centre-Forward,25,0.65
Eerste Divisie,2023,500,Helmond Sport,269502,Håkon Lorentzen,Centre-Forward,26,0.275
Eerste Divisie,2023,500,Helmond Sport,226100,Anthony van den Hurk,Centre-Forward,31,0.25
Eerste Divisie,2023,500,Helmond Sport,938695,Álvaro Marín,Centre-Forward,21,0.2
Eerste Divisie,2023,384,MVV Maastricht,538073,Romain Matthys,Goalkeeper,25,0.4
Eerste Divisie,2023,384,MVV Maastricht,548806,Thijs Lambrix,Goalkeeper,22,0.075
Eerste Divisie,2023,384,MVV Maastricht,570784,Brent Stevens,Goalkeeper,20,0.05
Eerste Divisie,2023,384,MVV Maastricht,1148221,Niels Martens,Goalkeeper,20,0.025
Eerste Divisie,2023,384,MVV Maastricht,58359,Özgür Aktaş,Centre-Back,27,0.4
Eerste Divisie,2023,384,MVV Maastricht,698082,Bryant Nieling,Centre-Back,21,0.3
Eerste Divisie,2023,384,MVV Maastricht,567544,Wout Coomans,Centre-Back,22,0.25
Eerste Divisie,2023,384,MVV Maastricht,844506,Lars Schenk,Left-Back,22,0.275
Eerste Divisie,2023,384,MVV Maastricht,163665,Leroy Labylle,Left-Back,33,0.125
Eerste Divisie,2023,384,MVV Maastricht,1072682,Nabil Bouchentouf,Left-Back,21,0.025
Eerste Divisie,2023,384,MVV Maastricht,1034646,Andréa Librici,Right-Back,19,0.25
Eerste Divisie,2023,384,MVV Maastricht,595700,Tim Zeegers,Right-Back,24,0.175
Eerste Divisie,2023,384,MVV Maastricht,1148222,Kanou Sy,Right-Back,18,0.15
Eerste Divisie,2023,384,MVV Maastricht,364246,Nicky Souren,Defensive Midfield,24,0.5
Eerste Divisie,2023,384,MVV Maastricht,714078,Marko Kleinen,Central Midfield,22,0.4
Eerste Divisie,2023,384,MVV Maastricht,957322,Nabil El Basri,Central Midfield,20,0.325
Eerste Divisie,2023,384,MVV Maastricht,944065,Saul Penders,Central Midfield,21,0.1
Eerste Divisie,2023,384,MVV Maastricht,776305,Emre Yetimoglu,Central Midfield,21,0.025
Eerste Divisie,2023,384,MVV Maastricht,671668,Ferre Slegers,Attacking Midfield,19,0.375
Eerste Divisie,2023,384,MVV Maastricht,415989,Mart Remans,Attacking Midfield,26,0.325
Eerste Divisie,2023,384,MVV Maastricht,119066,Bryan Smeets,Attacking Midfield,31,0.3
Eerste Divisie,2023,384,MVV Maastricht,774560,Baud Terwingen,Attacking Midfield,21,0.025
Eerste Divisie,2023,384,MVV Maastricht,1143493,Rayan Buifrahi,Left Winger,19,0.3
Eerste Divisie,2023,384,MVV Maastricht,594240,Tunahan Taşçı,Right Winger,22,0.3
Eerste Divisie,2023,384,MVV Maastricht,808767,Camil Mmaee,Right Winger,20,0.1
Eerste Divisie,2023,384,MVV Maastricht,944064,Keone Maho,Right Winger,22,0.025
Eerste Divisie,2023,384,MVV Maastricht,453121,Koen Kostons,Centre-Forward,24,0.75
Eerste Divisie,2023,384,MVV Maastricht,676411,Dailon Livramento,Centre-Forward,23,0.5
Eerste Divisie,2023,1228,TOP Oss,206743,Mike Havekotte,Goalkeeper,28,0.3
Eerste Divisie,2023,1228,TOP Oss,766138,Max van Herk,Goalkeeper,25,0.025
Eerste Divisie,2023,1228,TOP Oss,864201,Maarten Schouten,Goalkeeper,20,0.025
Eerste Divisie,2023,1228,TOP Oss,401029,Roshon van Eijma,Centre-Back,26,0.35
Eerste Divisie,2023,1228,TOP Oss,547312,Xander Lambrix,Centre-Back,24,0.325
Eerste Divisie,2023,1228,TOP Oss,266414,Lars Nieuwpoort,Centre-Back,29,0.225
Eerste Divisie,2023,1228,TOP Oss,554395,Vasileios Pavlidis,Centre-Back,21,0.15
Eerste Divisie,2023,1228,TOP Oss,113996,Calvin Mac-Intosch,Centre-Back,34,0.125
Eerste Divisie,2023,1228,TOP Oss,566091,Thomas Cox,Centre-Back,22,0.075
Eerste Divisie,2023,1228,TOP Oss,557412,Guus Gertsen,Centre-Back,21,0.025
Eerste Divisie,2023,1228,TOP Oss,594277,Jonathan Mulder,Left-Back,22,0.275
Eerste Divisie,2023,1228,TOP Oss,775986,Julian Kuijpers,Left-Back,19,0.1
Eerste Divisie,2023,1228,TOP Oss,502132,Ilounga Pata,Right-Back,23,0.275
Eerste Divisie,2023,1228,TOP Oss,360514,Giovanni Troupée,Right-Back,26,0.25
Eerste Divisie,2023,1228,TOP Oss,618036,Joshua Eijgenraam,Defensive Midfield,22,0.225
Eerste Divisie,2023,1228,TOP Oss,299121,Rick Dekker,Defensive Midfield,29,0.2
Eerste Divisie,2023,1228,TOP Oss,338793,Grad Damen,Defensive Midfield,26,0.175
Eerste Divisie,2023,1228,TOP Oss,514283,Ömer Gündüz,Defensive Midfield,23,0.075
Eerste Divisie,2023,1228,TOP Oss,591879,Sven Zitman,Central Midfield,22,0.15
Eerste Divisie,2023,1228,TOP Oss,271646,Karim Loukili,Attacking Midfield,27,0.25
Eerste Divisie,2023,1228,TOP Oss,524033,Thijs van Leeuwen,Attacking Midfield,22,0.25
Eerste Divisie,2023,1228,TOP Oss,494283,Enrico Dueñas,Attacking Midfield,23,0.15
Eerste Divisie,2023,1228,TOP Oss,669095,Maxim van Peer,Left Winger,21,0.075
Eerste Divisie,2023,1228,TOP Oss,930997,Selim Can Sönmez,Left Winger,19,0.05
Eerste Divisie,2023,1228,TOP Oss,234910,Giovanni Korte,Right Winger,30,0.25
Eerste Divisie,2023,1228,TOP Oss,458418,Joshua Zimmerman,Right Winger,23,0.15
Eerste Divisie,2023,1228,TOP Oss,990860,Amine Rehmi,Right Winger,22,0.1
Eerste Divisie,2023,1228,TOP Oss,794328,Abel Stensrud,Centre-Forward,22,0.325
Eerste Divisie,2023,1228,TOP Oss,565019,Arthur Allemeersch,Centre-Forward,22,0.275
Eerste Divisie,2023,1228,TOP Oss,358261,Konstantinos Doumtsios,Centre-Forward,26,0.25
Eerste Divisie,2023,1228,TOP Oss,435088,Delano Ladan,Centre-Forward,24,0.15
Eerste Divisie,2023,1434,SC Telstar,271549,Ronald Koeman Jr.,Goalkeeper,29,0.275
Eerste Divisie,2023,1434,SC Telstar,471797,Joey Houweling,Goalkeeper,24,0.1
Eerste Divisie,2023,1434,SC Telstar,949878,Lukas van Ingen,Goalkeeper,20,0.025
Eerste Divisie,2023,1434,SC Telstar,250440,Danny Bakker,Centre-Back,29,0.325
Eerste Divisie,2023,1434,SC Telstar,347038,Thomas Oude Kotte,Centre-Back,28,0.3
Eerste Divisie,2023,1434,SC Telstar,748604,Devon Koswal,Centre-Back,20,0.2
Eerste Divisie,2023,1434,SC Telstar,520102,Jorginho Soares,Centre-Back,24,0.15
Eerste Divisie,2023,1434,SC Telstar,113872,Mitch Apau,Centre-Back,34,0.125
Eerste Divisie,2023,1434,SC Telstar,512965,Peter Guinari,Centre-Back,23,0.075
Eerste Divisie,2023,1434,SC Telstar,315129,Lassana Faye,Left-Back,26,0.125
Eerste Divisie,2023,1434,SC Telstar,533172,Jay Kruiver,Right-Back,23,0.225
Eerste Divisie,2023,1434,SC Telstar,438689,Robin Polley,Right-Back,25,0.125
Eerste Divisie,2023,1434,SC Telstar,767840,Yaël Liesdek,Right-Back,22,0.125
Eerste Divisie,2023,1434,SC Telstar,607136,Leonardo Rocha de Almeida,Right-Back,21,0.025
Eerste Divisie,2023,1434,SC Telstar,886260,Tim van de Loo,Central Midfield,21,0.275
Eerste Divisie,2023,1434,SC Telstar,404694,Mees Kaandorp,Central Midfield,26,0.225
Eerste Divisie,2023,1434,SC Telstar,124889,Tom Overtoom,Central Midfield,33,0.15
Eerste Divisie,2023,1434,SC Telstar,779754,Jayden Turfkruier,Left Midfield,21,0.325
Eerste Divisie,2023,1434,SC Telstar,639366,Alae-Eddine Bouyaghlafen,Attacking Midfield,22,0.05
Eerste Divisie,2023,1434,SC Telstar,512993,Christos Giousis,Left Winger,25,0.325
Eerste Divisie,2023,1434,SC Telstar,410719,Alex Plat,Left Winger,26,0.3
Eerste Divisie,2023,1434,SC Telstar,473170,Cain Seedorf,Left Winger,24,0.25
Eerste Divisie,2023,1434,SC Telstar,476648,Yahya Boussakou,Right Winger,24,0.1
Eerste Divisie,2023,1434,SC Telstar,519651,Zakaria Eddahchouri,Centre-Forward,24,0.45
Eerste Divisie,2023,1434,SC Telstar,444380,Youssef El Kachati,Centre-Forward,24,0.225
Eerste Divisie,2023,1434,SC Telstar,186282,Danzell Gravenberch,Centre-Forward,30,0.2
Eerste Divisie,2023,1434,SC Telstar,412958,Mohammed Tahiri,Centre-Forward,23,0.15
Eerste Divisie,2023,1434,SC Telstar,699758,Quinten van den Heerik,Centre-Forward,22,0.1
Eerste Divisie,2024,9715,PSV Eindhoven U21,333640,Joël Drommel,Goalkeeper,28,1.5
Eerste Divisie,2024,9715,PSV Eindhoven U21,654919,Kjell Peersman,Goalkeeper,21,0.5
Eerste Divisie,2024,9715,PSV Eindhoven U21,723005,Niek Schiks,Goalkeeper,21,0.25
Eerste Divisie,2024,9715,PSV Eindhoven U21,729011,Roy Steur,Goalkeeper,20,0.15
Eerste Divisie,2024,9715,PSV Eindhoven U21,720805,Tijn Smolenaars,Goalkeeper,20,0.1
Eerste Divisie,2024,9715,PSV Eindhoven U21,800976,Adamo Nagalo,Centre-Back,22,6.0
Eerste Divisie,2024,9715,PSV Eindhoven U21,339337,Armando Obispo,Centre-Back,26,3.0
Eerste Divisie,2024,9715,PSV Eindhoven U21,942070,Wessel Kuhn,Centre-Back,18,0.5
Eerste Divisie,2024,9715,PSV Eindhoven U21,738481,Emmanuel van de Blaak,Centre-Back,20,0.45
Eerste Divisie,2024,9715,PSV Eindhoven U21,937113,Madi Monamay,Centre-Back,19,0.4
Eerste Divisie,2024,9715,PSV Eindhoven U21,1088684,Michael Bresser,Centre-Back,18,0.35
Eerste Divisie,2024,9715,PSV Eindhoven U21,1024744,Samuel Gomez Van Hoogen,Centre-Back,19,0.3
Eerste Divisie,2024,9715,PSV Eindhoven U21,765027,Muhlis Dağaşan,Centre-Back,20,0.25
Eerste Divisie,2024,9715,PSV Eindhoven U21,654918,Matteo Dams,Left-Back,21,4.5
Eerste Divisie,2024,9715,PSV Eindhoven U21,539665,Fredrik Oppegård,Left-Back,22,0.6
Eerste Divisie,2024,9715,PSV Eindhoven U21,785501,Raf van de Riet,Left-Back,18,0.225
Eerste Divisie,2024,9715,PSV Eindhoven U21,575367,Richard Ledezma,Right-Back,24,3.0
Eerste Divisie,2024,9715,PSV Eindhoven U21,921306,Eus Waayers,Right-Back,19,0.35
Eerste Divisie,2024,9715,PSV Eindhoven U21,816974,Tygo Land,Defensive Midfield,19,2.0
Eerste Divisie,2024,9715,PSV Eindhoven U21,1024739,Jordy Bawuah,Defensive Midfield,18,0.35
Eerste Divisie,2024,9715,PSV Eindhoven U21,910493,Enzo Geerts,Defensive Midfield,20,0.25
Eerste Divisie,2024,9715,PSV Eindhoven U21,766069,Yiandro Raap,Defensive Midfield,18,0.075
Eerste Divisie,2024,9715,PSV Eindhoven U21,775980,Tim van den Heuvel,Central Midfield,20,0.3
Eerste Divisie,2024,9715,PSV Eindhoven U21,987376,Joël van den Berg,Central Midfield,18,0.1
Eerste Divisie,2024,9715,PSV Eindhoven U21,813437,Isaac Babadi,Attacking Midfield,20,3.0
Eerste Divisie,2024,9715,PSV Eindhoven U21,1019468,Dantaye Gilbert,Attacking Midfield,20,0.25
Eerste Divisie,2024,9715,PSV Eindhoven U21,1024747,Nicolas Verkooijen,Attacking Midfield,18,0.125
Eerste Divisie,2024,9715,PSV Eindhoven U21,646673,Iggy Houben,Attacking Midfield,20,0.1
Eerste Divisie,2024,9715,PSV Eindhoven U21,593837,Couhaib Driouech,Left Winger,23,4.0
Eerste Divisie,2024,9715,PSV Eindhoven U21,921829,Joel Ndala,Left Winger,19,3.0
Eerste Divisie,2024,9715,PSV Eindhoven U21,775978,Emir Bars,Left Winger,20,0.325
Eerste Divisie,2024,9715,PSV Eindhoven U21,763948,Dele Thomas,Left Winger,17,0.25
Eerste Divisie,2024,9715,PSV Eindhoven U21,646669,Jamal Gonzaga,Left Winger,20,0.1
Eerste Divisie,2024,9715,PSV Eindhoven U21,565424,Johan Bakayoko,Right Winger,22,30.0
Eerste Divisie,2024,9715,PSV Eindhoven U21,925862,Esmir Bajraktarevic,Right Winger,20,3.0
Eerste Divisie,2024,9715,PSV Eindhoven U21,921345,Tay Abed,Right Winger,20,0.75
Eerste Divisie,2024,9715,PSV Eindhoven U21,738492,Jevon Simons,Right Winger,19,0.3
Eerste Divisie,2024,9715,PSV Eindhoven U21,1099720,Marcus Younis,Right Winger,19,0.3
Eerste Divisie,2024,9715,PSV Eindhoven U21,627207,Ricardo Pepi,Centre-Forward,22,16.0
Eerste Divisie,2024,9715,PSV Eindhoven U21,746988,Jesper Uneken,Centre-Forward,20,0.6
Eerste Divisie,2024,9715,PSV Eindhoven U21,594039,Fodé Fofana,Centre-Forward,22,0.2
Eerste Divisie,2024,8817,Ajax Amsterdam U21,448705,Diant Ramaj,Goalkeeper,23,7.0
Eerste Divisie,2024,8817,Ajax Amsterdam U21,635129,Charlie Setford,Goalkeeper,21,0.4
Eerste Divisie,2024,8817,Ajax Amsterdam U21,1015401,Paul Reverson,Goalkeeper,20,0.35
Eerste Divisie,2024,8817,Ajax Amsterdam U21,662131,Ahmetcan Kaplan,Centre-Back,22,5.0
Eerste Divisie,2024,8817,Ajax Amsterdam U21,765743,Dies Janse,Centre-Back,19,0.9
Eerste Divisie,2024,8817,Ajax Amsterdam U21,891835,Nick Verschuren,Centre-Back,20,0.4
Eerste Divisie,2024,8817,Ajax Amsterdam U21,987366,Aaron Bouwman,Centre-Back,17,0.35
Eerste Divisie,2024,8817,Ajax Amsterdam U21,819211,Ethan Butera,Left-Back,19,0.7
Eerste Divisie,2024,8817,Ajax Amsterdam U21,987355,Lucas Jetten,Left-Back,18,0.7
Eerste Divisie,2024,8817,Ajax Amsterdam U21,720791,Olivier Aertssen,Right-Back,20,0.75
Eerste Divisie,2024,8817,Ajax Amsterdam U21,936006,Precious Ugwu,Right-Back,19,0.325
Eerste Divisie,2024,8817,Ajax Amsterdam U21,749618,Diyae Jermoumi,Right-Back,20,0.2
Eerste Divisie,2024,8817,Ajax Amsterdam U21,1025412,Ryan van de Pavert,Right-Back,19,0.2
Eerste Divisie,2024,8817,Ajax Amsterdam U21,1105532,Jorthy Mokio,Defensive Midfield,17,8.0
Eerste Divisie,2024,8817,Ajax Amsterdam U21,559324,Youri Regeer,Defensive Midfield,21,6.0
Eerste Divisie,2024,8817,Ajax Amsterdam U21,510310,Sivert Mannsverk,Defensive Midfield,23,4.0
Eerste Divisie,2024,8817,Ajax Amsterdam U21,738476,Silvano Vos,Defensive Midfield,20,1.4
Eerste Divisie,2024,8817,Ajax Amsterdam U21,904790,Mark Verkuijl,Defensive Midfield,19,0.325
Eerste Divisie,2024,8817,Ajax Amsterdam U21,787907,Benjamin Tahirović,Central Midfield,22,3.0
Eerste Divisie,2024,8817,Ajax Amsterdam U21,1111063,Sean Steur,Central Midfield,17,0.7
Eerste Divisie,2024,8817,Ajax Amsterdam U21,646699,Julian Brandes,Central Midfield,21,0.35
Eerste Divisie,2024,8817,Ajax Amsterdam U21,646700,Nassef Chourak,Central Midfield,20,0.3
Eerste Divisie,2024,8817,Ajax Amsterdam U21,775243,Rida Chahid,Central Midfield,20,0.15
Eerste Divisie,2024,8817,Ajax Amsterdam U21,891854,Gerald Alders,Right Midfield,20,0.275
Eerste Divisie,2024,8817,Ajax Amsterdam U21,694186,Kristian Hlynsson,Attacking Midfield,21,4.0
Eerste Divisie,2024,8817,Ajax Amsterdam U21,598491,Rayane Bounida,Attacking Midfield,19,0.8
Eerste Divisie,2024,8817,Ajax Amsterdam U21,706889,Jaydon Banel,Left Winger,20,1.0
Eerste Divisie,2024,8817,Ajax Amsterdam U21,704773,Amourricho van Axel Dongen,Left Winger,20,0.4
Eerste Divisie,2024,8817,Ajax Amsterdam U21,892127,Kayden Wolff,Left Winger,19,0.3
Eerste Divisie,2024,8817,Ajax Amsterdam U21,738474,David Kalokoh,Left Winger,20,0.25
Eerste Divisie,2024,8817,Ajax Amsterdam U21,610429,Christian Rasmussen,Right Winger,22,1.5
Eerste Divisie,2024,8817,Ajax Amsterdam U21,949480,Jan Faberski,Right Winger,19,0.7
Eerste Divisie,2024,8817,Ajax Amsterdam U21,672647,Rico Speksnijder,Right Winger,20,0.2
Eerste Divisie,2024,8817,Ajax Amsterdam U21,705831,Yoram Boerhout,Right Winger,20,0.2
Eerste Divisie,2024,8817,Ajax Amsterdam U21,981693,Don-Angelo Konadu,Centre-Forward,19,0.8
Eerste Divisie,2024,8817,Ajax Amsterdam U21,720799,Julian Rijkhoff,Centre-Forward,20,0.65
Eerste Divisie,2024,8817,Ajax Amsterdam U21,891833,Skye Vink,Centre-Forward,18,0.15
Eerste Divisie,2024,11368,AZ Alkmaar U21,704772,Rome-Jayden Owusu-Oduro,Goalkeeper,20,6.0
Eerste Divisie,2024,11368,AZ Alkmaar U21,738514,Tristan Kuijsten,Goalkeeper,20,0.3
Eerste Divisie,2024,11368,AZ Alkmaar U21,116471,Hobie Verhulst,Goalkeeper,32,0.2
Eerste Divisie,2024,11368,AZ Alkmaar U21,595935,Sem Westerveld,Goalkeeper,22,0.2
Eerste Divisie,2024,11368,AZ Alkmaar U21,635371,Daniël Deen,Goalkeeper,22,0.125
Eerste Divisie,2024,11368,AZ Alkmaar U21,820331,Arouna Kabba,Goalkeeper,20,0.05
Eerste Divisie,2024,11368,AZ Alkmaar U21,929128,Koen Schilder,Goalkeeper,19,0.025
Eerste Divisie,2024,11368,AZ Alkmaar U21,646704,Maxim Dekker,Centre-Back,21,1.0
Eerste Divisie,2024,11368,AZ Alkmaar U21,801031,Lewis Schouten,Centre-Back,21,0.4
Eerste Divisie,2024,11368,AZ Alkmaar U21,595937,Jorn Berkhout,Centre-Back,23,0.3
Eerste Divisie,2024,11368,AZ Alkmaar U21,595936,Misha Engel,Centre-Back,22,0.25
Eerste Divisie,2024,11368,AZ Alkmaar U21,848757,Rayan Atikallah,Centre-Back,18,0.2
Eerste Divisie,2024,11368,AZ Alkmaar U21,1008564,Billy van Duijl,Centre-Back,19,0.2
Eerste Divisie,2024,11368,AZ Alkmaar U21,929130,Mathijs Menu,Centre-Back,20,0.125
Eerste Divisie,2024,11368,AZ Alkmaar U21,748541,Joeri Oud,Centre-Back,20,0.05
Eerste Divisie,2024,11368,AZ Alkmaar U21,975139,Wilmer Olofsson,Centre-Back,19,0.025
Eerste Divisie,2024,11368,AZ Alkmaar U21,929132,Jeremiah Esajas,Left-Back,20,0.225
Eerste Divisie,2024,11368,AZ Alkmaar U21,577394,Denso Kasius,Right-Back,22,4.0
Eerste Divisie,2024,11368,AZ Alkmaar U21,957241,Elijah Dijkstra,Right-Back,18,0.7
Eerste Divisie,2024,11368,AZ Alkmaar U21,646705,Sem Dekkers,Right-Back,21,0.25
Eerste Divisie,2024,11368,AZ Alkmaar U21,653510,Jurre van Aken,Right-Back,22,0.225
Eerste Divisie,2024,11368,AZ Alkmaar U21,801029,Enoch Mastoras,Defensive Midfield,19,0.5
Eerste Divisie,2024,11368,AZ Alkmaar U21,675623,Job Kalisvaart,Defensive Midfield,21,0.35
Eerste Divisie,2024,11368,AZ Alkmaar U21,702447,Nick Twisk,Defensive Midfield,22,0.2
Eerste Divisie,2024,11368,AZ Alkmaar U21,988406,Kasper Boogaard,Defensive Midfield,19,0.2
Eerste Divisie,2024,11368,AZ Alkmaar U21,595940,Zico Buurmeester,Central Midfield,23,3.5
Eerste Divisie,2024,11368,AZ Alkmaar U21,747017,Dave Kwakman,Central Midfield,20,2.0
Eerste Divisie,2024,11368,AZ Alkmaar U21,929133,Rio Robbemond,Central Midfield,20,0.2
Eerste Divisie,2024,11368,AZ Alkmaar U21,929135,Ilias Splinter,Central Midfield,20,0.1
Eerste Divisie,2024,11368,AZ Alkmaar U21,776880,Lev Lenssen,Central Midfield,19,0.075
Eerste Divisie,2024,11368,AZ Alkmaar U21,1106292,Yassin Hamdi,Central Midfield,20,0.025
Eerste Divisie,2024,11368,AZ Alkmaar U21,859035,Kees Smit,Attacking Midfield,19,5.0
Eerste Divisie,2024,11368,AZ Alkmaar U21,942065,Julian Oerip,Attacking Midfield,18,0.25
Eerste Divisie,2024,11368,AZ Alkmaar U21,1015875,Tómas Johannessen,Attacking Midfield,18,0.1
Eerste Divisie,2024,11368,AZ Alkmaar U21,735701,Ruben van Bommel,Left Winger,20,8.0
Eerste Divisie,2024,11368,AZ Alkmaar U21,800995,Ro-Zangelo Daal,Left Winger,21,0.75
Eerste Divisie,2024,11368,AZ Alkmaar U21,576094,Kevin Toppenberg,Left Winger,20,0.15
Eerste Divisie,2024,11368,AZ Alkmaar U21,990008,Wassim Bouziane,Left Winger,18,0.15
Eerste Divisie,2024,11368,AZ Alkmaar U21,929136,Adam Ait Ali Oulhaj,Left Winger,20,0.075
Eerste Divisie,2024,11368,AZ Alkmaar U21,718303,Ernest Poku,Right Winger,21,4.0
Eerste Divisie,2024,11368,AZ Alkmaar U21,747720,Jayden Addai,Right Winger,19,1.5
Eerste Divisie,2024,11368,AZ Alkmaar U21,727211,Jayen Gerold,Right Winger,21,0.25
Eerste Divisie,2024,11368,AZ Alkmaar U21,990009,Jasper Hartog,Right Winger,19,0.15
Eerste Divisie,2024,11368,AZ Alkmaar U21,678546,Mexx Meerdink,Centre-Forward,21,8.0
Eerste Divisie,2024,11368,AZ Alkmaar U21,728864,Lequincio Zeefuik,Centre-Forward,20,0.85
Eerste Divisie,2024,11368,AZ Alkmaar U21,926491,Sem van Duijn,Centre-Forward,21,0.325
Eerste Divisie,2024,11368,AZ Alkmaar U21,738488,Anthony Smits,Centre-Forward,20,0.225
Eerste Divisie,2024,17596,FC Utrecht U21,729010,Tom de Graaff,Goalkeeper,20,0.3
Eerste Divisie,2024,17596,FC Utrecht U21,802540,Andreas Dithmer,Goalkeeper,19,0.2
Eerste Divisie,2024,17596,FC Utrecht U21,607133,Kevin Gadellaa,Goalkeeper,22,0.15
Eerste Divisie,2024,17596,FC Utrecht U21,933914,Mees Eppink,Goalkeeper,19,0.05
Eerste Divisie,2024,17596,FC Utrecht U21,614506,Ahmed Azmi,Goalkeeper,22,0.025
Eerste Divisie,2024,17596,FC Utrecht U21,931018,Wessel Kooy,Centre-Back,20,0.35
Eerste Divisie,2024,17596,FC Utrecht U21,691975,Joshua Mukeh,Centre-Back,22,0.25
Eerste Divisie,2024,17596,FC Utrecht U21,775244,Neal Viereck,Centre-Back,21,0.25
Eerste Divisie,2024,17596,FC Utrecht U21,670824,Michel Driezen,Centre-Back,21,0.1
Eerste Divisie,2024,17596,FC Utrecht U21,682562,Björn Hardley,Centre-Back,22,0.1
Eerste Divisie,2024,17596,FC Utrecht U21,937571,Per Kloosterboer,Centre-Back,20,0.1
Eerste Divisie,2024,17596,FC Utrecht U21,940072,Nazjir Held,Left-Back,19,0.35
Eerste Divisie,2024,17596,FC Utrecht U21,848494,Jesper van Riel,Left-Back,20,0.15
Eerste Divisie,2024,17596,FC Utrecht U21,931021,Sil van der Wegen,Right-Back,20,0.325
Eerste Divisie,2024,17596,FC Utrecht U21,613449,Rickson van Hees,Right-Back,23,0.3
Eerste Divisie,2024,17596,FC Utrecht U21,653729,Achraf Boumenjal,Right-Back,22,0.1
Eerste Divisie,2024,17596,FC Utrecht U21,565436,Alonzo Engwanda,Defensive Midfield,22,2.5
Eerste Divisie,2024,17596,FC Utrecht U21,685657,Silas Andersen,Defensive Midfield,21,0.7
Eerste Divisie,2024,17596,FC Utrecht U21,559325,Gibson Yah,Defensive Midfield,21,0.3
Eerste Divisie,2024,17596,FC Utrecht U21,938687,Massien Ghaddari,Defensive Midfield,20,0.275
Eerste Divisie,2024,17596,FC Utrecht U21,940095,Nordin Bukala,Defensive Midfield,19,0.275
Eerste Divisie,2024,17596,FC Utrecht U21,738475,Oualid Agougil,Defensive Midfield,19,0.25
Eerste Divisie,2024,17596,FC Utrecht U21,610428,Oscar Fraulo,Central Midfield,21,3.5
Eerste Divisie,2024,17596,FC Utrecht U21,656796,Ivar Jenner,Central Midfield,21,0.3
Eerste Divisie,2024,17596,FC Utrecht U21,806305,Noa Dundas,Central Midfield,21,0.3
Eerste Divisie,2024,17596,FC Utrecht U21,795738,Paxten Aaronson,Attacking Midfield,21,8.0
Eerste Divisie,2024,17596,FC Utrecht U21,738479,Rafik El Arguioui,Attacking Midfield,19,0.35
Eerste Divisie,2024,17596,FC Utrecht U21,875581,Adrian Blake,Left Winger,19,0.75
Eerste Divisie,2024,17596,FC Utrecht U21,775994,Lynden Edhart,Left Winger,19,0.3
Eerste Divisie,2024,17596,FC Utrecht U21,634427,Miguel Rodríguez,Right Winger,22,4.5
Eerste Divisie,2024,17596,FC Utrecht U21,723008,Miliano Jonathans,Right Winger,21,0.9
Eerste Divisie,2024,17596,FC Utrecht U21,926975,Emil Rohd,Right Winger,20,0.25
Eerste Divisie,2024,17596,FC Utrecht U21,814835,Mees Akkerman,Right Winger,20,0.2
Eerste Divisie,2024,17596,FC Utrecht U21,1182916,Björn Menzo,Right Winger,18,0.125
Eerste Divisie,2024,17596,FC Utrecht U21,810893,Sofiane Dris,Right Winger,20,0.1
Eerste Divisie,2024,17596,FC Utrecht U21,557410,Noah Ohio,Centre-Forward,22,2.0
Eerste Divisie,2024,17596,FC Utrecht U21,565434,Anthony Descotte,Centre-Forward,21,0.65
Eerste Divisie,2024,17596,FC Utrecht U21,858886,Georgios Charalaboglou,Centre-Forward,20,0.225
Eerste Divisie,2024,17596,FC Utrecht U21,885969,Tijn den Boggende,Centre-Forward,19,0.2
Eerste Divisie,2024,17596,FC Utrecht U21,988784,Tony Varjund,Centre-Forward,18,0.1
Eerste Divisie,2024,798,Excelsior Rotterdam,485588,Calvin Raatsie,Goalkeeper,23,0.7
Eerste Divisie,2024,798,Excelsior Rotterdam,796490,Pascal Kuiper,Goalkeeper,21,0.075
Eerste Divisie,2024,798,Excelsior Rotterdam,605395,Casper Widell,Centre-Back,22,0.8
Eerste Divisie,2024,798,Excelsior Rotterdam,361207,Kik Pierie,Centre-Back,24,0.7
Eerste Divisie,2024,798,Excelsior Rotterdam,188660,Jurgen Mattheij,Centre-Back,32,0.45
Eerste Divisie,2024,798,Excelsior Rotterdam,618038,Serano Seymor,Centre-Back,23,0.275
Eerste Divisie,2024,798,Excelsior Rotterdam,1054649,José de Almeida Reis,Centre-Back,19,0.2
Eerste Divisie,2024,798,Excelsior Rotterdam,775985,Seb Loeffen,Centre-Back,21,0.15
Eerste Divisie,2024,798,Excelsior Rotterdam,288449,Django Warmerdam,Left-Back,29,0.45
Eerste Divisie,2024,798,Excelsior Rotterdam,591017,Siem de Moes,Left-Back,21,0.125
Eerste Divisie,2024,798,Excelsior Rotterdam,491292,Ilias Bronkhorst,Right-Back,28,0.5
Eerste Divisie,2024,798,Excelsior Rotterdam,720189,Nolan Martens,Right-Back,20,0.3
Eerste Divisie,2024,798,Excelsior Rotterdam,682568,Cedric Hatenboer,Defensive Midfield,20,1.5
Eerste Divisie,2024,798,Excelsior Rotterdam,496873,Xander Blomme,Defensive Midfield,23,0.45
Eerste Divisie,2024,798,Excelsior Rotterdam,618036,Joshua Eijgenraam,Defensive Midfield,23,0.25
Eerste Divisie,2024,798,Excelsior Rotterdam,608889,Mathijs Tielemans,Central Midfield,23,0.6
Eerste Divisie,2024,798,Excelsior Rotterdam,595238,Lennard Hartjes,Central Midfield,22,0.5
Eerste Divisie,2024,798,Excelsior Rotterdam,536477,Arthur Zagré,Left Midfield,23,0.9
Eerste Divisie,2024,798,Excelsior Rotterdam,378316,Lance Duijvestijn,Attacking Midfield,26,0.85
Eerste Divisie,2024,798,Excelsior Rotterdam,578544,Noah Naujoks,Attacking Midfield,23,0.6
Eerste Divisie,2024,798,Excelsior Rotterdam,746838,Zach Booth,Left Winger,21,0.4
Eerste Divisie,2024,798,Excelsior Rotterdam,553217,Jacky Donkor,Left Winger,26,0.4
Eerste Divisie,2024,798,Excelsior Rotterdam,806284,Rayvien Rosario,Left Winger,21,0.1
Eerste Divisie,2024,798,Excelsior Rotterdam,866250,Seydou Fini,Right Winger,19,1.3
Eerste Divisie,2024,798,Excelsior Rotterdam,608407,Derensili Sanches Fernandes,Right Winger,24,0.6
Eerste Divisie,2024,798,Excelsior Rotterdam,585334,Oscar Uddenäs,Right Winger,22,0.35
Eerste Divisie,2024,798,Excelsior Rotterdam,764863,Richie Omorowa,Centre-Forward,21,0.5
Eerste Divisie,2024,798,Excelsior Rotterdam,1142631,Jerolldino Bergraaf,Centre-Forward,18,0.45
Eerste Divisie,2024,798,Excelsior Rotterdam,775044,Nesto Groen,Centre-Forward,20,0.15
Eerste Divisie,2024,798,Excelsior Rotterdam,183397,Mike van Duinen,Centre-Forward,33,0.15
Eerste Divisie,2024,1455,FC Dordrecht,461963,Celton Biai,Goalkeeper,24,0.65
Eerste Divisie,2024,1455,FC Dordrecht,264176,Liam Bossin,Goalkeeper,28,0.45
Eerste Divisie,2024,1455,FC Dordrecht,746973,Mannou Berger,Goalkeeper,20,0.075
Eerste Divisie,2024,1455,FC Dordrecht,1026477,Tijn Baltussen,Goalkeeper,20,0.025
Eerste Divisie,2024,1455,FC Dordrecht,935594,Vladislavs Razumejevs,Goalkeeper,19,0.025
Eerste Divisie,2024,1455,FC Dordrecht,685445,Bartłomiej Smolarczyk,Centre-Back,21,0.65
Eerste Divisie,2024,1455,FC Dordrecht,612824,Sem Valk,Centre-Back,23,0.4
Eerste Divisie,2024,1455,FC Dordrecht,822116,Yannis M'Bemba,Centre-Back,23,0.35
Eerste Divisie,2024,1455,FC Dordrecht,593193,Augustin Drakpe,Centre-Back,23,0.3
Eerste Divisie,2024,1455,FC Dordrecht,497176,Jop van der Avert,Centre-Back,25,0.25
Eerste Divisie,2024,1455,FC Dordrecht,412930,Reda Akmum,Centre-Back,24,0.25
Eerste Divisie,2024,1455,FC Dordrecht,469851,John Hilton,Left-Back,24,0.4
Eerste Divisie,2024,1455,FC Dordrecht,703775,Chiel Olde Keizer,Left-Back,22,0.1
Eerste Divisie,2024,1455,FC Dordrecht,313097,Léo Seydoux,Right-Back,27,0.325
Eerste Divisie,2024,1455,FC Dordrecht,704693,Lorenzo Codutti,Right-Back,22,0.225
Eerste Divisie,2024,1455,FC Dordrecht,1221457,Kwame Tabiri,Right-Back,19,0.2
Eerste Divisie,2024,1455,FC Dordrecht,942960,Daniel van Vianen,Defensive Midfield,22,0.65
Eerste Divisie,2024,1455,FC Dordrecht,824201,Lawson Sunderland,Defensive Midfield,23,0.2
Eerste Divisie,2024,1455,FC Dordrecht,488296,Rocco Shein,Central Midfield,21,0.9
Eerste Divisie,2024,1455,FC Dordrecht,899819,Gabriele Parlanti,Central Midfield,21,0.5
Eerste Divisie,2024,1455,FC Dordrecht,264857,Jari Schuurman,Attacking Midfield,28,0.6
Eerste Divisie,2024,1455,FC Dordrecht,636170,Joep van der Sluijs,Attacking Midfield,23,0.275
Eerste Divisie,2024,1455,FC Dordrecht,556870,Ben Scholte,Attacking Midfield,23,0.25
Eerste Divisie,2024,1455,FC Dordrecht,1065417,Igor da Silva,Attacking Midfield,21,0.125
Eerste Divisie,2024,1455,FC Dordrecht,727480,Jaden Slory,Left Winger,20,1.0
Eerste Divisie,2024,1455,FC Dordrecht,697898,Vieiri Kotzebue,Left Winger,22,0.3
Eerste Divisie,2024,1455,FC Dordrecht,899740,Mauresmo Hinoke,Left Winger,20,0.25
Eerste Divisie,2024,1455,FC Dordrecht,474949,Marouane Afaker,Left Winger,26,0.225
Eerste Divisie,2024,1455,FC Dordrecht,470715,Joshua Pynadath,Left Winger,23,0.15
Eerste Divisie,2024,1455,FC Dordrecht,964251,Joseph Amuzu,Left Winger,20,0.15
Eerste Divisie,2024,1455,FC Dordrecht,196158,Brahim Darri,Left Winger,30,0.075
Eerste Divisie,2024,1455,FC Dordrecht,975138,Korede Osundina,Right Winger,21,0.45
Eerste Divisie,2024,1455,FC Dordrecht,704771,Devin Haen,Centre-Forward,21,0.85
Eerste Divisie,2024,1455,FC Dordrecht,354058,Rene Kriwak,Centre-Forward,26,0.35
Eerste Divisie,2024,1455,FC Dordrecht,942790,Dean Zandbergen,Centre-Forward,23,0.225
Eerste Divisie,2024,1455,FC Dordrecht,798038,Tom Sanne,Centre-Forward,21,0.2
Eerste Divisie,2024,1455,FC Dordrecht,993912,Jayson Ezeb,Centre-Forward,18,0.075
Eerste Divisie,2024,133,SC Cambuur Leeuwarden,514287,Thijs Jansen,Goalkeeper,23,0.5
Eerste Divisie,2024,133,SC Cambuur Leeuwarden,412946,Daan Reiziger,Goalkeeper,24,0.1
Eerste Divisie,2024,133,SC Cambuur Leeuwarden,667902,Brett Minnema,Goalkeeper,23,0.05
Eerste Divisie,2024,133,SC Cambuur Leeuwarden,698082,Bryant Nieling,Centre-Back,22,0.55
Eerste Divisie,2024,133,SC Cambuur Leeuwarden,228478,Leon Bergsma,Centre-Back,28,0.3
Eerste Divisie,2024,133,SC Cambuur Leeuwarden,899710,Floris Smand,Centre-Back,22,0.25
Eerste Divisie,2024,133,SC Cambuur Leeuwarden,1182530,Toni Jonker,Centre-Back,19,0.025
Eerste Divisie,2024,133,SC Cambuur Leeuwarden,741582,Tomas Galvez,Left-Back,20,0.4
Eerste Divisie,2024,133,SC Cambuur Leeuwarden,480457,Thomas Poll,Left-Back,23,0.3
Eerste Divisie,2024,133,SC Cambuur Leeuwarden,648540,Bram Marsman,Left-Back,22,0.075
Eerste Divisie,2024,133,SC Cambuur Leeuwarden,913289,Tyrique Mercera,Right-Back,21,0.45
Eerste Divisie,2024,133,SC Cambuur Leeuwarden,666526,Sturla Ottesen,Right-Back,24,0.35
Eerste Divisie,2024,133,SC Cambuur Leeuwarden,648541,Gabi Caschili,Right-Back,21,0.3
Eerste Divisie,2024,133,SC Cambuur Leeuwarden,1149884,Wiebe Kooistra,Right-Back,18,0.2
Eerste Divisie,2024,133,SC Cambuur Leeuwarden,364246,Nicky Souren,Defensive Midfield,25,0.4
Eerste Divisie,2024,133,SC Cambuur Leeuwarden,424330,Jeremy van Mullem,Defensive Midfield,26,0.35
Eerste Divisie,2024,133,SC Cambuur Leeuwarden,82332,Maikel Kieftenbeld,Defensive Midfield,35,0.125
Eerste Divisie,2024,133,SC Cambuur Leeuwarden,720056,Marcel Schaapman,Defensive Midfield,23,0.05
Eerste Divisie,2024,133,SC Cambuur Leeuwarden,187507,Mark Diemers,Central Midfield,31,0.65
Eerste Divisie,2024,133,SC Cambuur Leeuwarden,709958,Arnau Casas,Central Midfield,21,0.25
Eerste Divisie,2024,133,SC Cambuur Leeuwarden,963510,Matthias Nartey,Attacking Midfield,20,0.35
Eerste Divisie,2024,133,SC Cambuur Leeuwarden,559335,Fedde de Jong,Attacking Midfield,22,0.3
Eerste Divisie,2024,133,SC Cambuur Leeuwarden,688641,Tony Rölke,Attacking Midfield,22,0.275
Eerste Divisie,2024,133,SC Cambuur Leeuwarden,1104143,Benjamin Pauwels,Left Winger,20,0.65
Eerste Divisie,2024,133,SC Cambuur Leeuwarden,1087336,Yoram van der Veen,Left Winger,20,0.05
Eerste Divisie,2024,133,SC Cambuur Leeuwarden,412940,Remco Balk,Right Winger,24,0.7
Eerste Divisie,2024,133,SC Cambuur Leeuwarden,386164,Silvester van der Water,Right Winger,28,0.375
Eerste Divisie,2024,133,SC Cambuur Leeuwarden,337669,Ilias Alhaft,Right Winger,28,0.25
Eerste Divisie,2024,133,SC Cambuur Leeuwarden,703772,Milan Smit,Centre-Forward,22,1.5
Eerste Divisie,2024,133,SC Cambuur Leeuwarden,400644,Jeredy Hilterman,Centre-Forward,27,0.5
Eerste Divisie,2024,133,SC Cambuur Leeuwarden,444209,Jonathan Afolabi,Centre-Forward,25,0.275
Eerste Divisie,2024,133,SC Cambuur Leeuwarden,110906,Michael de Leeuw,Centre-Forward,38,0.05
Eerste Divisie,2024,192,Roda JC Kerkrade,653066,Justin Treichel,Goalkeeper,22,0.4
Eerste Divisie,2024,192,Roda JC Kerkrade,335027,Koen Bucker,Goalkeeper,29,0.25
Eerste Divisie,2024,192,Roda JC Kerkrade,430475,Issam El Maach,Goalkeeper,25,0.2
Eerste Divisie,2024,192,Roda JC Kerkrade,158104,Nick Marsman,Goalkeeper,34,0.175
Eerste Divisie,2024,192,Roda JC Kerkrade,976481,Jordy Steins,Goalkeeper,19,0.025
Eerste Divisie,2024,192,Roda JC Kerkrade,347038,Thomas Oude Kotte,Centre-Back,29,0.45
Eerste Divisie,2024,192,Roda JC Kerkrade,251975,Brian Koglin,Centre-Back,28,0.35
Eerste Divisie,2024,192,Roda JC Kerkrade,47740,Nils Röseler,Centre-Back,33,0.175
Eerste Divisie,2024,192,Roda JC Kerkrade,934621,Roman Doulashi,Centre-Back,19,0.1
Eerste Divisie,2024,192,Roda JC Kerkrade,575993,Koen Jansen,Left-Back,21,0.3
Eerste Divisie,2024,192,Roda JC Kerkrade,595301,Tim Köther,Left-Back,24,0.2
Eerste Divisie,2024,192,Roda JC Kerkrade,533172,Jay Kruiver,Right-Back,24,0.45
Eerste Divisie,2024,192,Roda JC Kerkrade,451576,Nathan Markelo,Right-Back,26,0.15
Eerste Divisie,2024,192,Roda JC Kerkrade,775979,Reda El Meliani,Right-Back,20,0.05
Eerste Divisie,2024,192,Roda JC Kerkrade,452054,Joey Müller,Defensive Midfield,24,0.4
Eerste Divisie,2024,192,Roda JC Kerkrade,355685,Orhan Džepar,Defensive Midfield,29,0.4
Eerste Divisie,2024,192,Roda JC Kerkrade,548228,Lucas Beerten,Defensive Midfield,22,0.35
Eerste Divisie,2024,192,Roda JC Kerkrade,258363,Keziah Veendorp,Defensive Midfield,28,0.35
Eerste Divisie,2024,192,Roda JC Kerkrade,673344,Wesley Spieringhs,Central Midfield,23,0.4
Eerste Divisie,2024,192,Roda JC Kerkrade,264748,Rodney Kongolo,Central Midfield,27,0.35
Eerste Divisie,2024,192,Roda JC Kerkrade,892983,Ryan Leijten,Attacking Midfield,21,0.25
Eerste Divisie,2024,192,Roda JC Kerkrade,598575,Joshua Schwirten,Attacking Midfield,23,0.225
Eerste Divisie,2024,192,Roda JC Kerkrade,721666,Zalán Vancsa,Left Winger,20,0.8
Eerste Divisie,2024,192,Roda JC Kerkrade,336325,Enrique Peña Zauner,Left Winger,25,0.4
Eerste Divisie,2024,192,Roda JC Kerkrade,486043,Thibo Baeten,Left Winger,23,0.4
Eerste Divisie,2024,192,Roda JC Kerkrade,473170,Cain Seedorf,Left Winger,25,0.325
Eerste Divisie,2024,192,Roda JC Kerkrade,593411,Patriot Sejdiu,Right Winger,25,0.45
Eerste Divisie,2024,192,Roda JC Kerkrade,462087,Arjen van der Heide,Right Winger,23,0.4
Eerste Divisie,2024,192,Roda JC Kerkrade,258511,Michael Breij,Right Winger,28,0.4
Eerste Divisie,2024,192,Roda JC Kerkrade,892531,Khaled Razak,Right Winger,19,0.2
Eerste Divisie,2024,192,Roda JC Kerkrade,515396,Iman Griffith,Right Winger,23,0.2
Eerste Divisie,2024,192,Roda JC Kerkrade,594276,Tiago Çukur,Centre-Forward,22,0.4
Eerste Divisie,2024,192,Roda JC Kerkrade,687267,Saydou Bangura,Centre-Forward,22,0.2
Eerste Divisie,2024,642,De Graafschap Doetinchem,190687,Joshua Smits,Goalkeeper,32,0.4
Eerste Divisie,2024,642,De Graafschap Doetinchem,587606,Ties Wieggers,Goalkeeper,22,0.2
Eerste Divisie,2024,642,De Graafschap Doetinchem,740040,Sten Kremers,Goalkeeper,21,0.05
Eerste Divisie,2024,642,De Graafschap Doetinchem,559334,Rio Hillen,Centre-Back,22,0.6
Eerste Divisie,2024,642,De Graafschap Doetinchem,805451,Maas Willemsen,Centre-Back,22,0.5
Eerste Divisie,2024,642,De Graafschap Doetinchem,823992,Rowan Besselink,Centre-Back,20,0.35
Eerste Divisie,2024,642,De Graafschap Doetinchem,663649,Joran Hardeman,Centre-Back,23,0.25
Eerste Divisie,2024,642,De Graafschap Doetinchem,746974,Levi Schoppema,Left-Back,21,0.3
Eerste Divisie,2024,642,De Graafschap Doetinchem,723010,Kaya Symons,Left-Back,20,0.2
Eerste Divisie,2024,642,De Graafschap Doetinchem,488776,Seth Saarinen,Right-Back,24,0.2
Eerste Divisie,2024,642,De Graafschap Doetinchem,102660,Jeffry Fortes,Right-Back,36,0.125
Eerste Divisie,2024,642,De Graafschap Doetinchem,508636,Donny Warmerdam,Defensive Midfield,23,0.55
Eerste Divisie,2024,642,De Graafschap Doetinchem,900072,Philip Brittijn,Defensive Midfield,21,0.5
Eerste Divisie,2024,642,De Graafschap Doetinchem,355663,Anass Najah,Defensive Midfield,27,0.5
Eerste Divisie,2024,642,De Graafschap Doetinchem,943870,Stan Wevers,Defensive Midfield,21,0.1
Eerste Divisie,2024,642,De Graafschap Doetinchem,129543,Lion Kaak,Defensive Midfield,34,0.075
Eerste Divisie,2024,642,De Graafschap Doetinchem,793702,Tristan van Gilst,Attacking Midfield,22,0.65
Eerste Divisie,2024,642,De Graafschap Doetinchem,579756,Simon Colyn,Attacking Midfield,23,0.5
Eerste Divisie,2024,642,De Graafschap Doetinchem,443308,Reuven Niemeijer,Attacking Midfield,30,0.3
Eerste Divisie,2024,642,De Graafschap Doetinchem,324921,Youssef El Jebli,Attacking Midfield,32,0.2
Eerste Divisie,2024,642,De Graafschap Doetinchem,746976,Anis Yadir,Attacking Midfield,20,0.1
Eerste Divisie,2024,642,De Graafschap Doetinchem,508642,Ibrahim El Kadiri,Left Winger,23,0.4
Eerste Divisie,2024,642,De Graafschap Doetinchem,216815,Mimoun Mahi,Left Winger,31,0.25
Eerste Divisie,2024,642,De Graafschap Doetinchem,650472,Blnd Hassan,Left Winger,21,0.075
Eerste Divisie,2024,642,De Graafschap Doetinchem,462087,Arjen van der Heide,Right Winger,23,0.4
Eerste Divisie,2024,642,De Graafschap Doetinchem,670988,Wanya Marçal,Right Winger,22,0.3
Eerste Divisie,2024,642,De Graafschap Doetinchem,864678,Sam Bisselink,Right Winger,21,0.225
Eerste Divisie,2024,642,De Graafschap Doetinchem,475446,Giovanni Büttner,Right Winger,26,0.1
Eerste Divisie,2024,642,De Graafschap Doetinchem,625002,Jack Cooper-Love,Centre-Forward,23,0.5
Eerste Divisie,2024,642,De Graafschap Doetinchem,930983,Jesse van de Haar,Centre-Forward,20,0.45
Eerste Divisie,2024,642,De Graafschap Doetinchem,930998,Yannick Eduardo,Centre-Forward,19,0.2
Eerste Divisie,2024,642,De Graafschap Doetinchem,96472,Ralf Seuntjens,Centre-Forward,36,0.05
Eerste Divisie,2024,724,FC Volendam,790669,Kayne van Oevelen,Goalkeeper,21,0.7
Eerste Divisie,2024,724,FC Volendam,434861,Barry Lauwers,Goalkeeper,25,0.15
Eerste Divisie,2024,724,FC Volendam,1146761,Khadim Ngom,Goalkeeper,19,0.025
Eerste Divisie,2024,724,FC Volendam,640432,Xavier Mbuyamba,Centre-Back,23,1.0
Eerste Divisie,2024,724,FC Volendam,387199,Benaissa Benamar,Centre-Back,28,0.5
Eerste Divisie,2024,724,FC Volendam,710999,Silvinho Esajas,Centre-Back,22,0.25
Eerste Divisie,2024,724,FC Volendam,170720,Mawouna Amevor,Centre-Back,33,0.225
Eerste Divisie,2024,724,FC Volendam,612757,Daan Steur,Centre-Back,22,0.075
Eerste Divisie,2024,724,FC Volendam,1175045,Luca Blondeau,Centre-Back,19,0.075
Eerste Divisie,2024,724,FC Volendam,541020,Yannick Leliendal,Left-Back,23,0.75
Eerste Divisie,2024,724,FC Volendam,790411,Déron Payne,Right-Back,22,0.65
Eerste Divisie,2024,724,FC Volendam,779750,Gladwin Curiel,Right-Back,23,0.2
Eerste Divisie,2024,724,FC Volendam,670779,Daniël Beukers,Right-Back,21,0.1
Eerste Divisie,2024,724,FC Volendam,940095,Nordin Bukala,Defensive Midfield,19,0.275
Eerste Divisie,2024,724,FC Volendam,30670,Vurnon Anita,Defensive Midfield,36,0.15
Eerste Divisie,2024,724,FC Volendam,1196804,Anass Bouziane,Defensive Midfield,18,0.025
Eerste Divisie,2024,724,FC Volendam,765468,Milan de Haan,Central Midfield,21,0.35
Eerste Divisie,2024,724,FC Volendam,929347,Imran Nazih,Central Midfield,19,0.1
Eerste Divisie,2024,724,FC Volendam,928359,Myron Mau-Asam,Central Midfield,21,0.075
Eerste Divisie,2024,724,FC Volendam,1055234,Mika van der Horst,Central Midfield,20,0.05
Eerste Divisie,2024,724,FC Volendam,410735,Jamie Jacobs,Attacking Midfield,27,0.4
Eerste Divisie,2024,724,FC Volendam,410719,Alex Plat,Left Winger,27,0.5
Eerste Divisie,2024,724,FC Volendam,126413,Jerson Cabral,Left Winger,34,0.05
Eerste Divisie,2024,724,FC Volendam,241324,Bilal Ould-Chikh,Right Winger,27,0.9
Eerste Divisie,2024,724,FC Volendam,232219,Brandley Kuwas,Right Winger,32,0.3
Eerste Divisie,2024,724,FC Volendam,654902,Aurelio Oehlers,Right Winger,21,0.3
Eerste Divisie,2024,724,FC Volendam,895302,Caner Demircioglu,Right Winger,22,0.05
Eerste Divisie,2024,724,FC Volendam,271743,Henk Veerman,Centre-Forward,34,0.35
Eerste Divisie,2024,724,FC Volendam,186763,Robert Mühren,Centre-Forward,36,0.25
Eerste Divisie,2024,724,FC Volendam,198070,Elvis Manu,Centre-Forward,31,0.225
Eerste Divisie,2024,724,FC Volendam,702834,Quincy Hoeve,Centre-Forward,22,0.1
Eerste Divisie,2024,724,FC Volendam,727531,Koen Blommestijn,Centre-Forward,25,0.1
Eerste Divisie,2024,724,FC Volendam,935250,Mauro Zijlstra,Centre-Forward,20,0.075
Eerste Divisie,2024,1268,ADO Den Haag,559319,Kilian Nikièma,Goalkeeper,22,0.4
Eerste Divisie,2024,1268,ADO Den Haag,548934,Hugo Wentges,Goalkeeper,23,0.15
Eerste Divisie,2024,1268,ADO Den Haag,119061,Tim Coremans,Goalkeeper,34,0.1
Eerste Divisie,2024,1268,ADO Den Haag,701509,David van de Riet,Goalkeeper,23,0.025
Eerste Divisie,2024,1268,ADO Den Haag,719382,Matteo Waem,Centre-Back,25,0.65
Eerste Divisie,2024,1268,ADO Den Haag,354476,Diogo Tomas,Centre-Back,27,0.45
Eerste Divisie,2024,1268,ADO Den Haag,266615,Daniel Granli,Centre-Back,31,0.25
Eerste Divisie,2024,1268,ADO Den Haag,710999,Silvinho Esajas,Centre-Back,22,0.25
Eerste Divisie,2024,1268,ADO Den Haag,567485,Taneli Hämäläinen,Centre-Back,24,0.25
Eerste Divisie,2024,1268,ADO Den Haag,595240,Milan Hokke,Centre-Back,21,0.15
Eerste Divisie,2024,1268,ADO Den Haag,587333,Sekou Sylla,Left-Back,26,0.3
Eerste Divisie,2024,1268,ADO Den Haag,935493,Ronny Boakye,Left-Back,21,0.1
Eerste Divisie,2024,1268,ADO Den Haag,548935,Steven van der Sloot,Right-Back,22,0.45
Eerste Divisie,2024,1268,ADO Den Haag,278761,Kürsad Sürmeli,Defensive Midfield,29,0.15
Eerste Divisie,2024,1268,ADO Den Haag,374213,Jari Vlak,Central Midfield,26,0.7
Eerste Divisie,2024,1268,ADO Den Haag,538642,Juho Kilo,Central Midfield,23,0.5
Eerste Divisie,2024,1268,ADO Den Haag,148376,Lasse Vigen,Central Midfield,30,0.3
Eerste Divisie,2024,1268,ADO Den Haag,928630,Finn de Bruin,Central Midfield,21,0.2
Eerste Divisie,2024,1268,ADO Den Haag,548937,Evan Rottier,Attacking Midfield,23,0.45
Eerste Divisie,2024,1268,ADO Den Haag,760508,Joel Ideho,Left Winger,21,0.5
Eerste Divisie,2024,1268,ADO Den Haag,703626,Cameron Peupion,Left Winger,22,0.225
Eerste Divisie,2024,1268,ADO Den Haag,848089,Illaijh de Ruijter,Left Winger,18,0.2
Eerste Divisie,2024,1268,ADO Den Haag,790420,Rafael Struick,Left Winger,22,0.15
Eerste Divisie,2024,1268,ADO Den Haag,1031551,Lorenzo Maasland,Left Winger,20,0.15
Eerste Divisie,2024,1268,ADO Den Haag,177821,Daryl van Mieghem,Right Winger,35,0.25
Eerste Divisie,2024,1268,ADO Den Haag,1011472,Dano Lourens,Second Striker,21,0.2
Eerste Divisie,2024,1268,ADO Den Haag,629039,Luka Reischl,Centre-Forward,21,0.6
Eerste Divisie,2024,1268,ADO Den Haag,713479,Lee Bonis,Centre-Forward,25,0.4
Eerste Divisie,2024,1268,ADO Den Haag,186228,Alex Schalk,Centre-Forward,32,0.325
Eerste Divisie,2024,1268,ADO Den Haag,894112,Elias Mohammad,Centre-Forward,22,0.1
Eerste Divisie,2024,404,FC Den Bosch,601262,Pepijn van de Merbel,Goalkeeper,23,0.35
Eerste Divisie,2024,404,FC Den Bosch,436061,Mees Bakker,Goalkeeper,24,0.15
Eerste Divisie,2024,404,FC Den Bosch,1136720,Tjemme Bijlsma,Goalkeeper,18,0.075
Eerste Divisie,2024,404,FC Den Bosch,1021377,Silver Elum,Goalkeeper,19,0.025
Eerste Divisie,2024,404,FC Den Bosch,675981,Stan Henderikx,Centre-Back,21,0.5
Eerste Divisie,2024,404,FC Den Bosch,633124,Teun van Grunsven,Centre-Back,25,0.45
Eerste Divisie,2024,404,FC Den Bosch,417827,Victor van den Bogert,Centre-Back,25,0.275
Eerste Divisie,2024,404,FC Den Bosch,577462,Stan Maas,Centre-Back,24,0.25
Eerste Divisie,2024,404,FC Den Bosch,445449,Ricardo Henning,Centre-Back,24,0.15
Eerste Divisie,2024,404,FC Den Bosch,949911,Mees Laros,Left-Back,20,0.6
Eerste Divisie,2024,404,FC Den Bosch,639974,Nick de Groot,Left-Back,23,0.4
Eerste Divisie,2024,404,FC Den Bosch,469084,Rik Mulders,Right-Back,24,0.45
Eerste Divisie,2024,404,FC Den Bosch,562701,Sheddy Barglan,Right-Back,22,0.175
Eerste Divisie,2024,404,FC Den Bosch,631402,Mikulas Bakala,Defensive Midfield,24,0.4
Eerste Divisie,2024,404,FC Den Bosch,356736,Markus Soomets,Central Midfield,25,0.25
Eerste Divisie,2024,404,FC Den Bosch,528866,Shalva Ogbaidze,Central Midfield,22,0.15
Eerste Divisie,2024,404,FC Den Bosch,596180,Yuya Ikeshita,Central Midfield,23,0.15
Eerste Divisie,2024,404,FC Den Bosch,1175827,Zaid el Bakkali,Central Midfield,19,0.025
Eerste Divisie,2024,404,FC Den Bosch,524033,Thijs van Leeuwen,Attacking Midfield,23,0.3
Eerste Divisie,2024,404,FC Den Bosch,949914,Rein van Hedel,Attacking Midfield,20,0.15
Eerste Divisie,2024,404,FC Den Bosch,99508,Danny Verbeek,Attacking Midfield,34,0.1
Eerste Divisie,2024,404,FC Den Bosch,697898,Vieiri Kotzebue,Left Winger,22,0.3
Eerste Divisie,2024,404,FC Den Bosch,480452,Hicham Acheffay,Left Winger,24,0.225
Eerste Divisie,2024,404,FC Den Bosch,1031875,Ilias Boumassaoudi,Left Winger,20,0.225
Eerste Divisie,2024,404,FC Den Bosch,586706,David Jonathans,Left Winger,21,0.15
Eerste Divisie,2024,404,FC Den Bosch,949924,Yannick Keijser,Left Winger,20,0.025
Eerste Divisie,2024,404,FC Den Bosch,692771,Byron Burgering,Right Winger,24,0.65
Eerste Divisie,2024,404,FC Den Bosch,591199,Kévin Monzialo,Right Winger,24,0.3
Eerste Divisie,2024,404,FC Den Bosch,284737,Törles Knöll,Centre-Forward,27,0.6
Eerste Divisie,2024,404,FC Den Bosch,358261,Konstantinos Doumtsios,Centre-Forward,27,0.275
Eerste Divisie,2024,404,FC Den Bosch,186282,Danzell Gravenberch,Centre-Forward,31,0.25
Eerste Divisie,2024,404,FC Den Bosch,669450,Sebastian Karlsson Grach,Centre-Forward,24,0.225
Eerste Divisie,2024,404,FC Den Bosch,1056828,Denzel Kuijpers,Centre-Forward,21,0.125
Eerste Divisie,2024,1426,VVV-Venlo,426142,Jan de Boer,Goalkeeper,25,0.35
Eerste Divisie,2024,1426,VVV-Venlo,390814,Trevor Doornbusch,Goalkeeper,25,0.15
Eerste Divisie,2024,1426,VVV-Venlo,159143,Delano van Crooij,Goalkeeper,34,0.125
Eerste Divisie,2024,1426,VVV-Venlo,695876,Tim Schrick,Goalkeeper,21,0.025
Eerste Divisie,2024,1426,VVV-Venlo,846062,Gabin Blancquart,Centre-Back,21,0.45
Eerste Divisie,2024,1426,VVV-Venlo,309843,Rick Ketting,Centre-Back,29,0.375
Eerste Divisie,2024,1426,VVV-Venlo,618038,Serano Seymor,Centre-Back,23,0.275
Eerste Divisie,2024,1426,VVV-Venlo,723581,Yousri el Anbri,Centre-Back,19,0.15
Eerste Divisie,2024,1426,VVV-Venlo,786426,Dylan Timber,Centre-Back,25,0.125
Eerste Divisie,2024,1426,VVV-Venlo,168787,Roel Janssen,Centre-Back,35,0.1
Eerste Divisie,2024,1426,VVV-Venlo,1087050,Tijn Joosten,Centre-Back,18,0.05
Eerste Divisie,2024,1426,VVV-Venlo,457092,Simon Janssen,Left-Back,24,0.45
Eerste Divisie,2024,1426,VVV-Venlo,619780,Niels van Berkel,Left-Back,23,0.25
Eerste Divisie,2024,1426,VVV-Venlo,796216,Emmanuel Gyamfi,Left-Back,20,0.2
Eerste Divisie,2024,1426,VVV-Venlo,150663,Sylian Mokono,Right-Back,26,0.275
Eerste Divisie,2024,1426,VVV-Venlo,361078,Robin Lathouwers,Right-Back,25,0.175
Eerste Divisie,2024,1426,VVV-Venlo,961483,Diego van Zutphen,Right-Back,20,0.15
Eerste Divisie,2024,1426,VVV-Venlo,1087052,Tim Braem,Defensive Midfield,19,0.5
Eerste Divisie,2024,1426,VVV-Venlo,618343,Joep Kluskens,Defensive Midfield,22,0.2
Eerste Divisie,2024,1426,VVV-Venlo,370042,Driess Saddiki,Defensive Midfield,28,0.2
Eerste Divisie,2024,1426,VVV-Venlo,339080,Richard Sedlacek,Central Midfield,26,0.35
Eerste Divisie,2024,1426,VVV-Venlo,409514,Elias Sierra,Central Midfield,23,0.35
Eerste Divisie,2024,1426,VVV-Venlo,61612,Navarone Foor,Central Midfield,33,0.2
Eerste Divisie,2024,1426,VVV-Venlo,994653,Mohammed Odriss,Central Midfield,20,0.1
Eerste Divisie,2024,1426,VVV-Venlo,566933,Naïm Matoug,Attacking Midfield,22,0.25
Eerste Divisie,2024,1426,VVV-Venlo,485592,Max de Waal,Attacking Midfield,23,0.2
Eerste Divisie,2024,1426,VVV-Venlo,1000138,Paul Pöpperl,Attacking Midfield,22,0.15
Eerste Divisie,2024,1426,VVV-Venlo,675979,Thijme Verheijen,Left Winger,22,0.2
Eerste Divisie,2024,1426,VVV-Venlo,865293,Layee Kromah,Left Winger,22,0.2
Eerste Divisie,2024,1426,VVV-Venlo,196158,Brahim Darri,Left Winger,30,0.075
Eerste Divisie,2024,1426,VVV-Venlo,258335,Martijn Berden,Right Winger,27,0.275
Eerste Divisie,2024,1426,VVV-Venlo,618102,Lasse Wehmeyer,Right Winger,22,0.2
Eerste Divisie,2024,1426,VVV-Venlo,1371849,Bjorn van Zijl,Right Winger,20,0.125
Eerste Divisie,2024,1426,VVV-Venlo,358261,Konstantinos Doumtsios,Centre-Forward,27,0.275
Eerste Divisie,2024,1426,VVV-Venlo,514280,Pepijn Doesburg,Centre-Forward,24,0.225
Eerste Divisie,2024,1426,VVV-Venlo,942790,Dean Zandbergen,Centre-Forward,23,0.225
Eerste Divisie,2024,1426,VVV-Venlo,686938,Arwin Kalmarzy,Centre-Forward,23,0.15
Eerste Divisie,2024,1434,SC Telstar,271549,Ronald Koeman Jr.,Goalkeeper,30,0.45
Eerste Divisie,2024,1434,SC Telstar,471797,Joey Houweling,Goalkeeper,25,0.075
Eerste Divisie,2024,1434,SC Telstar,949878,Lukas van Ingen,Goalkeeper,21,0.025
Eerste Divisie,2024,1434,SC Telstar,663961,Tyrick Bodak,Goalkeeper,23,0.025
Eerste Divisie,2024,1434,SC Telstar,590777,Guus Offerhaus,Centre-Back,24,0.5
Eerste Divisie,2024,1434,SC Telstar,250440,Danny Bakker,Centre-Back,30,0.45
Eerste Divisie,2024,1434,SC Telstar,748604,Devon Koswal,Centre-Back,21,0.35
Eerste Divisie,2024,1434,SC Telstar,515388,Sem Dirks,Centre-Back,24,0.2
Eerste Divisie,2024,1434,SC Telstar,113872,Mitch Apau,Centre-Back,35,0.1
Eerste Divisie,2024,1434,SC Telstar,1006923,Adil Lechkar,Right-Back,23,0.05
Eerste Divisie,2024,1434,SC Telstar,694039,Nils Rossen,Defensive Midfield,20,0.35
Eerste Divisie,2024,1434,SC Telstar,749616,Achraf Oughcha,Defensive Midfield,21,0.025
Eerste Divisie,2024,1434,SC Telstar,461644,Tyrone Owusu,Central Midfield,26,0.35
Eerste Divisie,2024,1434,SC Telstar,404694,Mees Kaandorp,Central Midfield,27,0.25
Eerste Divisie,2024,1434,SC Telstar,806463,Remi van Ekeris,Central Midfield,22,0.15
Eerste Divisie,2024,1434,SC Telstar,124889,Tom Overtoom,Central Midfield,34,0.075
Eerste Divisie,2024,1434,SC Telstar,708005,Tyrese Noslin,Right Midfield,22,0.4
Eerste Divisie,2024,1434,SC Telstar,263555,Jeff Hardeveld,Left Midfield,30,0.45
Eerste Divisie,2024,1434,SC Telstar,779754,Jayden Turfkruier,Left Midfield,22,0.3
Eerste Divisie,2024,1434,SC Telstar,473170,Cain Seedorf,Left Winger,25,0.325
Eerste Divisie,2024,1434,SC Telstar,272698,Mohamed Hamdaoui,Left Winger,32,0.3
Eerste Divisie,2024,1434,SC Telstar,516761,Achraf Douiri,Left Winger,25,0.15
Eerste Divisie,2024,1434,SC Telstar,519651,Zakaria Eddahchouri,Centre-Forward,25,0.8
Eerste Divisie,2024,1434,SC Telstar,444380,Youssef El Kachati,Centre-Forward,25,0.8
Eerste Divisie,2024,1434,SC Telstar,779752,Soufiane Hetli,Centre-Forward,24,0.3
Eerste Divisie,2024,1434,SC Telstar,482826,Reda Kharchouch,Centre-Forward,29,0.2
Eerste Divisie,2024,1434,SC Telstar,804906,Sebastiaan Hagedoorn,Centre-Forward,20,0.1
Eerste Divisie,2024,499,Vitesse Arnhem,646708,Mikki van Sas,Goalkeeper,21,0.4
Eerste Divisie,2024,499,Vitesse Arnhem,738480,Tom Bramel,Goalkeeper,19,0.25
Eerste Divisie,2024,499,Vitesse Arnhem,879509,Sil Milder,Goalkeeper,20,0.025
Eerste Divisie,2024,499,Vitesse Arnhem,742719,Sep van der Heijden,Goalkeeper,20,0.025
Eerste Divisie,2024,499,Vitesse Arnhem,805149,Giovanni van Zwam,Centre-Back,21,0.3
Eerste Divisie,2024,499,Vitesse Arnhem,607141,Marcus Steffen,Centre-Back,22,0.25
Eerste Divisie,2024,499,Vitesse Arnhem,313729,Justin Bakker,Centre-Back,27,0.15
Eerste Divisie,2024,499,Vitesse Arnhem,420215,Nordin Musampa,Centre-Back,23,0.1
Eerste Divisie,2024,499,Vitesse Arnhem,600675,Roan van der Plaat,Left-Back,22,0.1
Eerste Divisie,2024,499,Vitesse Arnhem,38003,Alexander Büttner,Left-Back,36,0.1
Eerste Divisie,2024,499,Vitesse Arnhem,1030525,Mats Egbring,Right-Back,18,0.3
Eerste Divisie,2024,499,Vitesse Arnhem,494282,Mees Kreekels,Right-Back,23,0.175
Eerste Divisie,2024,499,Vitesse Arnhem,607164,Enzo Cornelisse,Defensive Midfield,23,0.35
Eerste Divisie,2024,499,Vitesse Arnhem,559336,Loek Postma,Defensive Midfield,22,0.25
Eerste Divisie,2024,499,Vitesse Arnhem,1054634,Anass Zarrouk,Defensive Midfield,18,0.25
Eerste Divisie,2024,499,Vitesse Arnhem,609647,Angelos Tsingaras,Defensive Midfield,25,0.25
Eerste Divisie,2024,499,Vitesse Arnhem,608889,Mathijs Tielemans,Central Midfield,23,0.6
Eerste Divisie,2024,499,Vitesse Arnhem,806245,Irakli Yegoian,Attacking Midfield,21,0.5
Eerste Divisie,2024,499,Vitesse Arnhem,987364,Jim Koller,Attacking Midfield,18,0.3
Eerste Divisie,2024,499,Vitesse Arnhem,1030524,Michael Dokunmu,Attacking Midfield,19,0.025
Eerste Divisie,2024,499,Vitesse Arnhem,747243,Gyan de Regt,Left Winger,21,0.35
Eerste Divisie,2024,499,Vitesse Arnhem,584548,Theodosis Macheras,Left Winger,25,0.3
Eerste Divisie,2024,499,Vitesse Arnhem,559321,Dillon Hoogewerf,Left Winger,22,0.15
Eerste Divisie,2024,499,Vitesse Arnhem,723008,Miliano Jonathans,Right Winger,21,0.9
Eerste Divisie,2024,499,Vitesse Arnhem,475446,Giovanni Büttner,Right Winger,26,0.1
Eerste Divisie,2024,499,Vitesse Arnhem,827260,Adam Tahaui,Right Winger,19,0.025
Eerste Divisie,2024,499,Vitesse Arnhem,949961,Bas Huisman,Centre-Forward,20,0.25
Eerste Divisie,2024,499,Vitesse Arnhem,1096365,Andy Visser,Centre-Forward,20,0.2
Eerste Divisie,2024,499,Vitesse Arnhem,400991,Tomislav Gudelj,Centre-Forward,27,0.2
Eerste Divisie,2024,499,Vitesse Arnhem,602597,Simon van Duivenbooden,Centre-Forward,23,0.15
Eerste Divisie,2024,1283,FC Emmen,388815,Luca Unbehaun,Goalkeeper,24,0.35
Eerste Divisie,2024,1283,FC Emmen,409346,Jan Hoekstra,Goalkeeper,26,0.125
Eerste Divisie,2024,1283,FC Emmen,463526,Robin Jalving,Goalkeeper,25,0.05
Eerste Divisie,2024,1283,FC Emmen,412939,Dennis Vos,Centre-Back,23,0.35
Eerste Divisie,2024,1283,FC Emmen,460619,Pascal Mulder,Centre-Back,26,0.35
Eerste Divisie,2024,1283,FC Emmen,155806,Mike te Wierik,Centre-Back,33,0.275
Eerste Divisie,2024,1283,FC Emmen,520102,Jorginho Soares,Centre-Back,25,0.15
Eerste Divisie,2024,1283,FC Emmen,936570,Gijs Bolk,Centre-Back,20,0.025
Eerste Divisie,2024,1283,FC Emmen,880604,Tim Geypens,Left-Back,20,0.075
Eerste Divisie,2024,1283,FC Emmen,362276,Faris Hammouti,Right-Back,28,0.25
Eerste Divisie,2024,1283,FC Emmen,315156,Robin Schouten,Right-Back,27,0.2
Eerste Divisie,2024,1283,FC Emmen,238175,Fridolin Wagner,Defensive Midfield,27,0.35
Eerste Divisie,2024,1283,FC Emmen,522253,Torben Rhein,Central Midfield,22,0.4
Eerste Divisie,2024,1283,FC Emmen,317735,Julius Kade,Central Midfield,26,0.4
Eerste Divisie,2024,1283,FC Emmen,420376,Michael Martin,Central Midfield,24,0.25
Eerste Divisie,2024,1283,FC Emmen,590775,Djenahro Nunumete,Central Midfield,23,0.225
Eerste Divisie,2024,1283,FC Emmen,386109,Alaa Bakir,Attacking Midfield,24,0.25
Eerste Divisie,2024,1283,FC Emmen,538921,Freddy Quispel,Attacking Midfield,24,0.1
Eerste Divisie,2024,1283,FC Emmen,928395,Jorn Hekkert,Attacking Midfield,20,0.075
Eerste Divisie,2024,1283,FC Emmen,569368,Kelian Nsona,Left Winger,23,0.75
Eerste Divisie,2024,1283,FC Emmen,538966,Chardi Landu,Left Winger,24,0.125
Eerste Divisie,2024,1283,FC Emmen,433091,Jalen Hawkins,Right Winger,24,0.5
Eerste Divisie,2024,1283,FC Emmen,336331,Franck Evina,Centre-Forward,24,0.4
Eerste Divisie,2024,1283,FC Emmen,648573,Agon Sadiku,Centre-Forward,22,0.3
Eerste Divisie,2024,1283,FC Emmen,315140,Joey Konings,Centre-Forward,27,0.25
Eerste Divisie,2024,1283,FC Emmen,930998,Yannick Eduardo,Centre-Forward,19,0.2
Eerste Divisie,2024,1283,FC Emmen,641248,Adrian Rogulj,Centre-Forward,26,0.075
Eerste Divisie,2024,500,Helmond Sport,159896,Wouter van der Steen,Goalkeeper,35,0.175
Eerste Divisie,2024,500,Helmond Sport,1257359,Kevin Aben,Goalkeeper,21,0.075
Eerste Divisie,2024,500,Helmond Sport,687560,Tom Hendriks,Goalkeeper,23,0.05
Eerste Divisie,2024,500,Helmond Sport,380285,Jonas Scholz,Centre-Back,26,0.45
Eerste Divisie,2024,500,Helmond Sport,913660,Redouane Halhal,Centre-Back,22,0.35
Eerste Divisie,2024,500,Helmond Sport,456335,Flor Van den Eynden,Centre-Back,24,0.325
Eerste Divisie,2024,500,Helmond Sport,1257363,Lars Zonneveld,Centre-Back,20,0.025
Eerste Divisie,2024,500,Helmond Sport,373977,Amir Absalem,Left-Back,28,0.35
Eerste Divisie,2024,500,Helmond Sport,429929,Bryan van Hove,Left-Back,25,0.275
Eerste Divisie,2024,500,Helmond Sport,161549,Tobias Pachonik,Right-Back,30,0.3
Eerste Divisie,2024,500,Helmond Sport,646705,Sem Dekkers,Right-Back,21,0.25
Eerste Divisie,2024,500,Helmond Sport,415085,Justin Ogenia,Right-Back,26,0.2
Eerste Divisie,2024,500,Helmond Sport,945685,Alen Dizdarevic,Defensive Midfield,21,0.325
Eerste Divisie,2024,500,Helmond Sport,1052854,Axl Van Himbeeck,Defensive Midfield,20,0.325
Eerste Divisie,2024,500,Helmond Sport,694318,Enrik Ostrc,Defensive Midfield,23,0.275
Eerste Divisie,2024,500,Helmond Sport,700145,Michel Ludwig,Central Midfield,20,0.3
Eerste Divisie,2024,500,Helmond Sport,490385,Mohammed Amin Doudah,Central Midfield,22,0.3
Eerste Divisie,2024,500,Helmond Sport,507407,Théo Golliard,Attacking Midfield,22,0.5
Eerste Divisie,2024,500,Helmond Sport,1036574,Helgi Fródi Ingason,Attacking Midfield,19,0.25
Eerste Divisie,2024,500,Helmond Sport,292805,Lennerd Daneels,Left Winger,27,0.325
Eerste Divisie,2024,500,Helmond Sport,995875,Tarik Essakkati,Left Winger,19,0.25
Eerste Divisie,2024,500,Helmond Sport,864678,Sam Bisselink,Right Winger,21,0.225
Eerste Divisie,2024,500,Helmond Sport,371980,Mohamed Mallahi,Right Winger,25,0.225
Eerste Divisie,2024,500,Helmond Sport,864124,Onesime Zimuangana,Right Winger,19,0.05
Eerste Divisie,2024,500,Helmond Sport,806955,Dario Sits,Centre-Forward,21,0.4
Eerste Divisie,2024,500,Helmond Sport,226100,Anthony van den Hurk,Centre-Forward,32,0.25
Eerste Divisie,2024,3892,FC Eindhoven,277242,Jorn Brondeel,Goalkeeper,31,0.3
Eerste Divisie,2024,3892,FC Eindhoven,736097,Jort Borgmans,Goalkeeper,22,0.125
Eerste Divisie,2024,3892,FC Eindhoven,1019546,Nino Fancito,Goalkeeper,20,0.025
Eerste Divisie,2024,3892,FC Eindhoven,1088322,Shane van Aarle,Centre-Back,19,0.4
Eerste Divisie,2024,3892,FC Eindhoven,341678,Collin Seedorf,Centre-Back,30,0.325
Eerste Divisie,2024,3892,FC Eindhoven,621733,Farouq Limouri,Centre-Back,22,0.3
Eerste Divisie,2024,3892,FC Eindhoven,355860,Maarten Peijnenburg,Centre-Back,28,0.2
Eerste Divisie,2024,3892,FC Eindhoven,1054638,Luuk Verheij,Centre-Back,19,0.2
Eerste Divisie,2024,3892,FC Eindhoven,477250,Terrence Douglas,Left-Back,23,0.3
Eerste Divisie,2024,3892,FC Eindhoven,1186020,Matteo Vandendaele,Left-Back,20,0.05
Eerste Divisie,2024,3892,FC Eindhoven,486347,Tibo Persyn,Right-Back,23,0.3
Eerste Divisie,2024,3892,FC Eindhoven,361122,Achraf El Bouchataoui,Defensive Midfield,25,0.3
Eerste Divisie,2024,3892,FC Eindhoven,655017,Maarten Swerts,Defensive Midfield,21,0.075
Eerste Divisie,2024,3892,FC Eindhoven,640566,Dyon Dorenbosch,Central Midfield,22,0.35
Eerste Divisie,2024,3892,FC Eindhoven,564448,Daan Huisman,Central Midfield,22,0.35
Eerste Divisie,2024,3892,FC Eindhoven,746987,Sven Simons,Central Midfield,21,0.325
Eerste Divisie,2024,3892,FC Eindhoven,595774,Boris van Schuppen,Attacking Midfield,23,0.55
Eerste Divisie,2024,3892,FC Eindhoven,548937,Evan Rottier,Attacking Midfield,23,0.45
Eerste Divisie,2024,3892,FC Eindhoven,207043,Joey Sleegers,Left Winger,30,0.3
Eerste Divisie,2024,3892,FC Eindhoven,957307,Hugo Deenen,Left Winger,20,0.2
Eerste Divisie,2024,3892,FC Eindhoven,1228735,Tyrese Simons,Left Winger,22,0.2
Eerste Divisie,2024,3892,FC Eindhoven,351873,Sven Blummel,Right Winger,28,0.4
Eerste Divisie,2024,3892,FC Eindhoven,864118,Julian Kwaaitaal,Right Winger,20,0.2
Eerste Divisie,2024,3892,FC Eindhoven,315140,Joey Konings,Centre-Forward,27,0.25
Eerste Divisie,2024,3892,FC Eindhoven,111183,Rangelo Janga,Centre-Forward,33,0.2
Eerste Divisie,2024,384,MVV Maastricht,538073,Romain Matthys,Goalkeeper,26,0.4
Eerste Divisie,2024,384,MVV Maastricht,548806,Thijs Lambrix,Goalkeeper,23,0.05
Eerste Divisie,2024,384,MVV Maastricht,1070999,Joren Op De Beeck,Goalkeeper,19,0.025
Eerste Divisie,2024,384,MVV Maastricht,567544,Wout Coomans,Centre-Back,23,0.35
Eerste Divisie,2024,384,MVV Maastricht,58359,Özgür Aktaş,Centre-Back,28,0.325
Eerste Divisie,2024,384,MVV Maastricht,1277872,Simon Francis,Centre-Back,20,0.25
Eerste Divisie,2024,384,MVV Maastricht,844506,Lars Schenk,Left-Back,23,0.3
Eerste Divisie,2024,384,MVV Maastricht,995321,Djairo Tehubijuluw,Left-Back,20,0.1
Eerste Divisie,2024,384,MVV Maastricht,595700,Tim Zeegers,Right-Back,25,0.25
Eerste Divisie,2024,384,MVV Maastricht,1034646,Andréa Librici,Right-Back,20,0.175
Eerste Divisie,2024,384,MVV Maastricht,1148222,Kanou Sy,Right-Back,19,0.1
Eerste Divisie,2024,384,MVV Maastricht,1072729,Milan Hofland,Right-Back,20,0.025
Eerste Divisie,2024,384,MVV Maastricht,187288,Robert Klaasen,Defensive Midfield,31,0.25
Eerste Divisie,2024,384,MVV Maastricht,1089461,Max Sangen,Defensive Midfield,20,0.025
Eerste Divisie,2024,384,MVV Maastricht,480265,Stan Van Dessel,Central Midfield,23,0.35
Eerste Divisie,2024,384,MVV Maastricht,714078,Marko Kleinen,Central Midfield,23,0.35
Eerste Divisie,2024,384,MVV Maastricht,957322,Nabil El Basri,Central Midfield,21,0.325
Eerste Divisie,2024,384,MVV Maastricht,944065,Saul Penders,Central Midfield,22,0.1
Eerste Divisie,2024,384,MVV Maastricht,119066,Bryan Smeets,Attacking Midfield,32,0.25
Eerste Divisie,2024,384,MVV Maastricht,671668,Ferre Slegers,Attacking Midfield,20,0.25
Eerste Divisie,2024,384,MVV Maastricht,1021770,Ilano Silva Timas,Left Winger,22,0.35
Eerste Divisie,2024,384,MVV Maastricht,1143493,Rayan Buifrahi,Left Winger,20,0.3
Eerste Divisie,2024,384,MVV Maastricht,591876,Robyn Esajas,Left Winger,23,0.25
Eerste Divisie,2024,384,MVV Maastricht,1142136,Ilias El Hari,Left Winger,19,0.075
Eerste Divisie,2024,384,MVV Maastricht,808767,Camil Mmaee,Right Winger,21,0.4
Eerste Divisie,2024,384,MVV Maastricht,680916,Ayman Kassimi,Right Winger,23,0.15
Eerste Divisie,2024,384,MVV Maastricht,185400,Sven Braken,Centre-Forward,32,0.25
Eerste Divisie,2024,384,MVV Maastricht,1039750,Luca Foubert,Centre-Forward,21,0.1
Eerste Divisie,2024,1228,TOP Oss,206743,Mike Havekotte,Goalkeeper,29,0.3
Eerste Divisie,2024,1228,TOP Oss,383705,Mark Spenkelink,Goalkeeper,28,0.1
Eerste Divisie,2024,1228,TOP Oss,591878,Devin Remie,Goalkeeper,22,0.05
Eerste Divisie,2024,1228,TOP Oss,766138,Max van Herk,Goalkeeper,26,0.025
Eerste Divisie,2024,1228,TOP Oss,547312,Xander Lambrix,Centre-Back,25,0.35
Eerste Divisie,2024,1228,TOP Oss,497252,Leonel Miguel,Centre-Back,24,0.225
Eerste Divisie,2024,1228,TOP Oss,707645,Jules Van Bost,Centre-Back,22,0.15
Eerste Divisie,2024,1228,TOP Oss,566091,Thomas Cox,Centre-Back,23,0.15
Eerste Divisie,2024,1228,TOP Oss,113996,Calvin Mac-Intosch,Centre-Back,35,0.05
Eerste Divisie,2024,1228,TOP Oss,694007,Thomas Reinders,Centre-Back,21,0.05
Eerste Divisie,2024,1228,TOP Oss,775986,Julian Kuijpers,Left-Back,20,0.3
Eerste Divisie,2024,1228,TOP Oss,594277,Jonathan Mulder,Left-Back,23,0.2
Eerste Divisie,2024,1228,TOP Oss,360514,Giovanni Troupée,Right-Back,27,0.25
Eerste Divisie,2024,1228,TOP Oss,621732,Delano Vianello,Defensive Midfield,22,0.15
Eerste Divisie,2024,1228,TOP Oss,706896,Marcelencio Esajas,Central Midfield,23,0.3
Eerste Divisie,2024,1228,TOP Oss,392744,Mitchell van Rooijen,Central Midfield,26,0.25
Eerste Divisie,2024,1228,TOP Oss,591879,Sven Zitman,Central Midfield,23,0.15
Eerste Divisie,2024,1228,TOP Oss,766818,Tom van der Werff,Central Midfield,22,0.125
Eerste Divisie,2024,1228,TOP Oss,271646,Karim Loukili,Attacking Midfield,28,0.2
Eerste Divisie,2024,1228,TOP Oss,415989,Mart Remans,Attacking Midfield,27,0.2
Eerste Divisie,2024,1228,TOP Oss,494283,Enrico Dueñas,Attacking Midfield,24,0.125
Eerste Divisie,2024,1228,TOP Oss,899740,Mauresmo Hinoke,Left Winger,20,0.25
Eerste Divisie,2024,1228,TOP Oss,458418,Joshua Zimmerman,Right Winger,24,0.35
Eerste Divisie,2024,1228,TOP Oss,234910,Giovanni Korte,Right Winger,31,0.275
Eerste Divisie,2024,1228,TOP Oss,187298,Luciano Slagveer,Right Winger,31,0.25
Eerste Divisie,2024,1228,TOP Oss,794328,Abel Stensrud,Centre-Forward,23,0.275
Eerste Divisie,2024,1228,TOP Oss,565019,Arthur Allemeersch,Centre-Forward,23,0.275
Eerste Divisie,2024,1228,TOP Oss,587666,Tijmen Wildeboer,Centre-Forward,23,0.175
Eerste Divisie,2025,9715,PSV Eindhoven U21,215094,Nick Olij,Goalkeeper,30,2.0
Eerste Divisie,2025,9715,PSV Eindhoven U21,723005,Niek Schiks,Goalkeeper,22,0.5
Eerste Divisie,2025,9715,PSV Eindhoven U21,720805,Tijn Smolenaars,Goalkeeper,21,0.2
Eerste Divisie,2025,9715,PSV Eindhoven U21,1146761,Khadim Ngom,Goalkeeper,20,0.05
Eerste Divisie,2025,9715,PSV Eindhoven U21,800976,Adamo Nagalo,Centre-Back,23,2.8
Eerste Divisie,2025,9715,PSV Eindhoven U21,1135623,Fabian Merién,Centre-Back,17,0.75
Eerste Divisie,2025,9715,PSV Eindhoven U21,942070,Wessel Kuhn,Centre-Back,19,0.5
Eerste Divisie,2025,9715,PSV Eindhoven U21,937113,Madi Monamay,Centre-Back,20,0.4
Eerste Divisie,2025,9715,PSV Eindhoven U21,1088684,Michael Bresser,Centre-Back,19,0.35
Eerste Divisie,2025,9715,PSV Eindhoven U21,864119,Sven van der Plas,Centre-Back,20,0.3
Eerste Divisie,2025,9715,PSV Eindhoven U21,785501,Raf van de Riet,Left-Back,19,0.3
Eerste Divisie,2025,9715,PSV Eindhoven U21,921306,Eus Waayers,Right-Back,20,0.35
Eerste Divisie,2025,9715,PSV Eindhoven U21,957242,Essien Bassey,Right-Back,19,0.35
Eerste Divisie,2025,9715,PSV Eindhoven U21,816974,Tygo Land,Defensive Midfield,20,2.5
Eerste Divisie,2025,9715,PSV Eindhoven U21,1024739,Jordy Bawuah,Defensive Midfield,19,0.5
Eerste Divisie,2025,9715,PSV Eindhoven U21,766069,Yiandro Raap,Defensive Midfield,19,0.25
Eerste Divisie,2025,9715,PSV Eindhoven U21,900909,Paul Wanner,Central Midfield,20,22.0
Eerste Divisie,2025,9715,PSV Eindhoven U21,1095107,Noah Fernandez,Central Midfield,18,4.0
Eerste Divisie,2025,9715,PSV Eindhoven U21,987376,Joël van den Berg,Central Midfield,19,1.5
Eerste Divisie,2025,9715,PSV Eindhoven U21,962019,Sol Sidibé,Central Midfield,19,1.0
Eerste Divisie,2025,9715,PSV Eindhoven U21,775980,Tim van den Heuvel,Central Midfield,21,0.15
Eerste Divisie,2025,9715,PSV Eindhoven U21,813437,Isaac Babadi,Attacking Midfield,21,1.5
Eerste Divisie,2025,9715,PSV Eindhoven U21,1024747,Nicolas Verkooijen,Attacking Midfield,19,0.6
Eerste Divisie,2025,9715,PSV Eindhoven U21,987364,Jim Koller,Attacking Midfield,19,0.5
Eerste Divisie,2025,9715,PSV Eindhoven U21,763948,Dele Thomas,Left Winger,18,1.0
Eerste Divisie,2025,9715,PSV Eindhoven U21,1146474,Amir Bouhamdi,Left Winger,18,0.15
Eerste Divisie,2025,9715,PSV Eindhoven U21,925862,Esmir Bajraktarevic,Right Winger,21,8.0
Eerste Divisie,2025,9715,PSV Eindhoven U21,921345,Tay Abed,Right Winger,21,1.0
Eerste Divisie,2025,9715,PSV Eindhoven U21,896962,Fabio Kluit,Right Winger,20,0.25
Eerste Divisie,2025,9715,PSV Eindhoven U21,1026350,Manuel Bahaty,Right Winger,18,0.25
Eerste Divisie,2025,9715,PSV Eindhoven U21,412932,Myron Boadu,Centre-Forward,25,4.0
Eerste Divisie,2025,9715,PSV Eindhoven U21,990010,Robin van Duiven,Centre-Forward,20,0.7
Eerste Divisie,2025,9715,PSV Eindhoven U21,987359,Sami Bouhoudane,Centre-Forward,18,0.4
Eerste Divisie,2025,11368,AZ Alkmaar U21,704772,Rome-Jayden Owusu-Oduro,Goalkeeper,21,6.0
Eerste Divisie,2025,11368,AZ Alkmaar U21,938373,Kiyani Zeggen,Goalkeeper,19,0.3
Eerste Divisie,2025,11368,AZ Alkmaar U21,116471,Hobie Verhulst,Goalkeeper,33,0.15
Eerste Divisie,2025,11368,AZ Alkmaar U21,940640,Jur Schipper,Goalkeeper,19,0.125
Eerste Divisie,2025,11368,AZ Alkmaar U21,635371,Daniël Deen,Goalkeeper,23,0.1
Eerste Divisie,2025,11368,AZ Alkmaar U21,929128,Koen Schilder,Goalkeeper,20,0.025
Eerste Divisie,2025,11368,AZ Alkmaar U21,936294,Rion Ichihara,Centre-Back,20,1.5
Eerste Divisie,2025,11368,AZ Alkmaar U21,1008564,Billy van Duijl,Centre-Back,20,1.5
Eerste Divisie,2025,11368,AZ Alkmaar U21,646704,Maxim Dekker,Centre-Back,22,0.65
Eerste Divisie,2025,11368,AZ Alkmaar U21,1058353,Andrea Natali,Centre-Back,18,0.4
Eerste Divisie,2025,11368,AZ Alkmaar U21,929130,Mathijs Menu,Centre-Back,21,0.25
Eerste Divisie,2025,11368,AZ Alkmaar U21,848757,Rayan Atikallah,Centre-Back,19,0.1
Eerste Divisie,2025,11368,AZ Alkmaar U21,748541,Joeri Oud,Centre-Back,21,0.05
Eerste Divisie,2025,11368,AZ Alkmaar U21,1066953,Mateo Chávez,Left-Back,22,4.0
Eerste Divisie,2025,11368,AZ Alkmaar U21,1121109,Frej Elkjær,Left-Back,19,0.3
Eerste Divisie,2025,11368,AZ Alkmaar U21,929132,Jeremiah Esajas,Left-Back,21,0.275
Eerste Divisie,2025,11368,AZ Alkmaar U21,957241,Elijah Dijkstra,Right-Back,19,6.0
Eerste Divisie,2025,11368,AZ Alkmaar U21,646705,Sem Dekkers,Right-Back,22,0.25
Eerste Divisie,2025,11368,AZ Alkmaar U21,1055876,Jesper Zwart,Right-Back,19,0.25
Eerste Divisie,2025,11368,AZ Alkmaar U21,1102070,Kiani Inge,Right-Back,20,0.2
Eerste Divisie,2025,11368,AZ Alkmaar U21,988406,Kasper Boogaard,Defensive Midfield,20,2.5
Eerste Divisie,2025,11368,AZ Alkmaar U21,702447,Nick Twisk,Defensive Midfield,23,0.25
Eerste Divisie,2025,11368,AZ Alkmaar U21,801029,Enoch Mastoras,Defensive Midfield,20,0.25
Eerste Divisie,2025,11368,AZ Alkmaar U21,747017,Dave Kwakman,Central Midfield,21,1.5
Eerste Divisie,2025,11368,AZ Alkmaar U21,929133,Rio Robbemond,Central Midfield,21,0.4
Eerste Divisie,2025,11368,AZ Alkmaar U21,935036,Bogdan Budko,Central Midfield,20,0.4
Eerste Divisie,2025,11368,AZ Alkmaar U21,891836,Bram van Driel,Central Midfield,21,0.05
Eerste Divisie,2025,11368,AZ Alkmaar U21,1106292,Yassin Hamdi,Central Midfield,21,0.05
Eerste Divisie,2025,11368,AZ Alkmaar U21,724025,Matej Sin,Attacking Midfield,22,3.0
Eerste Divisie,2025,11368,AZ Alkmaar U21,942065,Julian Oerip,Attacking Midfield,19,0.3
Eerste Divisie,2025,11368,AZ Alkmaar U21,1024701,Hessel de Wit,Attacking Midfield,19,0.15
Eerste Divisie,2025,11368,AZ Alkmaar U21,1015875,Tómas Johannessen,Attacking Midfield,19,0.1
Eerste Divisie,2025,11368,AZ Alkmaar U21,800995,Ro-Zangelo Daal,Left Winger,22,3.0
Eerste Divisie,2025,11368,AZ Alkmaar U21,990008,Wassim Bouziane,Left Winger,19,0.45
Eerste Divisie,2025,11368,AZ Alkmaar U21,576094,Kevin Toppenberg,Left Winger,21,0.4
Eerste Divisie,2025,11368,AZ Alkmaar U21,1055878,Deacon van der Klaauw,Left Winger,20,0.125
Eerste Divisie,2025,11368,AZ Alkmaar U21,1078350,Ayoub Oufkir,Right Winger,20,3.0
Eerste Divisie,2025,11368,AZ Alkmaar U21,990009,Jasper Hartog,Right Winger,20,0.4
Eerste Divisie,2025,11368,AZ Alkmaar U21,678546,Mexx Meerdink,Centre-Forward,22,8.0
Eerste Divisie,2025,11368,AZ Alkmaar U21,1129402,Bendegúz Kovács,Centre-Forward,19,1.5
Eerste Divisie,2025,11368,AZ Alkmaar U21,728864,Lequincio Zeefuik,Centre-Forward,21,0.85
Eerste Divisie,2025,11368,AZ Alkmaar U21,926491,Sem van Duijn,Centre-Forward,22,0.8
Eerste Divisie,2025,11368,AZ Alkmaar U21,1214320,Sydney Osazuwa,Centre-Forward,19,0.8
Eerste Divisie,2025,11368,AZ Alkmaar U21,979199,Yoël van den Ban,Centre-Forward,20,0.3
Eerste Divisie,2025,11368,AZ Alkmaar U21,738488,Anthony Smits,Centre-Forward,21,0.225
Eerste Divisie,2025,8817,Ajax Amsterdam U21,923667,Joeri Heerkens,Goalkeeper,20,1.0
Eerste Divisie,2025,8817,Ajax Amsterdam U21,1015401,Paul Reverson,Goalkeeper,21,0.35
Eerste Divisie,2025,8817,Ajax Amsterdam U21,635129,Charlie Setford,Goalkeeper,22,0.2
Eerste Divisie,2025,8817,Ajax Amsterdam U21,1012732,Aymean El Hani,Goalkeeper,19,0.1
Eerste Divisie,2025,8817,Ajax Amsterdam U21,662131,Ahmetcan Kaplan,Centre-Back,23,7.0
Eerste Divisie,2025,8817,Ajax Amsterdam U21,987366,Aaron Bouwman,Centre-Back,18,3.5
Eerste Divisie,2025,8817,Ajax Amsterdam U21,1233650,Marvyn Muzungu,Centre-Back,18,0.5
Eerste Divisie,2025,8817,Ajax Amsterdam U21,1070408,Mylo van der Lans,Centre-Back,19,0.45
Eerste Divisie,2025,8817,Ajax Amsterdam U21,1111058,Kennynho Kasanwirjo,Centre-Back,18,0.15
Eerste Divisie,2025,8817,Ajax Amsterdam U21,987355,Lucas Jetten,Left-Back,19,0.6
Eerste Divisie,2025,8817,Ajax Amsterdam U21,819211,Ethan Butera,Left-Back,20,0.5
Eerste Divisie,2025,8817,Ajax Amsterdam U21,744150,Avery Appiah,Right-Back,20,0.275
Eerste Divisie,2025,8817,Ajax Amsterdam U21,1025412,Ryan van de Pavert,Right-Back,20,0.2
Eerste Divisie,2025,8817,Ajax Amsterdam U21,1105532,Jorthy Mokio,Defensive Midfield,18,8.0
Eerste Divisie,2025,8817,Ajax Amsterdam U21,559324,Youri Regeer,Defensive Midfield,22,5.0
Eerste Divisie,2025,8817,Ajax Amsterdam U21,1088697,Jinairo Johnson,Defensive Midfield,19,0.35
Eerste Divisie,2025,8817,Ajax Amsterdam U21,904790,Mark Verkuijl,Defensive Midfield,20,0.275
Eerste Divisie,2025,8817,Ajax Amsterdam U21,1111063,Sean Steur,Central Midfield,18,7.0
Eerste Divisie,2025,8817,Ajax Amsterdam U21,1242209,Mohamed Abdalla,Central Midfield,16,0.6
Eerste Divisie,2025,8817,Ajax Amsterdam U21,646700,Nassef Chourak,Central Midfield,21,0.35
Eerste Divisie,2025,8817,Ajax Amsterdam U21,1025408,Tijn Peters,Central Midfield,20,0.3
Eerste Divisie,2025,8817,Ajax Amsterdam U21,896732,Damian van der Vaart,Central Midfield,20,0.2
Eerste Divisie,2025,8817,Ajax Amsterdam U21,891854,Gerald Alders,Right Midfield,21,0.7
Eerste Divisie,2025,8817,Ajax Amsterdam U21,598491,Rayane Bounida,Attacking Midfield,20,5.0
Eerste Divisie,2025,8817,Ajax Amsterdam U21,1194905,Abdellah Ouazane,Attacking Midfield,17,1.5
Eerste Divisie,2025,8817,Ajax Amsterdam U21,1007809,Daniel Skaarud,Left Winger,18,0.5
Eerste Divisie,2025,8817,Ajax Amsterdam U21,1111062,Pharell Nash,Left Winger,18,0.5
Eerste Divisie,2025,8817,Ajax Amsterdam U21,892127,Kayden Wolff,Left Winger,20,0.4
Eerste Divisie,2025,8817,Ajax Amsterdam U21,936665,Don O'Niel,Left Winger,19,0.4
Eerste Divisie,2025,8817,Ajax Amsterdam U21,1058399,Maximilian Ibrahimović,Left Winger,19,0.3
Eerste Divisie,2025,8817,Ajax Amsterdam U21,738474,David Kalokoh,Left Winger,21,0.2
Eerste Divisie,2025,8817,Ajax Amsterdam U21,1025410,Zakaria Ouazane,Left Winger,19,0.2
Eerste Divisie,2025,8817,Ajax Amsterdam U21,949480,Jan Faberski,Right Winger,20,0.5
Eerste Divisie,2025,8817,Ajax Amsterdam U21,1143676,Luca Messori,Right Winger,18,0.25
Eerste Divisie,2025,8817,Ajax Amsterdam U21,1042888,Lasse Abildgaard,Right Winger,19,0.125
Eerste Divisie,2025,8817,Ajax Amsterdam U21,981693,Don-Angelo Konadu,Centre-Forward,20,0.8
Eerste Divisie,2025,8817,Ajax Amsterdam U21,1155804,Emre Ünüvar,Centre-Forward,18,0.6
Eerste Divisie,2025,8817,Ajax Amsterdam U21,891833,Skye Vink,Centre-Forward,19,0.35
Eerste Divisie,2025,403,Willem II Tilburg,182891,Thomas Didillon-Hödl,Goalkeeper,30,0.7
Eerste Divisie,2025,403,Willem II Tilburg,159896,Wouter van der Steen,Goalkeeper,36,0.075
Eerste Divisie,2025,403,Willem II Tilburg,928390,Karst de Leeuw,Goalkeeper,22,0.05
Eerste Divisie,2025,403,Willem II Tilburg,321095,Raffael Behounek,Centre-Back,29,0.6
Eerste Divisie,2025,403,Willem II Tilburg,665541,Finn Stam,Centre-Back,23,0.45
Eerste Divisie,2025,403,Willem II Tilburg,411287,Justin Hoogma,Centre-Back,28,0.45
Eerste Divisie,2025,403,Willem II Tilburg,1175838,Jens Mathijsen,Centre-Back,18,0.225
Eerste Divisie,2025,403,Willem II Tilburg,606023,Nathan Tjoe-A-On,Left-Back,24,0.45
Eerste Divisie,2025,403,Willem II Tilburg,494170,Rúnar Thór Sigurgeirsson,Left-Back,26,0.4
Eerste Divisie,2025,403,Willem II Tilburg,565401,Amine Et-Taïbi,Right-Back,23,0.4
Eerste Divisie,2025,403,Willem II Tilburg,338680,Alessandro Ciranni,Right-Back,30,0.275
Eerste Divisie,2025,403,Willem II Tilburg,1003716,Per van Loon,Right-Back,21,0.25
Eerste Divisie,2025,403,Willem II Tilburg,1175830,Kayen Scheepens,Right-Back,19,0.075
Eerste Divisie,2025,403,Willem II Tilburg,612758,Calvin Twigt,Defensive Midfield,23,0.75
Eerste Divisie,2025,403,Willem II Tilburg,928330,Amine Lachkar,Defensive Midfield,23,0.5
Eerste Divisie,2025,403,Willem II Tilburg,1054634,Anass Zarrouk,Defensive Midfield,19,0.25
Eerste Divisie,2025,403,Willem II Tilburg,704075,Gijs Besselink,Central Midfield,22,0.6
Eerste Divisie,2025,403,Willem II Tilburg,577455,Ringo Meerveld,Attacking Midfield,23,5.0
Eerste Divisie,2025,403,Willem II Tilburg,264857,Jari Schuurman,Attacking Midfield,29,0.45
Eerste Divisie,2025,403,Willem II Tilburg,1052795,Uriël van Aalst,Attacking Midfield,19,0.35
Eerste Divisie,2025,403,Willem II Tilburg,273588,Mounir El Allouchi,Attacking Midfield,31,0.325
Eerste Divisie,2025,403,Willem II Tilburg,485592,Max de Waal,Attacking Midfield,24,0.1
Eerste Divisie,2025,403,Willem II Tilburg,594035,Dani Mathieu,Attacking Midfield,25,0.075
Eerste Divisie,2025,403,Willem II Tilburg,1101894,Armin Culum,Left Winger,22,0.4
Eerste Divisie,2025,403,Willem II Tilburg,288233,Nick Doodeman,Right Winger,29,0.6
Eerste Divisie,2025,403,Willem II Tilburg,684318,Samuel Bamba,Right Winger,22,0.35
Eerste Divisie,2025,403,Willem II Tilburg,527279,Emilio Kehrer,Right Winger,24,0.3
Eerste Divisie,2025,403,Willem II Tilburg,1042888,Lasse Abildgaard,Right Winger,19,0.125
Eerste Divisie,2025,403,Willem II Tilburg,704771,Devin Haen,Centre-Forward,22,1.5
Eerste Divisie,2025,403,Willem II Tilburg,1141074,Siegert Baartmans,Centre-Forward,20,0.2
Eerste Divisie,2025,403,Willem II Tilburg,297365,Thomas Verheydt,Centre-Forward,34,0.125
Eerste Divisie,2025,1455,FC Dordrecht,461963,Celton Biai,Goalkeeper,25,0.55
Eerste Divisie,2025,1455,FC Dordrecht,119061,Tim Coremans,Goalkeeper,35,0.1
Eerste Divisie,2025,1455,FC Dordrecht,1026477,Tijn Baltussen,Goalkeeper,21,0.025
Eerste Divisie,2025,1455,FC Dordrecht,708989,Deveron Fonville,Centre-Back,23,1.5
Eerste Divisie,2025,1455,FC Dordrecht,593193,Augustin Drakpe,Centre-Back,24,0.75
Eerste Divisie,2025,1455,FC Dordrecht,745625,Jan Plug,Centre-Back,21,0.7
Eerste Divisie,2025,1455,FC Dordrecht,612824,Sem Valk,Centre-Back,24,0.4
Eerste Divisie,2025,1455,FC Dordrecht,822116,Yannis M'Bemba,Centre-Back,24,0.225
Eerste Divisie,2025,1455,FC Dordrecht,682562,Björn Hardley,Centre-Back,23,0.15
Eerste Divisie,2025,1455,FC Dordrecht,469851,John Hilton,Left-Back,25,0.35
Eerste Divisie,2025,1455,FC Dordrecht,177866,Mica Pinto,Left-Back,33,0.35
Eerste Divisie,2025,1455,FC Dordrecht,221766,Lucas Woudenberg,Left-Back,32,0.2
Eerste Divisie,2025,1455,FC Dordrecht,653510,Jurre van Aken,Right-Back,23,0.275
Eerste Divisie,2025,1455,FC Dordrecht,704693,Lorenzo Codutti,Right-Back,23,0.125
Eerste Divisie,2025,1455,FC Dordrecht,942960,Daniel van Vianen,Defensive Midfield,23,0.6
Eerste Divisie,2025,1455,FC Dordrecht,824201,Lawson Sunderland,Defensive Midfield,24,0.3
Eerste Divisie,2025,1455,FC Dordrecht,1307872,Seung-gyun Bae,Central Midfield,19,0.35
Eerste Divisie,2025,1455,FC Dordrecht,1364144,Senne Vugts,Central Midfield,18,0.2
Eerste Divisie,2025,1455,FC Dordrecht,1409493,Robin van Asten,Attacking Midfield,18,0.5
Eerste Divisie,2025,1455,FC Dordrecht,814533,Argyris Darelas,Attacking Midfield,22,0.325
Eerste Divisie,2025,1455,FC Dordrecht,488297,Martin Vetkal,Attacking Midfield,22,0.275
Eerste Divisie,2025,1455,FC Dordrecht,636170,Joep van der Sluijs,Attacking Midfield,24,0.225
Eerste Divisie,2025,1455,FC Dordrecht,1061835,Matteo Malasomma,Attacking Midfield,19,0.125
Eerste Divisie,2025,1455,FC Dordrecht,1065417,Igor da Silva,Attacking Midfield,22,0.075
Eerste Divisie,2025,1455,FC Dordrecht,562285,Nicolás Rossi,Left Winger,24,0.275
Eerste Divisie,2025,1455,FC Dordrecht,470715,Joshua Pynadath,Left Winger,24,0.2
Eerste Divisie,2025,1455,FC Dordrecht,474949,Marouane Afaker,Left Winger,27,0.175
Eerste Divisie,2025,1455,FC Dordrecht,1015959,Do-young Yoon,Right Winger,19,0.7
Eerste Divisie,2025,1455,FC Dordrecht,420187,Nick Venema,Right Winger,27,0.3
Eerste Divisie,2025,1455,FC Dordrecht,930998,Yannick Eduardo,Centre-Forward,20,2.5
Eerste Divisie,2025,1455,FC Dordrecht,955224,Stéphano Carrillo,Centre-Forward,20,0.7
Eerste Divisie,2025,1455,FC Dordrecht,519444,Noah Bischof,Centre-Forward,23,0.3
Eerste Divisie,2025,1455,FC Dordrecht,1021309,Joey de Bie,Centre-Forward,22,0.2
Eerste Divisie,2025,1455,FC Dordrecht,993912,Jayson Ezeb,Centre-Forward,19,0.075
Eerste Divisie,2025,133,SC Cambuur Leeuwarden,514287,Thijs Jansen,Goalkeeper,24,0.65
Eerste Divisie,2025,133,SC Cambuur Leeuwarden,704252,Jasper Meijster,Goalkeeper,21,0.025
Eerste Divisie,2025,133,SC Cambuur Leeuwarden,1197636,Matthijs Kalisvaart,Goalkeeper,20,0.025
Eerste Divisie,2025,133,SC Cambuur Leeuwarden,961050,Ismaël Baouf,Centre-Back,19,3.0
Eerste Divisie,2025,133,SC Cambuur Leeuwarden,289651,Jamal Amofa,Centre-Back,27,0.6
Eerste Divisie,2025,133,SC Cambuur Leeuwarden,595937,Jorn Berkhout,Centre-Back,24,0.35
Eerste Divisie,2025,133,SC Cambuur Leeuwarden,1182530,Toni Jonker,Centre-Back,20,0.075
Eerste Divisie,2025,133,SC Cambuur Leeuwarden,741582,Tomas Galvez,Left-Back,21,0.75
Eerste Divisie,2025,133,SC Cambuur Leeuwarden,648540,Bram Marsman,Left-Back,23,0.2
Eerste Divisie,2025,133,SC Cambuur Leeuwarden,469084,Rik Mulders,Right-Back,25,0.6
Eerste Divisie,2025,133,SC Cambuur Leeuwarden,1149884,Wiebe Kooistra,Right-Back,19,0.2
Eerste Divisie,2025,133,SC Cambuur Leeuwarden,749618,Diyae Jermoumi,Right-Back,21,0.15
Eerste Divisie,2025,133,SC Cambuur Leeuwarden,364246,Nicky Souren,Defensive Midfield,26,0.4
Eerste Divisie,2025,133,SC Cambuur Leeuwarden,1178714,Ethan Apkakou,Defensive Midfield,19,0.25
Eerste Divisie,2025,133,SC Cambuur Leeuwarden,963511,Daan Visser,Defensive Midfield,21,0.25
Eerste Divisie,2025,133,SC Cambuur Leeuwarden,187507,Mark Diemers,Central Midfield,32,0.6
Eerste Divisie,2025,133,SC Cambuur Leeuwarden,1182531,Jochem Nap,Central Midfield,21,0.05
Eerste Divisie,2025,133,SC Cambuur Leeuwarden,688641,Tony Rölke,Attacking Midfield,23,0.325
Eerste Divisie,2025,133,SC Cambuur Leeuwarden,1126111,Oscar Sjöstrand,Left Winger,21,1.0
Eerste Divisie,2025,133,SC Cambuur Leeuwarden,1242714,Fabian Kvam,Left Winger,20,0.275
Eerste Divisie,2025,133,SC Cambuur Leeuwarden,1087336,Yoram van der Veen,Left Winger,21,0.175
Eerste Divisie,2025,133,SC Cambuur Leeuwarden,1177939,Danyello Look,Left Winger,19,0.05
Eerste Divisie,2025,133,SC Cambuur Leeuwarden,1083024,Ichem Ferrah,Right Winger,20,2.0
Eerste Divisie,2025,133,SC Cambuur Leeuwarden,412940,Remco Balk,Right Winger,25,0.65
Eerste Divisie,2025,133,SC Cambuur Leeuwarden,1177948,Iwan Henstra,Right Winger,19,0.225
Eerste Divisie,2025,133,SC Cambuur Leeuwarden,330909,Jort van der Sande,Centre-Forward,30,0.4
Eerste Divisie,2025,133,SC Cambuur Leeuwarden,500584,Nicolas Binder,Centre-Forward,24,0.15
Eerste Divisie,2025,133,SC Cambuur Leeuwarden,756568,Kian Visser,Centre-Forward,24,0.125
Eerste Divisie,2025,17596,FC Utrecht U21,231650,Michael Brouwer,Goalkeeper,33,0.25
Eerste Divisie,2025,17596,FC Utrecht U21,607133,Kevin Gadellaa,Goalkeeper,23,0.25
Eerste Divisie,2025,17596,FC Utrecht U21,933914,Mees Eppink,Goalkeeper,20,0.175
Eerste Divisie,2025,17596,FC Utrecht U21,931018,Wessel Kooy,Centre-Back,21,0.35
Eerste Divisie,2025,17596,FC Utrecht U21,691975,Joshua Mukeh,Centre-Back,23,0.3
Eerste Divisie,2025,17596,FC Utrecht U21,775244,Neal Viereck,Centre-Back,22,0.3
Eerste Divisie,2025,17596,FC Utrecht U21,937571,Per Kloosterboer,Centre-Back,21,0.275
Eerste Divisie,2025,17596,FC Utrecht U21,1112524,Emeka Adiele,Left-Back,18,0.7
Eerste Divisie,2025,17596,FC Utrecht U21,940072,Nazjir Held,Left-Back,20,0.4
Eerste Divisie,2025,17596,FC Utrecht U21,1132706,Viggo Plantinga,Left-Back,19,0.3
Eerste Divisie,2025,17596,FC Utrecht U21,848494,Jesper van Riel,Left-Back,21,0.1
Eerste Divisie,2025,17596,FC Utrecht U21,931021,Sil van der Wegen,Right-Back,21,0.325
Eerste Divisie,2025,17596,FC Utrecht U21,738475,Oualid Agougil,Defensive Midfield,20,0.5
Eerste Divisie,2025,17596,FC Utrecht U21,1111077,Jaygo van Ommeren,Defensive Midfield,18,0.5
Eerste Divisie,2025,17596,FC Utrecht U21,938687,Massien Ghaddari,Defensive Midfield,21,0.275
Eerste Divisie,2025,17596,FC Utrecht U21,686845,Zidane Iqbal,Central Midfield,23,1.0
Eerste Divisie,2025,17596,FC Utrecht U21,656796,Ivar Jenner,Central Midfield,22,0.3
Eerste Divisie,2025,17596,FC Utrecht U21,806305,Noa Dundas,Central Midfield,22,0.3
Eerste Divisie,2025,17596,FC Utrecht U21,738479,Rafik El Arguioui,Attacking Midfield,20,0.5
Eerste Divisie,2025,17596,FC Utrecht U21,952357,Jessey Sneijder,Attacking Midfield,19,0.1
Eerste Divisie,2025,17596,FC Utrecht U21,875581,Adrian Blake,Left Winger,20,2.0
Eerste Divisie,2025,17596,FC Utrecht U21,918445,Emirhan Demircan,Left Winger,21,0.45
Eerste Divisie,2025,17596,FC Utrecht U21,794592,Markus Jensen,Left Winger,20,0.4
Eerste Divisie,2025,17596,FC Utrecht U21,775994,Lynden Edhart,Left Winger,20,0.15
Eerste Divisie,2025,17596,FC Utrecht U21,959358,Gustav Arcos Sundqvist,Left Winger,19,0.1
Eerste Divisie,2025,17596,FC Utrecht U21,723008,Miliano Jonathans,Right Winger,22,0.75
Eerste Divisie,2025,17596,FC Utrecht U21,1182916,Björn Menzo,Right Winger,19,0.25
Eerste Divisie,2025,17596,FC Utrecht U21,557410,Noah Ohio,Centre-Forward,23,0.6
Eerste Divisie,2025,17596,FC Utrecht U21,885969,Tijn den Boggende,Centre-Forward,20,0.25
Eerste Divisie,2025,17596,FC Utrecht U21,930983,Jesse van de Haar,Centre-Forward,21,0.25
Eerste Divisie,2025,17596,FC Utrecht U21,1025425,Shedrach Ebite,Centre-Forward,20,0.15
Eerste Divisie,2025,1268,ADO Den Haag,559319,Kilian Nikièma,Goalkeeper,23,0.7
Eerste Divisie,2025,1268,ADO Den Haag,289583,Antoine Lejoly,Goalkeeper,28,0.2
Eerste Divisie,2025,1268,ADO Den Haag,719382,Matteo Waem,Centre-Back,26,0.8
Eerste Divisie,2025,1268,ADO Den Haag,460619,Pascal Mulder,Centre-Back,27,0.5
Eerste Divisie,2025,1268,ADO Den Haag,595240,Milan Hokke,Centre-Back,22,0.4
Eerste Divisie,2025,1268,ADO Den Haag,354476,Diogo Tomas,Centre-Back,28,0.4
Eerste Divisie,2025,1268,ADO Den Haag,567485,Taneli Hämäläinen,Centre-Back,25,0.25
Eerste Divisie,2025,1268,ADO Den Haag,587333,Sekou Sylla,Left-Back,27,0.4
Eerste Divisie,2025,1268,ADO Den Haag,548935,Steven van der Sloot,Right-Back,23,0.65
Eerste Divisie,2025,1268,ADO Den Haag,494282,Mees Kreekels,Right-Back,24,0.225
Eerste Divisie,2025,1268,ADO Den Haag,1104230,Sanyika Bergtop,Right-Back,18,0.05
Eerste Divisie,2025,1268,ADO Den Haag,374213,Jari Vlak,Central Midfield,27,0.9
Eerste Divisie,2025,1268,ADO Den Haag,538642,Juho Kilo,Central Midfield,24,0.75
Eerste Divisie,2025,1268,ADO Den Haag,617754,Mylian Jiménez,Central Midfield,23,0.3
Eerste Divisie,2025,1268,ADO Den Haag,928630,Finn de Bruin,Central Midfield,22,0.175
Eerste Divisie,2025,1268,ADO Den Haag,548937,Evan Rottier,Attacking Midfield,24,0.6
Eerste Divisie,2025,1268,ADO Den Haag,703626,Cameron Peupion,Left Winger,23,0.45
Eerste Divisie,2025,1268,ADO Den Haag,848089,Illaijh de Ruijter,Left Winger,19,0.4
Eerste Divisie,2025,1268,ADO Den Haag,412952,Nigel Thomas,Left Winger,25,0.3
Eerste Divisie,2025,1268,ADO Den Haag,1031551,Lorenzo Maasland,Left Winger,21,0.1
Eerste Divisie,2025,1268,ADO Den Haag,1032683,Cheveyo Balentien,Right Winger,19,1.0
Eerste Divisie,2025,1268,ADO Den Haag,433091,Jalen Hawkins,Right Winger,25,0.4
Eerste Divisie,2025,1268,ADO Den Haag,177821,Daryl van Mieghem,Right Winger,36,0.15
Eerste Divisie,2025,1268,ADO Den Haag,629039,Luka Reischl,Centre-Forward,22,0.8
Eerste Divisie,2025,1268,ADO Den Haag,953857,Jesse Bal,Centre-Forward,19,0.4
Eerste Divisie,2025,1268,ADO Den Haag,581113,Bryan Fiabema,Centre-Forward,23,0.3
Eerste Divisie,2025,1268,ADO Den Haag,1135416,Ruben Silva-Richards,Centre-Forward,22,0.25
Eerste Divisie,2025,1268,ADO Den Haag,894112,Elias Mohammad,Centre-Forward,23,0.1
Eerste Divisie,2025,723,Almere City FC,367443,Jonas Wendlinger,Goalkeeper,25,0.225
Eerste Divisie,2025,723,Almere City FC,738514,Tristan Kuijsten,Goalkeeper,21,0.175
Eerste Divisie,2025,723,Almere City FC,928573,Joël van der Wilt,Goalkeeper,22,0.025
Eerste Divisie,2025,723,Almere City FC,738481,Emmanuel van de Blaak,Centre-Back,21,0.5
Eerste Divisie,2025,723,Almere City FC,361124,Joey Jacobs,Centre-Back,26,0.3
Eerste Divisie,2025,723,Almere City FC,484987,Théo Barbet,Centre-Back,25,0.25
Eerste Divisie,2025,723,Almere City FC,595936,Misha Engel,Centre-Back,23,0.25
Eerste Divisie,2025,723,Almere City FC,272706,James Lawrence,Centre-Back,33,0.225
Eerste Divisie,2025,723,Almere City FC,834465,Niko Takahashi,Left-Back,20,0.6
Eerste Divisie,2025,723,Almere City FC,324111,Teun Bijleveld,Left-Back,28,0.225
Eerste Divisie,2025,723,Almere City FC,470393,Twan van der Zeeuw,Left-Back,23,0.125
Eerste Divisie,2025,723,Almere City FC,393240,Boyd Reith,Right-Back,27,0.35
Eerste Divisie,2025,723,Almere City FC,612756,Amoah Sam,Right-Back,23,0.2
Eerste Divisie,2025,723,Almere City FC,928591,Tiziano Vianello,Right-Back,21,0.15
Eerste Divisie,2025,723,Almere City FC,675623,Job Kalisvaart,Defensive Midfield,22,0.325
Eerste Divisie,2025,723,Almere City FC,607164,Enzo Cornelisse,Defensive Midfield,24,0.275
Eerste Divisie,2025,723,Almere City FC,612810,Guus Beaumont,Defensive Midfield,24,0.125
Eerste Divisie,2025,723,Almere City FC,765468,Milan de Haan,Central Midfield,22,0.55
Eerste Divisie,2025,723,Almere City FC,928612,Hamza el Dahri,Central Midfield,21,0.275
Eerste Divisie,2025,723,Almere City FC,410735,Jamie Jacobs,Attacking Midfield,28,0.275
Eerste Divisie,2025,723,Almere City FC,943828,Olivier de Nijs,Attacking Midfield,21,0.225
Eerste Divisie,2025,723,Almere City FC,585958,Junior Kadile,Left Winger,23,2.0
Eerste Divisie,2025,723,Almere City FC,1055894,Marley Dors,Left Winger,21,0.4
Eerste Divisie,2025,723,Almere City FC,536520,Ruben Providence,Left Winger,24,0.3
Eerste Divisie,2025,723,Almere City FC,1021391,Emmanuel Poku,Right Winger,20,0.8
Eerste Divisie,2025,723,Almere City FC,692771,Byron Burgering,Right Winger,25,0.5
Eerste Divisie,2025,723,Almere City FC,290615,Thomas Robinet,Centre-Forward,29,0.8
Eerste Divisie,2025,723,Almere City FC,720799,Julian Rijkhoff,Centre-Forward,21,0.75
Eerste Divisie,2025,723,Almere City FC,360519,Ferdy Druijf,Centre-Forward,28,0.3
Eerste Divisie,2025,723,Almere City FC,949961,Bas Huisman,Centre-Forward,21,0.25
Eerste Divisie,2025,723,Almere City FC,1310079,Immanuel Ghogli,Centre-Forward,20,0.1
Eerste Divisie,2025,642,De Graafschap Doetinchem,587606,Ties Wieggers,Goalkeeper,23,0.325
Eerste Divisie,2025,642,De Graafschap Doetinchem,740040,Sten Kremers,Goalkeeper,22,0.05
Eerste Divisie,2025,642,De Graafschap Doetinchem,823992,Rowan Besselink,Centre-Back,21,0.4
Eerste Divisie,2025,642,De Graafschap Doetinchem,936571,Stijn Bultman,Centre-Back,21,0.35
Eerste Divisie,2025,642,De Graafschap Doetinchem,663649,Joran Hardeman,Centre-Back,24,0.25
Eerste Divisie,2025,642,De Graafschap Doetinchem,396106,Thomas Kok,Centre-Back,28,0.2
Eerste Divisie,2025,642,De Graafschap Doetinchem,746974,Levi Schoppema,Left-Back,22,0.275
Eerste Divisie,2025,642,De Graafschap Doetinchem,723010,Kaya Symons,Left-Back,21,0.275
Eerste Divisie,2025,642,De Graafschap Doetinchem,997478,Othniël Raterink,Right-Back,20,1.0
Eerste Divisie,2025,642,De Graafschap Doetinchem,720189,Nolan Martens,Right-Back,21,0.45
Eerste Divisie,2025,642,De Graafschap Doetinchem,1087052,Tim Braem,Defensive Midfield,20,0.3
Eerste Divisie,2025,642,De Graafschap Doetinchem,1073288,Milan Smits,Defensive Midfield,21,0.2
Eerste Divisie,2025,642,De Graafschap Doetinchem,738477,Teun Gijselhart,Central Midfield,21,0.65
Eerste Divisie,2025,642,De Graafschap Doetinchem,471692,Jason Meerstadt,Central Midfield,24,0.325
Eerste Divisie,2025,642,De Graafschap Doetinchem,443308,Reuven Niemeijer,Attacking Midfield,31,0.45
Eerste Divisie,2025,642,De Graafschap Doetinchem,559335,Fedde de Jong,Attacking Midfield,23,0.3
Eerste Divisie,2025,642,De Graafschap Doetinchem,1039335,Denzel Eijken,Attacking Midfield,22,0.025
Eerste Divisie,2025,642,De Graafschap Doetinchem,508642,Ibrahim El Kadiri,Left Winger,24,0.45
Eerste Divisie,2025,642,De Graafschap Doetinchem,646672,Chahid el Allachi,Left Winger,22,0.25
Eerste Divisie,2025,642,De Graafschap Doetinchem,462087,Arjen van der Heide,Right Winger,24,0.35
Eerste Divisie,2025,642,De Graafschap Doetinchem,738492,Jevon Simons,Right Winger,20,0.3
Eerste Divisie,2025,642,De Graafschap Doetinchem,782188,Nathan Kaninda,Right Winger,22,0.25
Eerste Divisie,2025,642,De Graafschap Doetinchem,846826,Bouke Boersma,Centre-Forward,21,2.5
Eerste Divisie,2025,642,De Graafschap Doetinchem,847498,Nils Eggens,Centre-Forward,21,0.275
Eerste Divisie,2025,642,De Graafschap Doetinchem,1088324,Kyano Kwint,Centre-Forward,19,0.275
Eerste Divisie,2025,642,De Graafschap Doetinchem,604864,Dimitrios Theodoridis,Centre-Forward,23,0.25
Eerste Divisie,2025,642,De Graafschap Doetinchem,667007,Mees Rijks,Centre-Forward,23,0.2
Eerste Divisie,2025,235,RKC Waalwijk,383705,Mark Spenkelink,Goalkeeper,29,0.25
Eerste Divisie,2025,235,RKC Waalwijk,258362,Yanick van Osch,Goalkeeper,29,0.175
Eerste Divisie,2025,235,RKC Waalwijk,738480,Tom Bramel,Goalkeeper,20,0.15
Eerste Divisie,2025,235,RKC Waalwijk,1004305,Luuk Vogels,Goalkeeper,22,0.025
Eerste Divisie,2025,235,RKC Waalwijk,412933,Liam van Gelderen,Centre-Back,25,0.4
Eerste Divisie,2025,235,RKC Waalwijk,401029,Roshon van Eijma,Centre-Back,28,0.375
Eerste Divisie,2025,235,RKC Waalwijk,451297,Luuk Wouters,Centre-Back,27,0.3
Eerste Divisie,2025,235,RKC Waalwijk,349567,Juan Familia-Castillo,Left-Back,26,0.4
Eerste Divisie,2025,235,RKC Waalwijk,940072,Nazjir Held,Left-Back,20,0.4
Eerste Divisie,2025,235,RKC Waalwijk,607173,Jordi Altena,Right-Back,22,0.6
Eerste Divisie,2025,235,RKC Waalwijk,829819,Faissal Al Mazyani,Right-Back,21,0.4
Eerste Divisie,2025,235,RKC Waalwijk,339330,Navajo Bakboord,Right-Back,27,0.175
Eerste Divisie,2025,235,RKC Waalwijk,963506,Bjarn Zorgdrager,Right-Back,22,0.05
Eerste Divisie,2025,235,RKC Waalwijk,377720,Daniël van Kaam,Defensive Midfield,26,0.375
Eerste Divisie,2025,235,RKC Waalwijk,393241,Godfried Roemeratoe,Defensive Midfield,26,0.35
Eerste Divisie,2025,235,RKC Waalwijk,559336,Loek Postma,Defensive Midfield,23,0.35
Eerste Divisie,2025,235,RKC Waalwijk,720056,Marcel Schaapman,Defensive Midfield,24,0.05
Eerste Divisie,2025,235,RKC Waalwijk,808578,Daouda Weidmann,Central Midfield,23,0.75
Eerste Divisie,2025,235,RKC Waalwijk,886260,Tim van de Loo,Central Midfield,23,0.45
Eerste Divisie,2025,235,RKC Waalwijk,936605,Harrie Kuster,Attacking Midfield,20,0.65
Eerste Divisie,2025,235,RKC Waalwijk,182574,Jean-Paul Boëtius,Attacking Midfield,32,0.325
Eerste Divisie,2025,235,RKC Waalwijk,949914,Rein van Hedel,Attacking Midfield,21,0.25
Eerste Divisie,2025,235,RKC Waalwijk,376675,Richard van der Venne,Attacking Midfield,34,0.15
Eerste Divisie,2025,235,RKC Waalwijk,603477,Melle Witteveen,Attacking Midfield,23,0.1
Eerste Divisie,2025,235,RKC Waalwijk,671675,Chris Lokesa,Left Winger,21,0.4
Eerste Divisie,2025,235,RKC Waalwijk,1087336,Yoram van der Veen,Left Winger,21,0.175
Eerste Divisie,2025,235,RKC Waalwijk,582131,Denilho Cleonise,Right Winger,24,0.4
Eerste Divisie,2025,235,RKC Waalwijk,857155,Ryan Fage,Right Winger,22,0.35
Eerste Divisie,2025,235,RKC Waalwijk,469082,Roy Kuijpers,Right Winger,26,0.25
Eerste Divisie,2025,235,RKC Waalwijk,1111569,Owen Panneflek,Right Winger,19,0.1
Eerste Divisie,2025,235,RKC Waalwijk,746988,Jesper Uneken,Centre-Forward,21,0.8
Eerste Divisie,2025,235,RKC Waalwijk,1030528,Tim van der Leij,Centre-Forward,20,0.4
Eerste Divisie,2025,235,RKC Waalwijk,56523,Michiel Kramer,Centre-Forward,37,0.075
Eerste Divisie,2025,1283,FC Emmen,388815,Luca Unbehaun,Goalkeeper,25,0.35
Eerste Divisie,2025,1283,FC Emmen,335027,Koen Bucker,Goalkeeper,30,0.125
Eerste Divisie,2025,1283,FC Emmen,460619,Pascal Mulder,Centre-Back,27,0.5
Eerste Divisie,2025,1283,FC Emmen,412939,Dennis Vos,Centre-Back,24,0.3
Eerste Divisie,2025,1283,FC Emmen,691975,Joshua Mukeh,Centre-Back,23,0.3
Eerste Divisie,2025,1283,FC Emmen,936570,Gijs Bolk,Centre-Back,21,0.3
Eerste Divisie,2025,1283,FC Emmen,802545,Christian Østergaard,Centre-Back,21,0.25
Eerste Divisie,2025,1283,FC Emmen,905033,Philip Søndergaard,Centre-Back,19,0.15
Eerste Divisie,2025,1283,FC Emmen,895089,Juliën Mesbahi,Centre-Back,20,0.15
Eerste Divisie,2025,1283,FC Emmen,520102,Jorginho Soares,Centre-Back,26,0.125
Eerste Divisie,2025,1283,FC Emmen,800919,Lukas Larsen,Left-Back,20,0.4
Eerste Divisie,2025,1283,FC Emmen,880604,Tim Geypens,Left-Back,21,0.2
Eerste Divisie,2025,1283,FC Emmen,588744,Luca Everink,Right-Back,25,0.25
Eerste Divisie,2025,1283,FC Emmen,670779,Daniël Beukers,Right-Back,22,0.2
Eerste Divisie,2025,1283,FC Emmen,596158,Casper Staring,Defensive Midfield,25,0.35
Eerste Divisie,2025,1283,FC Emmen,528654,Alessandro Hojabrpour,Defensive Midfield,26,0.2
Eerste Divisie,2025,1283,FC Emmen,264748,Rodney Kongolo,Central Midfield,28,0.35
Eerste Divisie,2025,1283,FC Emmen,522253,Torben Rhein,Central Midfield,23,0.3
Eerste Divisie,2025,1283,FC Emmen,800912,Adam Claridge,Central Midfield,20,0.3
Eerste Divisie,2025,1283,FC Emmen,317735,Julius Kade,Central Midfield,27,0.3
Eerste Divisie,2025,1283,FC Emmen,522242,Luca Denk,Central Midfield,23,0.225
Eerste Divisie,2025,1283,FC Emmen,590775,Djenahro Nunumete,Central Midfield,24,0.225
Eerste Divisie,2025,1283,FC Emmen,386109,Alaa Bakir,Attacking Midfield,25,0.25
Eerste Divisie,2025,1283,FC Emmen,538921,Freddy Quispel,Attacking Midfield,25,0.225
Eerste Divisie,2025,1283,FC Emmen,557611,Noam Emeran,Left Winger,23,0.2
Eerste Divisie,2025,1283,FC Emmen,433091,Jalen Hawkins,Right Winger,25,0.4
Eerste Divisie,2025,1283,FC Emmen,412954,Vicente Besuijen,Right Winger,25,0.3
Eerste Divisie,2025,1283,FC Emmen,425478,Nelson Amadin,Right Winger,25,0.25
Eerste Divisie,2025,1283,FC Emmen,513330,Romano Postema,Centre-Forward,24,1.0
Eerste Divisie,2025,1283,FC Emmen,336331,Franck Evina,Centre-Forward,25,0.25
Eerste Divisie,2025,1283,FC Emmen,453307,Filimon Gerezgiher,Centre-Forward,25,0.25
Eerste Divisie,2025,1283,FC Emmen,648573,Agon Sadiku,Centre-Forward,23,0.225
Eerste Divisie,2025,1283,FC Emmen,1224098,Chiel Sunder,Centre-Forward,17,0.15
Eerste Divisie,2025,1283,FC Emmen,1176188,Stan van Manen,Centre-Forward,19,0.1
Eerste Divisie,2025,1283,FC Emmen,679414,Antonio Satriano,Centre-Forward,22,0.075
Eerste Divisie,2025,192,Roda JC Kerkrade,653066,Justin Treichel,Goalkeeper,23,0.45
Eerste Divisie,2025,192,Roda JC Kerkrade,681206,Ben Zich,Goalkeeper,23,0.125
Eerste Divisie,2025,192,Roda JC Kerkrade,976481,Jordy Steins,Goalkeeper,20,0.025
Eerste Divisie,2025,192,Roda JC Kerkrade,235274,Dario Van den Buijs,Centre-Back,30,0.35
Eerste Divisie,2025,192,Roda JC Kerkrade,371461,Marco Tol,Centre-Back,28,0.325
Eerste Divisie,2025,192,Roda JC Kerkrade,849357,Jonathan Foss,Centre-Back,22,0.25
Eerste Divisie,2025,192,Roda JC Kerkrade,1022855,Juul Timmermans,Centre-Back,22,0.05
Eerste Divisie,2025,192,Roda JC Kerkrade,575993,Koen Jansen,Left-Back,22,0.35
Eerste Divisie,2025,192,Roda JC Kerkrade,595301,Tim Köther,Left-Back,25,0.225
Eerste Divisie,2025,192,Roda JC Kerkrade,533172,Jay Kruiver,Right-Back,25,0.5
Eerste Divisie,2025,192,Roda JC Kerkrade,775979,Reda El Meliani,Right-Back,21,0.1
Eerste Divisie,2025,192,Roda JC Kerkrade,603863,Joshua Nisbet,Defensive Midfield,27,0.65
Eerste Divisie,2025,192,Roda JC Kerkrade,452054,Joey Müller,Defensive Midfield,25,0.5
Eerste Divisie,2025,192,Roda JC Kerkrade,548228,Lucas Beerten,Defensive Midfield,23,0.3
Eerste Divisie,2025,192,Roda JC Kerkrade,338636,Jérôme Déom,Central Midfield,27,0.25
Eerste Divisie,2025,192,Roda JC Kerkrade,213671,Mitchel Paulissen,Central Midfield,33,0.125
Eerste Divisie,2025,192,Roda JC Kerkrade,929135,Ilias Splinter,Central Midfield,21,0.05
Eerste Divisie,2025,192,Roda JC Kerkrade,598575,Joshua Schwirten,Attacking Midfield,24,0.225
Eerste Divisie,2025,192,Roda JC Kerkrade,892983,Ryan Leijten,Attacking Midfield,22,0.125
Eerste Divisie,2025,192,Roda JC Kerkrade,633258,Tomas Kalinauskas,Left Winger,26,0.45
Eerste Divisie,2025,192,Roda JC Kerkrade,473170,Cain Seedorf,Left Winger,26,0.275
Eerste Divisie,2025,192,Roda JC Kerkrade,1017833,Luca Maiorano,Left Winger,20,0.15
Eerste Divisie,2025,192,Roda JC Kerkrade,488768,Ilias Takidine,Left Winger,25,0.125
Eerste Divisie,2025,192,Roda JC Kerkrade,258511,Michael Breij,Right Winger,29,0.4
Eerste Divisie,2025,192,Roda JC Kerkrade,515396,Iman Griffith,Right Winger,24,0.25
Eerste Divisie,2025,192,Roda JC Kerkrade,570560,Daniel Lajud,Right Winger,27,0.225
Eerste Divisie,2025,192,Roda JC Kerkrade,625002,Jack Cooper-Love,Centre-Forward,24,0.35
Eerste Divisie,2025,192,Roda JC Kerkrade,430977,Rasmus Wiedesheim-Paul,Centre-Forward,27,0.35
Eerste Divisie,2025,192,Roda JC Kerkrade,226100,Anthony van den Hurk,Centre-Forward,33,0.225
Eerste Divisie,2025,384,MVV Maastricht,595935,Sem Westerveld,Goalkeeper,23,0.4
Eerste Divisie,2025,384,MVV Maastricht,743375,Tom Poitoux,Goalkeeper,21,0.1
Eerste Divisie,2025,384,MVV Maastricht,742719,Sep van der Heijden,Goalkeeper,21,0.025
Eerste Divisie,2025,384,MVV Maastricht,567544,Wout Coomans,Centre-Back,24,0.35
Eerste Divisie,2025,384,MVV Maastricht,707128,Ilias Breugelmans,Centre-Back,25,0.325
Eerste Divisie,2025,384,MVV Maastricht,848483,Finn Dicke,Centre-Back,21,0.3
Eerste Divisie,2025,384,MVV Maastricht,991838,Adam Zaian,Centre-Back,22,0.2
Eerste Divisie,2025,384,MVV Maastricht,1277872,Simon Francis,Centre-Back,21,0.125
Eerste Divisie,2025,384,MVV Maastricht,844506,Lars Schenk,Left-Back,24,0.25
Eerste Divisie,2025,384,MVV Maastricht,619923,Mitch van Kempen,Left-Back,24,0.175
Eerste Divisie,2025,384,MVV Maastricht,995321,Djairo Tehubijuluw,Left-Back,21,0.125
Eerste Divisie,2025,384,MVV Maastricht,1081899,Lenn-Minh Tran,Right-Back,19,0.325
Eerste Divisie,2025,384,MVV Maastricht,1148222,Kanou Sy,Right-Back,20,0.175
Eerste Divisie,2025,384,MVV Maastricht,187288,Robert Klaasen,Defensive Midfield,32,0.25
Eerste Divisie,2025,384,MVV Maastricht,480265,Stan Van Dessel,Central Midfield,24,0.45
Eerste Divisie,2025,384,MVV Maastricht,957322,Nabil El Basri,Central Midfield,22,0.325
Eerste Divisie,2025,384,MVV Maastricht,714078,Marko Kleinen,Central Midfield,24,0.3
Eerste Divisie,2025,384,MVV Maastricht,671668,Ferre Slegers,Attacking Midfield,21,0.5
Eerste Divisie,2025,384,MVV Maastricht,1032094,Lirim Jashari,Attacking Midfield,20,0.1
Eerste Divisie,2025,384,MVV Maastricht,1287116,Amine Amgar,Attacking Midfield,17,0.075
Eerste Divisie,2025,384,MVV Maastricht,1021770,Ilano Silva Timas,Left Winger,23,0.35
Eerste Divisie,2025,384,MVV Maastricht,675979,Thijme Verheijen,Left Winger,23,0.2
Eerste Divisie,2025,384,MVV Maastricht,1287822,Mats Kuipers,Left Winger,20,0.15
Eerste Divisie,2025,384,MVV Maastricht,808767,Camil Mmaee,Right Winger,22,0.4
Eerste Divisie,2025,384,MVV Maastricht,662222,Delano Asante,Right Winger,26,0.225
Eerste Divisie,2025,384,MVV Maastricht,680916,Ayman Kassimi,Right Winger,24,0.1
Eerste Divisie,2025,384,MVV Maastricht,185400,Sven Braken,Centre-Forward,33,0.175
Eerste Divisie,2025,384,MVV Maastricht,1039750,Luca Foubert,Centre-Forward,22,0.15
Eerste Divisie,2025,384,MVV Maastricht,1081947,Travis de Jong,Centre-Forward,21,0.15
Eerste Divisie,2025,384,MVV Maastricht,1436944,Jaël Pawirodihardjo,Centre-Forward,19,0.125
Eerste Divisie,2025,404,FC Den Bosch,601262,Pepijn van de Merbel,Goalkeeper,24,0.4
Eerste Divisie,2025,404,FC Den Bosch,436061,Mees Bakker,Goalkeeper,25,0.1
Eerste Divisie,2025,404,FC Den Bosch,1136720,Tjemme Bijlsma,Goalkeeper,19,0.075
Eerste Divisie,2025,404,FC Den Bosch,633124,Teun van Grunsven,Centre-Back,26,0.45
Eerste Divisie,2025,404,FC Den Bosch,412930,Reda Akmum,Centre-Back,25,0.3
Eerste Divisie,2025,404,FC Den Bosch,577462,Stan Maas,Centre-Back,25,0.25
Eerste Divisie,2025,404,FC Den Bosch,1055230,Luc van Koeverden,Centre-Back,20,0.125
Eerste Divisie,2025,404,FC Den Bosch,949911,Mees Laros,Left-Back,21,0.6
Eerste Divisie,2025,404,FC Den Bosch,639974,Nick de Groot,Left-Back,24,0.4
Eerste Divisie,2025,404,FC Den Bosch,562701,Sheddy Barglan,Right-Back,23,0.2
Eerste Divisie,2025,404,FC Den Bosch,102660,Jeffry Fortes,Right-Back,37,0.075
Eerste Divisie,2025,404,FC Den Bosch,433933,Kevin Felida,Defensive Midfield,26,0.4
Eerste Divisie,2025,404,FC Den Bosch,1155374,Bohao Wang,Defensive Midfield,20,0.175
Eerste Divisie,2025,404,FC Den Bosch,1175827,Zaid el Bakkali,Central Midfield,20,0.15
Eerste Divisie,2025,404,FC Den Bosch,524033,Thijs van Leeuwen,Attacking Midfield,24,0.35
Eerste Divisie,2025,404,FC Den Bosch,99508,Danny Verbeek,Attacking Midfield,35,0.05
Eerste Divisie,2025,404,FC Den Bosch,1031875,Ilias Boumassaoudi,Left Winger,21,0.45
Eerste Divisie,2025,404,FC Den Bosch,646672,Chahid el Allachi,Left Winger,22,0.25
Eerste Divisie,2025,404,FC Den Bosch,1009223,Genrich Sillé,Left Winger,24,0.175
Eerste Divisie,2025,404,FC Den Bosch,480452,Hicham Acheffay,Left Winger,25,0.075
Eerste Divisie,2025,404,FC Den Bosch,591199,Kévin Monzialo,Right Winger,25,0.9
Eerste Divisie,2025,404,FC Den Bosch,659781,Jack de Vries,Right Winger,24,0.25
Eerste Divisie,2025,404,FC Den Bosch,1117678,Emian-Johar Semedo,Right Winger,23,0.225
Eerste Divisie,2025,404,FC Den Bosch,669450,Sebastian Karlsson Grach,Centre-Forward,25,0.25
Eerste Divisie,2025,404,FC Den Bosch,1056828,Denzel Kuijpers,Centre-Forward,22,0.1
Eerste Divisie,2025,1228,TOP Oss,206743,Mike Havekotte,Goalkeeper,30,0.3
Eerste Divisie,2025,1228,TOP Oss,879509,Sil Milder,Goalkeeper,21,0.025
Eerste Divisie,2025,1228,TOP Oss,591878,Devin Remie,Goalkeeper,23,0.025
Eerste Divisie,2025,1228,TOP Oss,547312,Xander Lambrix,Centre-Back,26,0.7
Eerste Divisie,2025,1228,TOP Oss,497252,Leonel Miguel,Centre-Back,25,0.25
Eerste Divisie,2025,1228,TOP Oss,566091,Thomas Cox,Centre-Back,24,0.2
Eerste Divisie,2025,1228,TOP Oss,660059,Maxim Mariani,Centre-Back,21,0.175
Eerste Divisie,2025,1228,TOP Oss,930986,Dion Markx,Centre-Back,21,0.01
Eerste Divisie,2025,1228,TOP Oss,775986,Julian Kuijpers,Left-Back,21,0.3
Eerste Divisie,2025,1228,TOP Oss,429929,Bryan van Hove,Left-Back,26,0.275
Eerste Divisie,2025,1228,TOP Oss,502132,Ilounga Pata,Right-Back,25,0.2
Eerste Divisie,2025,1228,TOP Oss,315124,Tristan Dekker,Right-Back,28,0.125
Eerste Divisie,2025,1228,TOP Oss,621732,Delano Vianello,Defensive Midfield,23,0.35
Eerste Divisie,2025,1228,TOP Oss,775984,Merijn van de Wiel,Defensive Midfield,20,0.1
Eerste Divisie,2025,1228,TOP Oss,706896,Marcelencio Esajas,Central Midfield,24,0.35
Eerste Divisie,2025,1228,TOP Oss,392744,Mitchell van Rooijen,Central Midfield,27,0.25
Eerste Divisie,2025,1228,TOP Oss,824000,Lars Mol,Central Midfield,21,0.25
Eerste Divisie,2025,1228,TOP Oss,415989,Mart Remans,Attacking Midfield,28,0.275
Eerste Divisie,2025,1228,TOP Oss,576098,Kas de Wit,Attacking Midfield,22,0.15
Eerste Divisie,2025,1228,TOP Oss,247595,Justin Mathieu,Attacking Midfield,30,0.1
Eerste Divisie,2025,1228,TOP Oss,1448877,Nico Clara Pinto,Attacking Midfield,23,0.05
Eerste Divisie,2025,1228,TOP Oss,899740,Mauresmo Hinoke,Left Winger,21,0.4
Eerste Divisie,2025,1228,TOP Oss,671736,Fofin Turay,Left Winger,22,0.1
Eerste Divisie,2025,1228,TOP Oss,458418,Joshua Zimmerman,Right Winger,25,0.25
Eerste Divisie,2025,1228,TOP Oss,992174,Mert Erkan,Right Winger,21,0.225
Eerste Divisie,2025,1228,TOP Oss,594230,Maurilio de Lannoy,Right Winger,22,0.225
Eerste Divisie,2025,1228,TOP Oss,187298,Luciano Slagveer,Right Winger,32,0.175
Eerste Divisie,2025,1228,TOP Oss,587666,Tijmen Wildeboer,Centre-Forward,24,0.25
Eerste Divisie,2025,1228,TOP Oss,802747,Siriné Doucouré,Centre-Forward,24,0.25
Eerste Divisie,2025,1228,TOP Oss,777404,Yaid Marhoum,Centre-Forward,22,0.075
Eerste Divisie,2025,1426,VVV-Venlo,531712,Youri Schoonderwaldt,Goalkeeper,26,0.35
Eerste Divisie,2025,1426,VVV-Venlo,390814,Trevor Doornbusch,Goalkeeper,26,0.05
Eerste Divisie,2025,1426,VVV-Venlo,846062,Gabin Blancquart,Centre-Back,22,0.45
Eerste Divisie,2025,1426,VVV-Venlo,1054638,Luuk Verheij,Centre-Back,20,0.3
Eerste Divisie,2025,1426,VVV-Venlo,1087050,Tijn Joosten,Centre-Back,19,0.175
Eerste Divisie,2025,1426,VVV-Venlo,786426,Dylan Timber,Centre-Back,26,0.1
Eerste Divisie,2025,1426,VVV-Venlo,694007,Thomas Reinders,Centre-Back,22,0.1
Eerste Divisie,2025,1426,VVV-Venlo,723581,Yousri el Anbri,Centre-Back,20,0.075
Eerste Divisie,2025,1426,VVV-Venlo,775042,Lars de Blok,Left-Back,22,0.35
Eerste Divisie,2025,1426,VVV-Venlo,112617,Philip Heise,Left-Back,35,0.15
Eerste Divisie,2025,1426,VVV-Venlo,150663,Sylian Mokono,Right-Back,27,0.25
Eerste Divisie,2025,1426,VVV-Venlo,576096,Yousri Sbai,Right-Back,21,0.25
Eerste Divisie,2025,1426,VVV-Venlo,499852,Michael Davis,Right-Back,24,0.2
Eerste Divisie,2025,1426,VVV-Venlo,961483,Diego van Zutphen,Right-Back,21,0.125
Eerste Divisie,2025,1426,VVV-Venlo,1087052,Tim Braem,Defensive Midfield,20,0.3
Eerste Divisie,2025,1426,VVV-Venlo,618036,Joshua Eijgenraam,Defensive Midfield,24,0.25
Eerste Divisie,2025,1426,VVV-Venlo,370042,Driess Saddiki,Defensive Midfield,29,0.2
Eerste Divisie,2025,1426,VVV-Venlo,618343,Joep Kluskens,Defensive Midfield,23,0.15
Eerste Divisie,2025,1426,VVV-Venlo,994653,Mohammed Odriss,Central Midfield,21,0.2
Eerste Divisie,2025,1426,VVV-Venlo,61612,Navarone Foor,Central Midfield,34,0.15
Eerste Divisie,2025,1426,VVV-Venlo,928629,Jorn Triep,Attacking Midfield,21,0.3
Eerste Divisie,2025,1426,VVV-Venlo,566933,Naïm Matoug,Attacking Midfield,23,0.225
Eerste Divisie,2025,1426,VVV-Venlo,841894,Nassim Ait Mouhou,Left Winger,21,0.275
Eerste Divisie,2025,1426,VVV-Venlo,865293,Layee Kromah,Left Winger,23,0.2
Eerste Divisie,2025,1426,VVV-Venlo,1371849,Bjorn van Zijl,Right Winger,21,0.3
Eerste Divisie,2025,1426,VVV-Venlo,618102,Lasse Wehmeyer,Right Winger,23,0.2
Eerste Divisie,2025,1426,VVV-Venlo,1468856,Thomas Janssen,Right Winger,18,0.05
Eerste Divisie,2025,1426,VVV-Venlo,942790,Dean Zandbergen,Centre-Forward,24,0.5
Eerste Divisie,2025,1426,VVV-Venlo,989998,Diego van Oorschot,Centre-Forward,20,0.15
Eerste Divisie,2025,3892,FC Eindhoven,736097,Jort Borgmans,Goalkeeper,23,0.3
Eerste Divisie,2025,3892,FC Eindhoven,277242,Jorn Brondeel,Goalkeeper,32,0.175
Eerste Divisie,2025,3892,FC Eindhoven,1019546,Nino Fancito,Goalkeeper,21,0.025
Eerste Divisie,2025,3892,FC Eindhoven,1088339,Owen Renfrum,Centre-Back,19,0.325
Eerste Divisie,2025,3892,FC Eindhoven,621733,Farouq Limouri,Centre-Back,23,0.3
Eerste Divisie,2025,3892,FC Eindhoven,263376,John Neeskens,Centre-Back,32,0.2
Eerste Divisie,2025,3892,FC Eindhoven,747019,Luc Netten,Centre-Back,22,0.05
Eerste Divisie,2025,3892,FC Eindhoven,477250,Terrence Douglas,Left-Back,24,0.325
Eerste Divisie,2025,3892,FC Eindhoven,591017,Siem de Moes,Left-Back,22,0.1
Eerste Divisie,2025,3892,FC Eindhoven,619780,Niels van Berkel,Left-Back,24,0.1
Eerste Divisie,2025,3892,FC Eindhoven,387201,Clint Essers,Right-Back,29,0.25
Eerste Divisie,2025,3892,FC Eindhoven,1152022,Marlon van de Wetering,Right-Back,18,0.175
Eerste Divisie,2025,3892,FC Eindhoven,496873,Xander Blomme,Defensive Midfield,24,0.3
Eerste Divisie,2025,3892,FC Eindhoven,746987,Sven Simons,Central Midfield,22,0.45
Eerste Divisie,2025,3892,FC Eindhoven,564448,Daan Huisman,Central Midfield,23,0.4
Eerste Divisie,2025,3892,FC Eindhoven,640566,Dyon Dorenbosch,Central Midfield,23,0.3
Eerste Divisie,2025,3892,FC Eindhoven,595774,Boris van Schuppen,Attacking Midfield,24,0.35
Eerste Divisie,2025,3892,FC Eindhoven,1152029,Thijs Muller,Attacking Midfield,19,0.35
Eerste Divisie,2025,3892,FC Eindhoven,1111570,Zakaria Haddaoui,Attacking Midfield,20,0.125
Eerste Divisie,2025,3892,FC Eindhoven,1192402,Théo Mununga,Attacking Midfield,19,0.1
Eerste Divisie,2025,3892,FC Eindhoven,667272,Niek Munsters,Attacking Midfield,24,0.1
Eerste Divisie,2025,3892,FC Eindhoven,1228735,Tyrese Simons,Left Winger,23,0.325
Eerste Divisie,2025,3892,FC Eindhoven,957307,Hugo Deenen,Left Winger,21,0.25
Eerste Divisie,2025,3892,FC Eindhoven,904410,Edoly Lukoki,Left Winger,22,0.225
Eerste Divisie,2025,3892,FC Eindhoven,351873,Sven Blummel,Right Winger,29,0.325
Eerste Divisie,2025,3892,FC Eindhoven,111183,Rangelo Janga,Centre-Forward,34,0.175
Eerste Divisie,2025,3892,FC Eindhoven,159894,Kevin van Veen,Centre-Forward,35,0.1
Eerste Divisie,2025,3892,FC Eindhoven,740431,Amir Bryson,Centre-Forward,21,0.1
Eerste Divisie,2025,500,Helmond Sport,481804,Menno Bergsen,Goalkeeper,26,0.25
Eerste Divisie,2025,500,Helmond Sport,548934,Hugo Wentges,Goalkeeper,24,0.1
Eerste Divisie,2025,500,Helmond Sport,1257359,Kevin Aben,Goalkeeper,22,0.05
Eerste Divisie,2025,500,Helmond Sport,456335,Flor Van den Eynden,Centre-Back,25,0.325
Eerste Divisie,2025,500,Helmond Sport,251975,Brian Koglin,Centre-Back,29,0.3
Eerste Divisie,2025,500,Helmond Sport,412939,Dennis Vos,Centre-Back,24,0.3
Eerste Divisie,2025,500,Helmond Sport,480457,Thomas Poll,Left-Back,24,0.3
Eerste Divisie,2025,500,Helmond Sport,373977,Amir Absalem,Left-Back,29,0.3
Eerste Divisie,2025,500,Helmond Sport,565401,Amine Et-Taïbi,Right-Back,23,0.4
Eerste Divisie,2025,500,Helmond Sport,646705,Sem Dekkers,Right-Back,22,0.25
Eerste Divisie,2025,500,Helmond Sport,415085,Justin Ogenia,Right-Back,27,0.2
Eerste Divisie,2025,500,Helmond Sport,521919,Lion Semic,Right-Back,22,0.175
Eerste Divisie,2025,500,Helmond Sport,945685,Alen Dizdarevic,Defensive Midfield,22,0.35
Eerste Divisie,2025,500,Helmond Sport,205276,Pol Llonch,Defensive Midfield,33,0.125
Eerste Divisie,2025,500,Helmond Sport,1082083,Noah Makanza,Central Midfield,21,0.45
Eerste Divisie,2025,500,Helmond Sport,1290009,Dayen Geerts,Central Midfield,19,0.15
Eerste Divisie,2025,500,Helmond Sport,700145,Michel Ludwig,Central Midfield,21,0.125
Eerste Divisie,2025,500,Helmond Sport,1036574,Helgi Fródi Ingason,Attacking Midfield,20,0.25
Eerste Divisie,2025,500,Helmond Sport,292805,Lennerd Daneels,Left Winger,28,0.325
Eerste Divisie,2025,500,Helmond Sport,995875,Tarik Essakkati,Left Winger,20,0.3
Eerste Divisie,2025,500,Helmond Sport,828356,André Leipold,Right Winger,24,0.225
Eerste Divisie,2025,500,Helmond Sport,864124,Onesime Zimuangana,Right Winger,20,0.125
Eerste Divisie,2025,500,Helmond Sport,819306,Labinot Bajrami,Centre-Forward,21,0.45
Eerste Divisie,2025,500,Helmond Sport,202867,Maik Lukowicz,Centre-Forward,31,0.275
Eerste Divisie,2025,500,Helmond Sport,1036084,Julian Geerts,Centre-Forward,20,0.125
Eerste Divisie,2025,499,Vitesse Arnhem,477476,Connor van den Berg,Goalkeeper,25,0.3
Eerste Divisie,2025,499,Vitesse Arnhem,596103,Maximilian Brüll,Goalkeeper,23,0.125
Eerste Divisie,2025,499,Vitesse Arnhem,482383,Valon Zumberi,Centre-Back,23,0.35
Eerste Divisie,2025,499,Vitesse Arnhem,949959,Omar Achouitar,Centre-Back,21,0.3
Eerste Divisie,2025,499,Vitesse Arnhem,607141,Marcus Steffen,Centre-Back,23,0.3
Eerste Divisie,2025,499,Vitesse Arnhem,670824,Michel Driezen,Centre-Back,22,0.05
Eerste Divisie,2025,499,Vitesse Arnhem,761283,Xiamaro Thenu,Left-Back,21,0.175
Eerste Divisie,2025,499,Vitesse Arnhem,38003,Alexander Büttner,Left-Back,37,0.1
Eerste Divisie,2025,499,Vitesse Arnhem,703775,Chiel Olde Keizer,Left-Back,23,0.075
Eerste Divisie,2025,499,Vitesse Arnhem,508637,Solomon Bonnah,Right-Back,22,0.275
Eerste Divisie,2025,499,Vitesse Arnhem,451576,Nathan Markelo,Right-Back,27,0.25
Eerste Divisie,2025,499,Vitesse Arnhem,723009,Jordy de Beer,Right-Back,22,0.05
Eerste Divisie,2025,499,Vitesse Arnhem,229792,Marco Schikora,Defensive Midfield,31,0.3
Eerste Divisie,2025,499,Vitesse Arnhem,1107997,Youssef Ouallil,Defensive Midfield,18,0.05
Eerste Divisie,2025,499,Vitesse Arnhem,775988,Mathijs Marschalk,Central Midfield,21,0.35
Eerste Divisie,2025,499,Vitesse Arnhem,695634,Moustafa Moustafa,Central Midfield,22,0.1
Eerste Divisie,2025,499,Vitesse Arnhem,701756,Ricardo-Felipe Schwarz,Attacking Midfield,22,0.25
Eerste Divisie,2025,499,Vitesse Arnhem,1042450,Yuval Ranon,Attacking Midfield,20,0.15
Eerste Divisie,2025,499,Vitesse Arnhem,559321,Dillon Hoogewerf,Left Winger,23,0.375
Eerste Divisie,2025,499,Vitesse Arnhem,827260,Adam Tahaui,Right Winger,20,0.5
Eerste Divisie,2025,499,Vitesse Arnhem,936572,Nino Zonneveld,Right Winger,20,0.325
Eerste Divisie,2025,499,Vitesse Arnhem,691977,Maxwell Rodrigues,Right Winger,22,0.05
Eerste Divisie,2025,499,Vitesse Arnhem,430800,Naoufal Bannis,Centre-Forward,24,0.325
Eerste Divisie,2025,499,Vitesse Arnhem,824949,João Pinto,Centre-Forward,22,0.275
Eerste Divisie,2025,499,Vitesse Arnhem,284688,Elias Huth,Centre-Forward,29,0.25
Eerste Divisie,2026,8817,Ajax Amsterdam U21,923667,Joeri Heerkens,Goalkeeper,20,1.0
Eerste Divisie,2026,8817,Ajax Amsterdam U21,635129,Charlie Setford,Goalkeeper,22,0.2
Eerste Divisie,2026,8817,Ajax Amsterdam U21,1012732,Aymean El Hani,Goalkeeper,19,0.1
Eerste Divisie,2026,8817,Ajax Amsterdam U21,1233650,Marvyn Muzungu,Centre-Back,18,0.5
Eerste Divisie,2026,8817,Ajax Amsterdam U21,1070408,Mylo van der Lans,Centre-Back,19,0.45
Eerste Divisie,2026,8817,Ajax Amsterdam U21,1158985,Gerónimo Spina,Centre-Back,21,0.2
Eerste Divisie,2026,8817,Ajax Amsterdam U21,1111058,Kennynho Kasanwirjo,Centre-Back,18,0.15
Eerste Divisie,2026,8817,Ajax Amsterdam U21,1134255,Fouad Zahouani,Left-Back,20,1.2
Eerste Divisie,2026,8817,Ajax Amsterdam U21,744150,Avery Appiah,Right-Back,20,0.275
Eerste Divisie,2026,8817,Ajax Amsterdam U21,1025412,Ryan van de Pavert,Right-Back,20,0.2
Eerste Divisie,2026,8817,Ajax Amsterdam U21,1210116,Abdoulaye Camara,Defensive Midfield,17,1.5
Eerste Divisie,2026,8817,Ajax Amsterdam U21,1088697,Jinairo Johnson,Defensive Midfield,19,0.35
Eerste Divisie,2026,8817,Ajax Amsterdam U21,904790,Mark Verkuijl,Defensive Midfield,20,0.275
Eerste Divisie,2026,8817,Ajax Amsterdam U21,1242209,Mohamed Abdalla,Central Midfield,16,0.6
Eerste Divisie,2026,8817,Ajax Amsterdam U21,1025408,Tijn Peters,Central Midfield,20,0.3
Eerste Divisie,2026,8817,Ajax Amsterdam U21,896732,Damian van der Vaart,Central Midfield,20,0.2
Eerste Divisie,2026,8817,Ajax Amsterdam U21,1194905,Abdellah Ouazane,Attacking Midfield,17,1.5
Eerste Divisie,2026,8817,Ajax Amsterdam U21,1209287,Jano Monserrate,Attacking Midfield,20,0.5
Eerste Divisie,2026,8817,Ajax Amsterdam U21,1111062,Pharell Nash,Left Winger,18,0.5
Eerste Divisie,2026,8817,Ajax Amsterdam U21,738474,David Kalokoh,Left Winger,21,0.2
Eerste Divisie,2026,8817,Ajax Amsterdam U21,1232055,Leo Salazar,Left Winger,19,0.025
Eerste Divisie,2026,8817,Ajax Amsterdam U21,949480,Jan Faberski,Right Winger,20,0.5
Eerste Divisie,2026,8817,Ajax Amsterdam U21,1143676,Luca Messori,Right Winger,18,0.25
Eerste Divisie,2026,8817,Ajax Amsterdam U21,1155804,Emre Ünüvar,Centre-Forward,18,0.6
Eerste Divisie,2026,8817,Ajax Amsterdam U21,1049598,Diego Pugno,Centre-Forward,20,0.4
Eerste Divisie,2026,11368,AZ Alkmaar U21,938373,Kiyani Zeggen,Goalkeeper,19,0.3
Eerste Divisie,2026,11368,AZ Alkmaar U21,929128,Koen Schilder,Goalkeeper,20,0.025
Eerste Divisie,2026,11368,AZ Alkmaar U21,936294,Rion Ichihara,Centre-Back,21,1.5
Eerste Divisie,2026,11368,AZ Alkmaar U21,1058353,Andrea Natali,Centre-Back,18,0.4
Eerste Divisie,2026,11368,AZ Alkmaar U21,929130,Mathijs Menu,Centre-Back,21,0.25
Eerste Divisie,2026,11368,AZ Alkmaar U21,848757,Rayan Atikallah,Centre-Back,20,0.1
Eerste Divisie,2026,11368,AZ Alkmaar U21,1121109,Frej Elkjær,Left-Back,19,0.3
Eerste Divisie,2026,11368,AZ Alkmaar U21,929132,Jeremiah Esajas,Left-Back,21,0.275
Eerste Divisie,2026,11368,AZ Alkmaar U21,1055876,Jesper Zwart,Right-Back,19,0.25
Eerste Divisie,2026,11368,AZ Alkmaar U21,1102070,Kiani Inge,Right-Back,20,0.2
Eerste Divisie,2026,11368,AZ Alkmaar U21,801029,Enoch Mastoras,Defensive Midfield,20,0.25
Eerste Divisie,2026,11368,AZ Alkmaar U21,929133,Rio Robbemond,Central Midfield,21,0.4
Eerste Divisie,2026,11368,AZ Alkmaar U21,935036,Bogdan Budko,Central Midfield,20,0.4
Eerste Divisie,2026,11368,AZ Alkmaar U21,942065,Julian Oerip,Attacking Midfield,19,0.3
Eerste Divisie,2026,11368,AZ Alkmaar U21,1024701,Hessel de Wit,Attacking Midfield,19,0.15
Eerste Divisie,2026,11368,AZ Alkmaar U21,1015875,Tómas Johannessen,Attacking Midfield,19,0.1
Eerste Divisie,2026,11368,AZ Alkmaar U21,576094,Kevin Toppenberg,Left Winger,22,0.4
Eerste Divisie,2026,11368,AZ Alkmaar U21,1058399,Maximilian Ibrahimović,Left Winger,19,0.3
Eerste Divisie,2026,11368,AZ Alkmaar U21,1078350,Ayoub Oufkir,Right Winger,20,3.0
Eerste Divisie,2026,11368,AZ Alkmaar U21,990009,Jasper Hartog,Right Winger,20,0.4
Eerste Divisie,2026,11368,AZ Alkmaar U21,1129402,Bendegúz Kovács,Centre-Forward,19,1.5
Eerste Divisie,2026,11368,AZ Alkmaar U21,979199,Yoël van den Ban,Centre-Forward,20,0.3
Eerste Divisie,2026,11368,AZ Alkmaar U21,1142631,Jerolldino Bergraaf,Centre-Forward,20,0.3
Eerste Divisie,2026,132,NAC Breda,288259,Michael Verrips,Goalkeeper,29,0.45
Eerste Divisie,2026,132,NAC Breda,64352,Kostas Lamprou,Goalkeeper,35,0.15
Eerste Divisie,2026,132,NAC Breda,195546,Roy Kortsmit,Goalkeeper,34,0.125
Eerste Divisie,2026,132,NAC Breda,1346738,Thomas Goos,Goalkeeper,18,0.05
Eerste Divisie,2026,132,NAC Breda,434110,Leo Greiml,Centre-Back,25,0.9
Eerste Divisie,2026,132,NAC Breda,334495,Jan Van den Bergh,Centre-Back,31,0.7
Eerste Divisie,2026,132,NAC Breda,559334,Rio Hillen,Centre-Back,23,0.6
Eerste Divisie,2026,132,NAC Breda,571150,Jayden Candelaria,Left-Back,22,0.15
Eerste Divisie,2026,132,NAC Breda,546225,Mohamed Bouchouari,Right-Back,25,0.45
Eerste Divisie,2026,132,NAC Breda,406091,Boyd Lucassen,Right-Back,28,0.35
Eerste Divisie,2026,132,NAC Breda,849428,Max Balard,Defensive Midfield,25,0.9
Eerste Divisie,2026,132,NAC Breda,218233,Fredrik Oldrup Jensen,Defensive Midfield,33,0.25
Eerste Divisie,2026,132,NAC Breda,620566,Jannes Van Hecke,Central Midfield,24,0.9
Eerste Divisie,2026,132,NAC Breda,646698,Gabriel Misehouy,Attacking Midfield,21,0.9
Eerste Divisie,2026,132,NAC Breda,640565,Mohamed Nassoh,Attacking Midfield,23,0.7
Eerste Divisie,2026,132,NAC Breda,187809,Mats Seuntjens,Attacking Midfield,34,0.275
Eerste Divisie,2026,132,NAC Breda,564489,Kamal Sowah,Left Winger,26,0.75
Eerste Divisie,2026,132,NAC Breda,743390,Brahim Ghalidi,Left Winger,21,0.175
Eerste Divisie,2026,132,NAC Breda,1053240,Moussa Soumano,Centre-Forward,21,0.75
Eerste Divisie,2026,132,NAC Breda,595028,Charles-Andreas Brym,Centre-Forward,28,0.35
Eerste Divisie,2026,132,NAC Breda,1409754,Pepijn Reulen,Centre-Forward,18,0.3
Eerste Divisie,2026,132,NAC Breda,180843,Paul Gladon,Centre-Forward,34,0.15
Eerste Divisie,2026,723,Almere City FC,596142,Wessel Speel,Goalkeeper,24,0.175
Eerste Divisie,2026,723,Almere City FC,738514,Tristan Kuijsten,Goalkeeper,21,0.175
Eerste Divisie,2026,723,Almere City FC,928573,Joël van der Wilt,Goalkeeper,22,0.025
Eerste Divisie,2026,723,Almere City FC,738481,Emmanuel van de Blaak,Centre-Back,21,0.5
Eerste Divisie,2026,723,Almere City FC,241420,Damian van Bruggen,Centre-Back,30,0.5
Eerste Divisie,2026,723,Almere City FC,361124,Joey Jacobs,Centre-Back,26,0.3
Eerste Divisie,2026,723,Almere City FC,595936,Misha Engel,Centre-Back,23,0.25
Eerste Divisie,2026,723,Almere City FC,272706,James Lawrence,Centre-Back,34,0.225
Eerste Divisie,2026,723,Almere City FC,324111,Teun Bijleveld,Left-Back,28,0.225
Eerste Divisie,2026,723,Almere City FC,470393,Twan van der Zeeuw,Left-Back,23,0.125
Eerste Divisie,2026,723,Almere City FC,748506,Martin Wasinski,Right-Back,22,0.4
Eerste Divisie,2026,723,Almere City FC,928591,Tiziano Vianello,Right-Back,21,0.15
Eerste Divisie,2026,723,Almere City FC,315233,Mees Hoedemakers,Defensive Midfield,28,0.6
Eerste Divisie,2026,723,Almere City FC,675623,Job Kalisvaart,Defensive Midfield,22,0.325
Eerste Divisie,2026,723,Almere City FC,607164,Enzo Cornelisse,Defensive Midfield,24,0.275
Eerste Divisie,2026,723,Almere City FC,765468,Milan de Haan,Central Midfield,22,0.55
Eerste Divisie,2026,723,Almere City FC,928612,Hamza el Dahri,Central Midfield,21,0.275
Eerste Divisie,2026,723,Almere City FC,865281,Jochem Ritmeester van de Kamp,Attacking Midfield,22,1.5
Eerste Divisie,2026,723,Almere City FC,410735,Jamie Jacobs,Attacking Midfield,28,0.275
Eerste Divisie,2026,723,Almere City FC,943828,Olivier de Nijs,Attacking Midfield,21,0.225
Eerste Divisie,2026,723,Almere City FC,1055894,Marley Dors,Left Winger,21,0.4
Eerste Divisie,2026,723,Almere City FC,1021391,Emmanuel Poku,Right Winger,21,0.8
Eerste Divisie,2026,723,Almere City FC,692771,Byron Burgering,Right Winger,25,0.5
Eerste Divisie,2026,723,Almere City FC,360519,Ferdy Druijf,Centre-Forward,28,0.3
Eerste Divisie,2026,723,Almere City FC,949961,Bas Huisman,Centre-Forward,21,0.25
Eerste Divisie,2026,723,Almere City FC,1310079,Immanuel Ghogli,Centre-Forward,21,0.1
Eerste Divisie,2026,235,RKC Waalwijk,723005,Niek Schiks,Goalkeeper,22,0.5
Eerste Divisie,2026,235,RKC Waalwijk,383705,Mark Spenkelink,Goalkeeper,29,0.25
Eerste Divisie,2026,235,RKC Waalwijk,1004305,Luuk Vogels,Goalkeeper,23,0.025
Eerste Divisie,2026,235,RKC Waalwijk,412933,Liam van Gelderen,Centre-Back,25,0.4
Eerste Divisie,2026,235,RKC Waalwijk,215096,Jordy de Wijs,Centre-Back,31,0.4
Eerste Divisie,2026,235,RKC Waalwijk,864119,Sven van der Plas,Centre-Back,20,0.3
Eerste Divisie,2026,235,RKC Waalwijk,349567,Juan Familia-Castillo,Left-Back,26,0.4
Eerste Divisie,2026,235,RKC Waalwijk,940072,Nazjir Held,Left-Back,21,0.4
Eerste Divisie,2026,235,RKC Waalwijk,829819,Faissal Al Mazyani,Right-Back,21,0.4
Eerste Divisie,2026,235,RKC Waalwijk,339330,Navajo Bakboord,Right-Back,27,0.175
Eerste Divisie,2026,235,RKC Waalwijk,963506,Bjarn Zorgdrager,Right-Back,22,0.05
Eerste Divisie,2026,235,RKC Waalwijk,559336,Loek Postma,Defensive Midfield,23,0.35
Eerste Divisie,2026,235,RKC Waalwijk,886260,Tim van de Loo,Central Midfield,23,0.45
Eerste Divisie,2026,235,RKC Waalwijk,1182531,Jochem Nap,Central Midfield,21,0.05
Eerste Divisie,2026,235,RKC Waalwijk,524033,Thijs van Leeuwen,Attacking Midfield,25,0.35
Eerste Divisie,2026,235,RKC Waalwijk,949914,Rein van Hedel,Attacking Midfield,21,0.25
Eerste Divisie,2026,235,RKC Waalwijk,959932,Keyan Varela,Left Winger,20,1.5
Eerste Divisie,2026,235,RKC Waalwijk,214346,Virgil Misidjan,Left Winger,33,0.4
Eerste Divisie,2026,235,RKC Waalwijk,1087336,Yoram van der Veen,Left Winger,21,0.175
Eerste Divisie,2026,235,RKC Waalwijk,857155,Ryan Fage,Right Winger,22,0.35
Eerste Divisie,2026,235,RKC Waalwijk,469082,Roy Kuijpers,Right Winger,26,0.25
Eerste Divisie,2026,235,RKC Waalwijk,241486,Finn Stokkers,Centre-Forward,30,0.3
Eerste Divisie,2026,235,RKC Waalwijk,930983,Jesse van de Haar,Centre-Forward,21,0.25
Eerste Divisie,2026,192,Roda JC Kerkrade,653066,Justin Treichel,Goalkeeper,23,0.45
Eerste Divisie,2026,192,Roda JC Kerkrade,235274,Dario Van den Buijs,Centre-Back,31,0.35
Eerste Divisie,2026,192,Roda JC Kerkrade,371461,Marco Tol,Centre-Back,28,0.325
Eerste Divisie,2026,192,Roda JC Kerkrade,1054638,Luuk Verheij,Centre-Back,21,0.3
Eerste Divisie,2026,192,Roda JC Kerkrade,575993,Koen Jansen,Left-Back,22,0.35
Eerste Divisie,2026,192,Roda JC Kerkrade,648540,Bram Marsman,Left-Back,23,0.2
Eerste Divisie,2026,192,Roda JC Kerkrade,983553,Guilherme Peixoto,Right-Back,20,0.2
Eerste Divisie,2026,192,Roda JC Kerkrade,603863,Joshua Nisbet,Defensive Midfield,27,0.65
Eerste Divisie,2026,192,Roda JC Kerkrade,548228,Lucas Beerten,Defensive Midfield,23,0.3
Eerste Divisie,2026,192,Roda JC Kerkrade,640566,Dyon Dorenbosch,Central Midfield,23,0.3
Eerste Divisie,2026,192,Roda JC Kerkrade,338636,Jérôme Déom,Central Midfield,27,0.25
Eerste Divisie,2026,192,Roda JC Kerkrade,213671,Mitchel Paulissen,Central Midfield,33,0.125
Eerste Divisie,2026,192,Roda JC Kerkrade,1131924,Jeremiah Mensah,Attacking Midfield,18,2.0
Eerste Divisie,2026,192,Roda JC Kerkrade,789091,Mokrane Bentoumi,Attacking Midfield,20,0.4
Eerste Divisie,2026,192,Roda JC Kerkrade,473170,Cain Seedorf,Left Winger,26,0.275
Eerste Divisie,2026,192,Roda JC Kerkrade,207043,Joey Sleegers,Left Winger,32,0.15
Eerste Divisie,2026,192,Roda JC Kerkrade,1118293,Fynn Schenten,Centre-Forward,19,1.0
Eerste Divisie,2026,192,Roda JC Kerkrade,226100,Anthony van den Hurk,Centre-Forward,33,0.225
Eerste Divisie,2026,499,Vitesse Arnhem,477476,Connor van den Berg,Goalkeeper,25,0.3
Eerste Divisie,2026,499,Vitesse Arnhem,596103,Maximilian Brüll,Goalkeeper,24,0.125
Eerste Divisie,2026,499,Vitesse Arnhem,663961,Tyrick Bodak,Goalkeeper,24,0.025
Eerste Divisie,2026,499,Vitesse Arnhem,482383,Valon Zumberi,Centre-Back,23,0.35
Eerste Divisie,2026,499,Vitesse Arnhem,949959,Omar Achouitar,Centre-Back,21,0.3
Eerste Divisie,2026,499,Vitesse Arnhem,451297,Luuk Wouters,Centre-Back,27,0.3
Eerste Divisie,2026,499,Vitesse Arnhem,607141,Marcus Steffen,Centre-Back,23,0.3
Eerste Divisie,2026,499,Vitesse Arnhem,761283,Xiamaro Thenu,Left-Back,21,0.175
Eerste Divisie,2026,499,Vitesse Arnhem,38003,Alexander Büttner,Left-Back,37,0.1
Eerste Divisie,2026,499,Vitesse Arnhem,703775,Chiel Olde Keizer,Left-Back,23,0.075
Eerste Divisie,2026,499,Vitesse Arnhem,508637,Solomon Bonnah,Right-Back,23,0.275
Eerste Divisie,2026,499,Vitesse Arnhem,451576,Nathan Markelo,Right-Back,27,0.25
Eerste Divisie,2026,499,Vitesse Arnhem,229792,Marco Schikora,Defensive Midfield,31,0.3
Eerste Divisie,2026,499,Vitesse Arnhem,1107997,Youssef Ouallil,Defensive Midfield,18,0.05
Eerste Divisie,2026,499,Vitesse Arnhem,775988,Mathijs Marschalk,Central Midfield,21,0.35
Eerste Divisie,2026,499,Vitesse Arnhem,1065043,Pontus Dahbo,Attacking Midfield,20,2.0
Eerste Divisie,2026,499,Vitesse Arnhem,701756,Ricardo-Felipe Schwarz,Attacking Midfield,22,0.25
Eerste Divisie,2026,499,Vitesse Arnhem,1042450,Yuval Ranon,Attacking Midfield,20,0.15
Eerste Divisie,2026,499,Vitesse Arnhem,659353,Filipe de Carvalho,Left Winger,22,0.25
Eerste Divisie,2026,499,Vitesse Arnhem,574391,Ayman Sellouf,Left Winger,25,0.125
Eerste Divisie,2026,499,Vitesse Arnhem,936572,Nino Zonneveld,Right Winger,20,0.325
Eerste Divisie,2026,499,Vitesse Arnhem,430800,Naoufal Bannis,Centre-Forward,24,0.325
Eerste Divisie,2026,499,Vitesse Arnhem,824949,João Pinto,Centre-Forward,22,0.275
Eerste Divisie,2026,499,Vitesse Arnhem,400644,Jeredy Hilterman,Centre-Forward,28,0.25
Eerste Divisie,2026,499,Vitesse Arnhem,717076,Eduard Probst,Centre-Forward,25,0.2
Eerste Divisie,2026,1304,Heracles Almelo,462285,Fabian de Keijzer,Goalkeeper,26,0.4
Eerste Divisie,2026,1304,Heracles Almelo,703778,Timo Jansink,Goalkeeper,23,0.15
Eerste Divisie,2026,1304,Heracles Almelo,257986,Damon Mirani,Centre-Back,30,0.45
Eerste Divisie,2026,1304,Heracles Almelo,936571,Stijn Bultman,Centre-Back,21,0.35
Eerste Divisie,2026,1304,Heracles Almelo,942604,Mario Borac,Centre-Back,20,0.2
Eerste Divisie,2026,1304,Heracles Almelo,155806,Mike te Wierik,Centre-Back,34,0.2
Eerste Divisie,2026,1304,Heracles Almelo,692839,Maurice Wrusch,Centre-Back,26,0.125
Eerste Divisie,2026,1304,Heracles Almelo,461624,Manny Rodríguez,Left-Back,28,0.1
Eerste Divisie,2026,1304,Heracles Almelo,591880,Mimeirhel Benita,Right-Back,22,0.5
Eerste Divisie,2026,1304,Heracles Almelo,554334,David Vicente Robles,Right-Back,27,0.3
Eerste Divisie,2026,1304,Heracles Almelo,618083,Sem Scheperman,Defensive Midfield,24,0.6
Eerste Divisie,2026,1304,Heracles Almelo,377720,Daniël van Kaam,Defensive Midfield,26,0.375
Eerste Divisie,2026,1304,Heracles Almelo,916461,Rhys Bozinovski,Defensive Midfield,22,0.35
Eerste Divisie,2026,1304,Heracles Almelo,596148,Djevencio van der Kust,Central Midfield,25,0.35
Eerste Divisie,2026,1304,Heracles Almelo,326300,Jeff Reine-Adélaïde,Attacking Midfield,28,0.5
Eerste Divisie,2026,1304,Heracles Almelo,793702,Tristan van Gilst,Attacking Midfield,23,0.35
Eerste Divisie,2026,1304,Heracles Almelo,172202,Thomas Bruns,Attacking Midfield,34,0.175
Eerste Divisie,2026,1304,Heracles Almelo,586659,Yvandro Borges Sanches,Left Winger,22,0.4
Eerste Divisie,2026,1304,Heracles Almelo,93637,Mario Engels,Left Winger,32,0.3
Eerste Divisie,2026,1304,Heracles Almelo,337682,David Tomic,Left Winger,28,0.15
Eerste Divisie,2026,1304,Heracles Almelo,918769,Max Hauswirth,Left Winger,23,0.15
Eerste Divisie,2026,1304,Heracles Almelo,1025411,Giandro Sambo,Left Winger,20,0.05
Eerste Divisie,2026,1304,Heracles Almelo,1476385,Sil Blokhuis,Right Winger,18,0.05
Eerste Divisie,2026,1304,Heracles Almelo,843728,Jean-Paul N'Djoli,Centre-Forward,25,0.25
Eerste Divisie,2026,1304,Heracles Almelo,989998,Diego van Oorschot,Centre-Forward,20,0.15
Eerste Divisie,2026,1304,Heracles Almelo,594039,Fodé Fofana,Centre-Forward,23,0.125
Eerste Divisie,2026,642,De Graafschap Doetinchem,1015401,Paul Reverson,Goalkeeper,21,0.35
Eerste Divisie,2026,642,De Graafschap Doetinchem,587606,Ties Wieggers,Goalkeeper,23,0.325
Eerste Divisie,2026,642,De Graafschap Doetinchem,823992,Rowan Besselink,Centre-Back,21,0.4
Eerste Divisie,2026,642,De Graafschap Doetinchem,936570,Gijs Bolk,Centre-Back,21,0.3
Eerste Divisie,2026,642,De Graafschap Doetinchem,663649,Joran Hardeman,Centre-Back,24,0.25
Eerste Divisie,2026,642,De Graafschap Doetinchem,396106,Thomas Kok,Centre-Back,28,0.2
Eerste Divisie,2026,642,De Graafschap Doetinchem,746974,Levi Schoppema,Left-Back,22,0.275
Eerste Divisie,2026,642,De Graafschap Doetinchem,723010,Kaya Symons,Left-Back,21,0.275
Eerste Divisie,2026,642,De Graafschap Doetinchem,720189,Nolan Martens,Right-Back,22,0.45
Eerste Divisie,2026,642,De Graafschap Doetinchem,447801,Jannes Wieckhoff,Right-Back,26,0.35
Eerste Divisie,2026,642,De Graafschap Doetinchem,464699,Mark Pabai,Right-Back,25,0.3
Eerste Divisie,2026,642,De Graafschap Doetinchem,508636,Donny Warmerdam,Defensive Midfield,24,0.35
Eerste Divisie,2026,642,De Graafschap Doetinchem,1073288,Milan Smits,Defensive Midfield,21,0.2
Eerste Divisie,2026,642,De Graafschap Doetinchem,250464,Clint Leemans,Central Midfield,31,0.4
Eerste Divisie,2026,642,De Graafschap Doetinchem,471692,Jason Meerstadt,Central Midfield,25,0.325
Eerste Divisie,2026,642,De Graafschap Doetinchem,559335,Fedde de Jong,Attacking Midfield,23,0.3
Eerste Divisie,2026,642,De Graafschap Doetinchem,928629,Jorn Triep,Attacking Midfield,21,0.3
Eerste Divisie,2026,642,De Graafschap Doetinchem,1039335,Denzel Eijken,Attacking Midfield,22,0.025
Eerste Divisie,2026,642,De Graafschap Doetinchem,1002462,Gabriele Finocchiaro,Left Winger,20,0.2
Eerste Divisie,2026,642,De Graafschap Doetinchem,1067927,Toivo Mero,Left Winger,18,0.15
Eerste Divisie,2026,642,De Graafschap Doetinchem,1371849,Bjorn van Zijl,Right Winger,22,0.3
Eerste Divisie,2026,642,De Graafschap Doetinchem,782188,Nathan Kaninda,Right Winger,22,0.25
Eerste Divisie,2026,642,De Graafschap Doetinchem,912250,Julian Kania,Centre-Forward,24,0.4
Eerste Divisie,2026,642,De Graafschap Doetinchem,1088324,Kyano Kwint,Centre-Forward,19,0.275
Eerste Divisie,2026,724,FC Volendam,215551,Hidde Jurjus,Goalkeeper,32,0.25
Eerste Divisie,2026,724,FC Volendam,729011,Roy Steur,Goalkeeper,21,0.2
Eerste Divisie,2026,724,FC Volendam,587297,Dion Vlak,Goalkeeper,25,0.025
Eerste Divisie,2026,724,FC Volendam,170720,Mawouna Amevor,Centre-Back,34,0.2
Eerste Divisie,2026,724,FC Volendam,1175045,Luca Blondeau,Centre-Back,20,0.075
Eerste Divisie,2026,724,FC Volendam,79194,Erik Schouten,Centre-Back,35,0.05
Eerste Divisie,2026,724,FC Volendam,738516,Mike Kleijn,Left-Back,21,0.3
Eerste Divisie,2026,724,FC Volendam,936006,Precious Ugwu,Right-Back,20,0.5
Eerste Divisie,2026,724,FC Volendam,790411,Déron Payne,Right-Back,23,0.35
Eerste Divisie,2026,724,FC Volendam,940095,Nordin Bukala,Defensive Midfield,21,0.6
Eerste Divisie,2026,724,FC Volendam,564448,Daan Huisman,Central Midfield,24,0.4
Eerste Divisie,2026,724,FC Volendam,443308,Reuven Niemeijer,Attacking Midfield,31,0.45
Eerste Divisie,2026,724,FC Volendam,892127,Kayden Wolff,Left Winger,20,0.4
Eerste Divisie,2026,724,FC Volendam,410719,Alex Plat,Left Winger,28,0.3
Eerste Divisie,2026,724,FC Volendam,936230,Serigne Deme,Left Winger,21,0.25
Eerste Divisie,2026,724,FC Volendam,288233,Nick Doodeman,Right Winger,29,0.6
Eerste Divisie,2026,724,FC Volendam,673173,Frederik Ihler,Centre-Forward,23,1.2
Eerste Divisie,2026,724,FC Volendam,271743,Henk Veerman,Centre-Forward,35,0.25
Eerste Divisie,2026,724,FC Volendam,1055233,Jesper Tielemans,Centre-Forward,20,0.05
Eerste Divisie,2026,1455,FC Dordrecht,485588,Calvin Raatsie,Goalkeeper,24,0.3
Eerste Divisie,2026,1455,FC Dordrecht,258362,Yanick van Osch,Goalkeeper,29,0.175
Eerste Divisie,2026,1455,FC Dordrecht,119061,Tim Coremans,Goalkeeper,35,0.1
Eerste Divisie,2026,1455,FC Dordrecht,675981,Stan Henderikx,Centre-Back,23,0.35
Eerste Divisie,2026,1455,FC Dordrecht,822116,Yannis M'Bemba,Centre-Back,25,0.225
Eerste Divisie,2026,1455,FC Dordrecht,682562,Björn Hardley,Centre-Back,23,0.15
Eerste Divisie,2026,1455,FC Dordrecht,221766,Lucas Woudenberg,Left-Back,32,0.2
Eerste Divisie,2026,1455,FC Dordrecht,967257,Beni Mpanzu,Left-Back,22,0.15
Eerste Divisie,2026,1455,FC Dordrecht,653510,Jurre van Aken,Right-Back,23,0.275
Eerste Divisie,2026,1455,FC Dordrecht,1006923,Adil Lechkar,Right-Back,25,0.15
Eerste Divisie,2026,1455,FC Dordrecht,954265,Lorenzo Riccio,Central Midfield,20,0.8
Eerste Divisie,2026,1455,FC Dordrecht,1307872,Seung-gyun Bae,Central Midfield,19,0.35
Eerste Divisie,2026,1455,FC Dordrecht,1364144,Senne Vugts,Central Midfield,19,0.2
Eerste Divisie,2026,1455,FC Dordrecht,1409493,Robin van Asten,Attacking Midfield,18,0.5
Eerste Divisie,2026,1455,FC Dordrecht,488297,Martin Vetkal,Attacking Midfield,22,0.275
Eerste Divisie,2026,1455,FC Dordrecht,562285,Nicolás Rossi,Left Winger,24,0.275
Eerste Divisie,2026,1455,FC Dordrecht,420187,Nick Venema,Right Winger,27,0.3
Eerste Divisie,2026,1455,FC Dordrecht,990202,Lucas Román,Right Winger,22,0.2
Eerste Divisie,2026,1455,FC Dordrecht,806955,Dario Sits,Centre-Forward,22,0.3
Eerste Divisie,2026,1455,FC Dordrecht,519444,Noah Bischof,Centre-Forward,23,0.3
Eerste Divisie,2026,1455,FC Dordrecht,1021309,Joey de Bie,Centre-Forward,22,0.2
Eerste Divisie,2026,9715,PSV Eindhoven U21,720805,Tijn Smolenaars,Goalkeeper,21,0.2
Eerste Divisie,2026,9715,PSV Eindhoven U21,1146761,Khadim Ngom,Goalkeeper,21,0.05
Eerste Divisie,2026,9715,PSV Eindhoven U21,1135623,Fabian Merién,Centre-Back,17,0.75
Eerste Divisie,2026,9715,PSV Eindhoven U21,942070,Wessel Kuhn,Centre-Back,20,0.5
Eerste Divisie,2026,9715,PSV Eindhoven U21,937113,Madi Monamay,Centre-Back,20,0.4
Eerste Divisie,2026,9715,PSV Eindhoven U21,1088684,Michael Bresser,Centre-Back,19,0.35
Eerste Divisie,2026,9715,PSV Eindhoven U21,987356,Lyfe Oldenstam,Right-Back,19,0.1
Eerste Divisie,2026,9715,PSV Eindhoven U21,962019,Sol Sidibé,Central Midfield,19,1.0
Eerste Divisie,2026,9715,PSV Eindhoven U21,987364,Jim Koller,Attacking Midfield,19,0.5
Eerste Divisie,2026,9715,PSV Eindhoven U21,1146474,Amir Bouhamdi,Left Winger,18,0.15
Eerste Divisie,2026,9715,PSV Eindhoven U21,896962,Fabio Kluit,Right Winger,20,0.25
Eerste Divisie,2026,9715,PSV Eindhoven U21,1026350,Manuel Bahaty,Right Winger,19,0.25
Eerste Divisie,2026,9715,PSV Eindhoven U21,1189915,Mikkel Bro Hansen,Centre-Forward,17,0.8
Eerste Divisie,2026,404,FC Den Bosch,601262,Pepijn van de Merbel,Goalkeeper,24,0.4
Eerste Divisie,2026,404,FC Den Bosch,1136720,Tjemme Bijlsma,Goalkeeper,19,0.075
Eerste Divisie,2026,404,FC Den Bosch,412930,Reda Akmum,Centre-Back,25,0.3
Eerste Divisie,2026,404,FC Den Bosch,577462,Stan Maas,Centre-Back,25,0.25
Eerste Divisie,2026,404,FC Den Bosch,351405,Jasper van Heertum,Centre-Back,28,0.05
Eerste Divisie,2026,404,FC Den Bosch,949911,Mees Laros,Left-Back,21,0.6
Eerste Divisie,2026,404,FC Den Bosch,562701,Sheddy Barglan,Right-Back,23,0.2
Eerste Divisie,2026,404,FC Den Bosch,102660,Jeffry Fortes,Right-Back,37,0.075
Eerste Divisie,2026,404,FC Den Bosch,433933,Kevin Felida,Defensive Midfield,26,0.4
Eerste Divisie,2026,404,FC Den Bosch,1155374,Bohao Wang,Defensive Midfield,21,0.175
Eerste Divisie,2026,404,FC Den Bosch,1223040,Devon De Corte,Attacking Midfield,20,0.4
Eerste Divisie,2026,404,FC Den Bosch,1031875,Ilias Boumassaoudi,Left Winger,21,0.45
Eerste Divisie,2026,404,FC Den Bosch,1009223,Genrich Sillé,Left Winger,24,0.175
Eerste Divisie,2026,404,FC Den Bosch,591199,Kévin Monzialo,Right Winger,26,0.9
Eerste Divisie,2026,404,FC Den Bosch,659781,Jack de Vries,Right Winger,24,0.25
Eerste Divisie,2026,404,FC Den Bosch,1117678,Emian-Johar Semedo,Right Winger,23,0.225
Eerste Divisie,2026,404,FC Den Bosch,669450,Sebastian Karlsson Grach,Centre-Forward,25,0.25
Eerste Divisie,2026,1426,VVV-Venlo,531712,Youri Schoonderwaldt,Goalkeeper,26,0.35
Eerste Divisie,2026,1426,VVV-Venlo,390814,Trevor Doornbusch,Goalkeeper,27,0.05
Eerste Divisie,2026,1426,VVV-Venlo,1124880,Andreas Verstraeten,Centre-Back,20,1.0
Eerste Divisie,2026,1426,VVV-Venlo,846062,Gabin Blancquart,Centre-Back,22,0.45
Eerste Divisie,2026,1426,VVV-Venlo,1087050,Tijn Joosten,Centre-Back,20,0.175
Eerste Divisie,2026,1426,VVV-Venlo,723581,Yousri el Anbri,Centre-Back,20,0.075
Eerste Divisie,2026,1426,VVV-Venlo,775042,Lars de Blok,Left-Back,22,0.35
Eerste Divisie,2026,1426,VVV-Venlo,112617,Philip Heise,Left-Back,35,0.15
Eerste Divisie,2026,1426,VVV-Venlo,499852,Michael Davis,Right-Back,24,0.2
Eerste Divisie,2026,1426,VVV-Venlo,443746,Luis Görlich,Right-Back,26,0.175
Eerste Divisie,2026,1426,VVV-Venlo,1135967,Tristan Schenkhuizen,Defensive Midfield,22,0.05
Eerste Divisie,2026,1426,VVV-Venlo,994653,Mohammed Odriss,Central Midfield,22,0.2
Eerste Divisie,2026,1426,VVV-Venlo,738490,Ismail Oulad M'Hand,Central Midfield,21,0.1
Eerste Divisie,2026,1426,VVV-Venlo,775050,Amir Rais,Attacking Midfield,22,0.4
Eerste Divisie,2026,1426,VVV-Venlo,841894,Nassim Ait Mouhou,Left Winger,22,0.275
Eerste Divisie,2026,1426,VVV-Venlo,944427,Edhy Zuliani,Right Winger,22,0.2
Eerste Divisie,2026,1426,VVV-Venlo,1468856,Thomas Janssen,Right Winger,18,0.05
Eerste Divisie,2026,1426,VVV-Venlo,1131116,Matheos Tsigkas,Centre-Forward,19,0.4
Eerste Divisie,2026,1426,VVV-Venlo,186228,Alex Schalk,Centre-Forward,34,0.175
Eerste Divisie,2026,1426,VVV-Venlo,528618,Gino Schmidt,Centre-Forward,25,0.175
Eerste Divisie,2026,1283,FC Emmen,703779,Sam Karssies,Goalkeeper,23,0.075
Eerste Divisie,2026,1283,FC Emmen,747635,Dirk Baron,Goalkeeper,24,0.025
Eerste Divisie,2026,1283,FC Emmen,691975,Joshua Mukeh,Centre-Back,23,0.3
Eerste Divisie,2026,1283,FC Emmen,802545,Christian Østergaard,Centre-Back,21,0.25
Eerste Divisie,2026,1283,FC Emmen,863414,Yanis Dede-Lhomme,Centre-Back,24,0.15
Eerste Divisie,2026,1283,FC Emmen,429929,Bryan van Hove,Left-Back,26,0.275
Eerste Divisie,2026,1283,FC Emmen,588744,Luca Everink,Right-Back,25,0.25
Eerste Divisie,2026,1283,FC Emmen,891853,David Voûte,Right-Back,20,0.1
Eerste Divisie,2026,1283,FC Emmen,596158,Casper Staring,Defensive Midfield,25,0.35
Eerste Divisie,2026,1283,FC Emmen,528654,Alessandro Hojabrpour,Defensive Midfield,26,0.2
Eerste Divisie,2026,1283,FC Emmen,264748,Rodney Kongolo,Central Midfield,28,0.35
Eerste Divisie,2026,1283,FC Emmen,522253,Torben Rhein,Central Midfield,23,0.3
Eerste Divisie,2026,1283,FC Emmen,800912,Adam Claridge,Central Midfield,20,0.3
Eerste Divisie,2026,1283,FC Emmen,522242,Luca Denk,Central Midfield,23,0.225
Eerste Divisie,2026,1283,FC Emmen,538921,Freddy Quispel,Attacking Midfield,25,0.225
Eerste Divisie,2026,1283,FC Emmen,688646,Mustafa Abdullatif,Left Winger,22,0.175
Eerste Divisie,2026,1283,FC Emmen,258511,Michael Breij,Right Winger,29,0.4
Eerste Divisie,2026,1283,FC Emmen,425478,Nelson Amadin,Right Winger,25,0.25
Eerste Divisie,2026,1283,FC Emmen,1045438,Safyan Touré,Right Winger,20,0.075
Eerste Divisie,2026,1283,FC Emmen,625002,Jack Cooper-Love,Centre-Forward,24,0.35
Eerste Divisie,2026,1283,FC Emmen,1224098,Chiel Sunder,Centre-Forward,17,0.15
Eerste Divisie,2026,1283,FC Emmen,1176188,Stan van Manen,Centre-Forward,19,0.1
Eerste Divisie,2026,500,Helmond Sport,481804,Menno Bergsen,Goalkeeper,27,0.25
Eerste Divisie,2026,500,Helmond Sport,456335,Flor Van den Eynden,Centre-Back,26,0.325
Eerste Divisie,2026,500,Helmond Sport,251975,Brian Koglin,Centre-Back,29,0.3
Eerste Divisie,2026,500,Helmond Sport,991751,Lovro Golic,Centre-Back,20,0.3
Eerste Divisie,2026,500,Helmond Sport,480457,Thomas Poll,Left-Back,25,0.3
Eerste Divisie,2026,500,Helmond Sport,646705,Sem Dekkers,Right-Back,22,0.25
Eerste Divisie,2026,500,Helmond Sport,961483,Diego van Zutphen,Right-Back,21,0.125
Eerste Divisie,2026,500,Helmond Sport,945685,Alen Dizdarevic,Defensive Midfield,22,0.35
Eerste Divisie,2026,500,Helmond Sport,205276,Pol Llonch,Defensive Midfield,33,0.125
Eerste Divisie,2026,500,Helmond Sport,530258,Dean Huiberts,Central Midfield,26,0.225
Eerste Divisie,2026,500,Helmond Sport,1290009,Dayen Geerts,Central Midfield,19,0.15
Eerste Divisie,2026,500,Helmond Sport,700145,Michel Ludwig,Central Midfield,22,0.125
Eerste Divisie,2026,500,Helmond Sport,1036574,Helgi Fródi Ingason,Attacking Midfield,20,0.25
Eerste Divisie,2026,500,Helmond Sport,636170,Joep van der Sluijs,Attacking Midfield,24,0.225
Eerste Divisie,2026,500,Helmond Sport,995875,Tarik Essakkati,Left Winger,20,0.3
Eerste Divisie,2026,500,Helmond Sport,819306,Labinot Bajrami,Centre-Forward,21,0.45
Eerste Divisie,2026,500,Helmond Sport,1382710,Mauro Lenaerts,Centre-Forward,19,0.4
Eerste Divisie,2026,500,Helmond Sport,1036084,Julian Geerts,Centre-Forward,20,0.125
Eerste Divisie,2026,384,MVV Maastricht,548934,Hugo Wentges,Goalkeeper,24,0.1
Eerste Divisie,2026,384,MVV Maastricht,742719,Sep van der Heijden,Goalkeeper,22,0.025
Eerste Divisie,2026,384,MVV Maastricht,567544,Wout Coomans,Centre-Back,24,0.35
Eerste Divisie,2026,384,MVV Maastricht,848483,Finn Dicke,Centre-Back,22,0.3
Eerste Divisie,2026,384,MVV Maastricht,848755,Sven Bouland,Centre-Back,20,0.15
Eerste Divisie,2026,384,MVV Maastricht,786426,Dylan Timber,Centre-Back,26,0.1
Eerste Divisie,2026,384,MVV Maastricht,844506,Lars Schenk,Left-Back,24,0.25
Eerste Divisie,2026,384,MVV Maastricht,995321,Djairo Tehubijuluw,Left-Back,21,0.125
Eerste Divisie,2026,384,MVV Maastricht,931021,Sil van der Wegen,Right-Back,21,0.325
Eerste Divisie,2026,384,MVV Maastricht,1072729,Milan Hofland,Right-Back,21,0.1
Eerste Divisie,2026,384,MVV Maastricht,187288,Robert Klaasen,Defensive Midfield,33,0.25
Eerste Divisie,2026,384,MVV Maastricht,480265,Stan Van Dessel,Central Midfield,25,0.45
Eerste Divisie,2026,384,MVV Maastricht,502452,Olivier Dumont,Attacking Midfield,24,0.35
Eerste Divisie,2026,384,MVV Maastricht,566933,Naïm Matoug,Attacking Midfield,23,0.225
Eerste Divisie,2026,384,MVV Maastricht,1287116,Amine Amgar,Attacking Midfield,17,0.075
Eerste Divisie,2026,384,MVV Maastricht,292805,Lennerd Daneels,Left Winger,28,0.325
Eerste Divisie,2026,384,MVV Maastricht,675979,Thijme Verheijen,Left Winger,23,0.2
Eerste Divisie,2026,384,MVV Maastricht,1287822,Mats Kuipers,Left Winger,20,0.15
Eerste Divisie,2026,384,MVV Maastricht,662222,Delano Asante,Right Winger,26,0.225
Eerste Divisie,2026,384,MVV Maastricht,864124,Onesime Zimuangana,Right Winger,20,0.125
Eerste Divisie,2026,384,MVV Maastricht,801755,Toni Vinogradac,Centre-Forward,25,0.2
Eerste Divisie,2026,17596,FC Utrecht U21,1041648,Ferdinand Pohl,Centre-Back,19,0.8
Eerste Divisie,2026,17596,FC Utrecht U21,931018,Wessel Kooy,Centre-Back,21,0.35
Eerste Divisie,2026,17596,FC Utrecht U21,937571,Per Kloosterboer,Centre-Back,21,0.275
Eerste Divisie,2026,17596,FC Utrecht U21,1132706,Viggo Plantinga,Left-Back,19,0.3
Eerste Divisie,2026,17596,FC Utrecht U21,576096,Yousri Sbai,Right-Back,22,0.25
Eerste Divisie,2026,17596,FC Utrecht U21,1111077,Jaygo van Ommeren,Defensive Midfield,18,0.5
Eerste Divisie,2026,17596,FC Utrecht U21,938687,Massien Ghaddari,Defensive Midfield,21,0.275
Eerste Divisie,2026,17596,FC Utrecht U21,806305,Noa Dundas,Central Midfield,22,0.3
Eerste Divisie,2026,17596,FC Utrecht U21,952357,Jessey Sneijder,Attacking Midfield,20,0.1
Eerste Divisie,2026,17596,FC Utrecht U21,1182916,Björn Menzo,Right Winger,19,0.25
Eerste Divisie,2026,17596,FC Utrecht U21,764863,Richie Omorowa,Centre-Forward,22,0.375
Eerste Divisie,2026,17596,FC Utrecht U21,885969,Tijn den Boggende,Centre-Forward,20,0.25
Eerste Divisie,2026,1228,TOP Oss,206743,Mike Havekotte,Goalkeeper,31,0.3
Eerste Divisie,2026,1228,TOP Oss,690624,Sven Jansen,Goalkeeper,21,0.05
Eerste Divisie,2026,1228,TOP Oss,591878,Devin Remie,Goalkeeper,23,0.025
Eerste Divisie,2026,1228,TOP Oss,497252,Leonel Miguel,Centre-Back,25,0.25
Eerste Divisie,2026,1228,TOP Oss,566091,Thomas Cox,Centre-Back,24,0.2
Eerste Divisie,2026,1228,TOP Oss,660059,Maxim Mariani,Centre-Back,21,0.175
Eerste Divisie,2026,1228,TOP Oss,775986,Julian Kuijpers,Left-Back,22,0.3
Eerste Divisie,2026,1228,TOP Oss,502132,Ilounga Pata,Right-Back,25,0.2
Eerste Divisie,2026,1228,TOP Oss,621732,Delano Vianello,Defensive Midfield,24,0.35
Eerste Divisie,2026,1228,TOP Oss,706896,Marcelencio Esajas,Central Midfield,24,0.35
Eerste Divisie,2026,1228,TOP Oss,824000,Lars Mol,Central Midfield,22,0.25
Eerste Divisie,2026,1228,TOP Oss,376675,Richard van der Venne,Attacking Midfield,34,0.15
Eerste Divisie,2026,1228,TOP Oss,247595,Justin Mathieu,Attacking Midfield,30,0.1
Eerste Divisie,2026,1228,TOP Oss,899740,Mauresmo Hinoke,Left Winger,21,0.4
Eerste Divisie,2026,1228,TOP Oss,992174,Mert Erkan,Right Winger,21,0.225
Eerste Divisie,2026,1228,TOP Oss,594230,Maurilio de Lannoy,Right Winger,22,0.225
Eerste Divisie,2026,1228,TOP Oss,802747,Siriné Doucouré,Centre-Forward,24,0.25
Eerste Divisie,2026,1228,TOP Oss,1096365,Andy Visser,Centre-Forward,21,0.175
Eerste Divisie,2026,3892,FC Eindhoven,736097,Jort Borgmans,Goalkeeper,23,0.3
Eerste Divisie,2026,3892,FC Eindhoven,1019546,Nino Fancito,Goalkeeper,21,0.025
Eerste Divisie,2026,3892,FC Eindhoven,1088339,Owen Renfrum,Centre-Back,19,0.325
Eerste Divisie,2026,3892,FC Eindhoven,747019,Luc Netten,Centre-Back,22,0.05
Eerste Divisie,2026,3892,FC Eindhoven,785501,Raf van de Riet,Left-Back,20,0.3
Eerste Divisie,2026,3892,FC Eindhoven,387201,Clint Essers,Right-Back,29,0.25
Eerste Divisie,2026,3892,FC Eindhoven,496873,Xander Blomme,Defensive Midfield,24,0.3
Eerste Divisie,2026,3892,FC Eindhoven,1009483,Antonio Bazdaric,Defensive Midfield,20,0.175
Eerste Divisie,2026,3892,FC Eindhoven,612810,Guus Beaumont,Defensive Midfield,24,0.125
Eerste Divisie,2026,3892,FC Eindhoven,1111570,Zakaria Haddaoui,Attacking Midfield,20,0.125
Eerste Divisie,2026,3892,FC Eindhoven,667272,Niek Munsters,Attacking Midfield,24,0.1
Eerste Divisie,2026,3892,FC Eindhoven,1228735,Tyrese Simons,Left Winger,23,0.325
Eerste Divisie,2026,3892,FC Eindhoven,1143493,Rayan Buifrahi,Left Winger,21,0.25
Eerste Divisie,2026,3892,FC Eindhoven,957307,Hugo Deenen,Left Winger,22,0.25
Eerste Divisie,2026,3892,FC Eindhoven,1042888,Lasse Abildgaard,Right Winger,19,0.125
Eerste Divisie,2026,3892,FC Eindhoven,1141074,Siegert Baartmans,Centre-Forward,20,0.2
Eerste Divisie,2026,3892,FC Eindhoven,159894,Kevin van Veen,Centre-Forward,35,0.1
Eerste Divisie,2026,3892,FC Eindhoven,740431,Amir Bryson,Centre-Forward,21,0.1
